ISO-10303-21;
HEADER;
/* Generated by software containing ST-Developer
 * from STEP Tools, Inc. (www.steptools.com) 
 */

FILE_DESCRIPTION(
/* description */ ('KiCad electronic assembly'),
/* implementation_level */ '2;1');

FILE_NAME(
/* name */ 'My-Hackpad.step',
/* time_stamp */ '2026-09-03T15:55:16-04:00',
/* author */ (''),
/* organization */ (''),
/* preprocessor_version */ 'ST-DEVELOPER v20.1',
/* originating_system */ 'Autodesk Translation Framework v15.8.0.0',
/* authorisation */ '');

FILE_SCHEMA (('AUTOMOTIVE_DESIGN { 1 0 10303 214 3 1 1 }'));
ENDSEC;

DATA;
#10=MECHANICAL_DESIGN_GEOMETRIC_PRESENTATION_REPRESENTATION('',(#23,#24,
#25,#26),#11081);
#11=ITEM_DEFINED_TRANSFORMATION($,$,#6509,#7241);
#12=(
REPRESENTATION_RELATIONSHIP($,$,#11092,#11091)
REPRESENTATION_RELATIONSHIP_WITH_TRANSFORMATION(#11)
SHAPE_REPRESENTATION_RELATIONSHIP()
);
#13=CONTEXT_DEPENDENT_SHAPE_REPRESENTATION(#12,#11090);
#14=NEXT_ASSEMBLY_USAGE_OCCURRENCE('My-D336_PCB:1','My-D336_PCB:1',
'My-D336_PCB:1',#11094,#11095,'My-D336_PCB:1');
#15=TOROIDAL_SURFACE('',#7101,2.75,1.25);
#16=TOROIDAL_SURFACE('',#7107,2.74999999999999,1.25);
#17=TOROIDAL_SURFACE('',#7114,2.75,1.25);
#18=TOROIDAL_SURFACE('',#7120,2.75,1.25);
#19=SHAPE_REPRESENTATION_RELATIONSHIP('SRR','None',#11092,#21);
#20=SHAPE_REPRESENTATION_RELATIONSHIP('SRR','None',#11091,#22);
#21=ADVANCED_BREP_SHAPE_REPRESENTATION('',(#27),#11080);
#22=ADVANCED_BREP_SHAPE_REPRESENTATION('',(#28,#29,#30),#11079);
#23=STYLED_ITEM('',(#11108),#27);
#24=STYLED_ITEM('',(#11106),#28);
#25=STYLED_ITEM('',(#11106),#29);
#26=STYLED_ITEM('',(#11107),#30);
#27=MANIFOLD_SOLID_BREP('Body1',#6492);
#28=MANIFOLD_SOLID_BREP('Bottom',#6493);
#29=MANIFOLD_SOLID_BREP('Top',#6494);
#30=MANIFOLD_SOLID_BREP('Light Diffuser',#6495);
#31=CYLINDRICAL_SURFACE('',#6826,0.4);
#32=CYLINDRICAL_SURFACE('',#6827,0.4);
#33=CYLINDRICAL_SURFACE('',#6828,0.4);
#34=CYLINDRICAL_SURFACE('',#6829,0.4);
#35=CYLINDRICAL_SURFACE('',#6830,0.4);
#36=CYLINDRICAL_SURFACE('',#6831,0.4);
#37=CYLINDRICAL_SURFACE('',#6832,0.4);
#38=CYLINDRICAL_SURFACE('',#6833,0.4);
#39=CYLINDRICAL_SURFACE('',#6834,0.4);
#40=CYLINDRICAL_SURFACE('',#6835,0.4);
#41=CYLINDRICAL_SURFACE('',#6836,0.4);
#42=CYLINDRICAL_SURFACE('',#6837,0.4);
#43=CYLINDRICAL_SURFACE('',#6838,0.499999422661);
#44=CYLINDRICAL_SURFACE('',#6839,0.499989884977);
#45=CYLINDRICAL_SURFACE('',#6840,0.500008729288);
#46=CYLINDRICAL_SURFACE('',#6843,0.499989885034);
#47=CYLINDRICAL_SURFACE('',#6844,0.500008729288);
#48=CYLINDRICAL_SURFACE('',#6845,0.499999448976);
#49=CYLINDRICAL_SURFACE('',#6846,0.499999729127);
#50=CYLINDRICAL_SURFACE('',#6847,0.500008729226);
#51=CYLINDRICAL_SURFACE('',#6848,0.499989885034);
#52=CYLINDRICAL_SURFACE('',#6851,0.500008729288);
#53=CYLINDRICAL_SURFACE('',#6852,0.499989884978);
#54=CYLINDRICAL_SURFACE('',#6853,0.500000669307);
#55=CYLINDRICAL_SURFACE('',#6854,0.4);
#56=CYLINDRICAL_SURFACE('',#6855,0.499999422661);
#57=CYLINDRICAL_SURFACE('',#6856,0.499989885034);
#58=CYLINDRICAL_SURFACE('',#6857,0.500008729288);
#59=CYLINDRICAL_SURFACE('',#6860,0.499989885034);
#60=CYLINDRICAL_SURFACE('',#6861,0.500008729288);
#61=CYLINDRICAL_SURFACE('',#6862,0.499999448976);
#62=CYLINDRICAL_SURFACE('',#6863,0.499999729127);
#63=CYLINDRICAL_SURFACE('',#6864,0.500008729226);
#64=CYLINDRICAL_SURFACE('',#6865,0.499989885034);
#65=CYLINDRICAL_SURFACE('',#6868,0.500008729288);
#66=CYLINDRICAL_SURFACE('',#6869,0.499989884978);
#67=CYLINDRICAL_SURFACE('',#6870,0.500000669307);
#68=CYLINDRICAL_SURFACE('',#6871,0.4);
#69=CYLINDRICAL_SURFACE('',#6872,0.85);
#70=CYLINDRICAL_SURFACE('',#6873,0.75);
#71=CYLINDRICAL_SURFACE('',#6874,2.);
#72=CYLINDRICAL_SURFACE('',#6875,0.75);
#73=CYLINDRICAL_SURFACE('',#6876,0.499999729127);
#74=CYLINDRICAL_SURFACE('',#6877,0.50002311711);
#75=CYLINDRICAL_SURFACE('',#6878,0.499989885034);
#76=CYLINDRICAL_SURFACE('',#6881,0.500008729288);
#77=CYLINDRICAL_SURFACE('',#6882,0.499989885034);
#78=CYLINDRICAL_SURFACE('',#6883,0.499999422661);
#79=CYLINDRICAL_SURFACE('',#6884,0.499999092786);
#80=CYLINDRICAL_SURFACE('',#6885,0.499989885034);
#81=CYLINDRICAL_SURFACE('',#6886,0.500040834725);
#82=CYLINDRICAL_SURFACE('',#6889,0.49998122973);
#83=CYLINDRICAL_SURFACE('',#6890,0.500008729226);
#84=CYLINDRICAL_SURFACE('',#6891,0.499999755443);
#85=CYLINDRICAL_SURFACE('',#6892,0.499999422661);
#86=CYLINDRICAL_SURFACE('',#6893,0.499989884977);
#87=CYLINDRICAL_SURFACE('',#6894,0.500008729288);
#88=CYLINDRICAL_SURFACE('',#6897,0.499989885034);
#89=CYLINDRICAL_SURFACE('',#6898,0.500008729288);
#90=CYLINDRICAL_SURFACE('',#6899,0.499999448976);
#91=CYLINDRICAL_SURFACE('',#6900,0.499999729127);
#92=CYLINDRICAL_SURFACE('',#6901,0.500008729226);
#93=CYLINDRICAL_SURFACE('',#6902,0.499989885034);
#94=CYLINDRICAL_SURFACE('',#6905,0.500008729288);
#95=CYLINDRICAL_SURFACE('',#6906,0.499989884978);
#96=CYLINDRICAL_SURFACE('',#6907,0.500000669307);
#97=CYLINDRICAL_SURFACE('',#6908,0.499999729127);
#98=CYLINDRICAL_SURFACE('',#6909,0.50002311711);
#99=CYLINDRICAL_SURFACE('',#6910,0.499989885034);
#100=CYLINDRICAL_SURFACE('',#6913,0.500008729288);
#101=CYLINDRICAL_SURFACE('',#6914,0.499989885034);
#102=CYLINDRICAL_SURFACE('',#6915,0.499999422661);
#103=CYLINDRICAL_SURFACE('',#6916,0.499999092786);
#104=CYLINDRICAL_SURFACE('',#6917,0.499989885034);
#105=CYLINDRICAL_SURFACE('',#6918,0.500040834725);
#106=CYLINDRICAL_SURFACE('',#6921,0.49998122973);
#107=CYLINDRICAL_SURFACE('',#6922,0.500008729226);
#108=CYLINDRICAL_SURFACE('',#6923,0.499999755443);
#109=CYLINDRICAL_SURFACE('',#6924,0.499999422661);
#110=CYLINDRICAL_SURFACE('',#6925,0.499989884977);
#111=CYLINDRICAL_SURFACE('',#6926,0.500008729288);
#112=CYLINDRICAL_SURFACE('',#6929,0.499989885034);
#113=CYLINDRICAL_SURFACE('',#6930,0.500008729288);
#114=CYLINDRICAL_SURFACE('',#6931,0.499999448976);
#115=CYLINDRICAL_SURFACE('',#6932,0.499999729127);
#116=CYLINDRICAL_SURFACE('',#6933,0.500008729226);
#117=CYLINDRICAL_SURFACE('',#6934,0.499989885034);
#118=CYLINDRICAL_SURFACE('',#6937,0.500008729288);
#119=CYLINDRICAL_SURFACE('',#6938,0.499989884978);
#120=CYLINDRICAL_SURFACE('',#6939,0.500000669307);
#121=CYLINDRICAL_SURFACE('',#6940,0.499999729127);
#122=CYLINDRICAL_SURFACE('',#6941,0.50002311711);
#123=CYLINDRICAL_SURFACE('',#6942,0.499989885034);
#124=CYLINDRICAL_SURFACE('',#6945,0.500008729288);
#125=CYLINDRICAL_SURFACE('',#6946,0.499989885034);
#126=CYLINDRICAL_SURFACE('',#6947,0.499999422661);
#127=CYLINDRICAL_SURFACE('',#6948,0.500000669307);
#128=CYLINDRICAL_SURFACE('',#6949,0.499989885034);
#129=CYLINDRICAL_SURFACE('',#6950,0.500008729288);
#130=CYLINDRICAL_SURFACE('',#6953,0.49998122973);
#131=CYLINDRICAL_SURFACE('',#6954,0.500008729226);
#132=CYLINDRICAL_SURFACE('',#6955,0.499999755443);
#133=CYLINDRICAL_SURFACE('',#6956,0.85);
#134=CYLINDRICAL_SURFACE('',#6957,0.85);
#135=CYLINDRICAL_SURFACE('',#6958,2.);
#136=CYLINDRICAL_SURFACE('',#6959,0.75);
#137=CYLINDRICAL_SURFACE('',#6960,0.85);
#138=CYLINDRICAL_SURFACE('',#6961,0.75);
#139=CYLINDRICAL_SURFACE('',#6962,0.85);
#140=CYLINDRICAL_SURFACE('',#6963,0.75);
#141=CYLINDRICAL_SURFACE('',#6964,2.);
#142=CYLINDRICAL_SURFACE('',#6965,0.85);
#143=CYLINDRICAL_SURFACE('',#6966,0.75);
#144=CYLINDRICAL_SURFACE('',#6967,0.5);
#145=CYLINDRICAL_SURFACE('',#6968,0.5);
#146=CYLINDRICAL_SURFACE('',#6969,0.5);
#147=CYLINDRICAL_SURFACE('',#6970,0.5);
#148=CYLINDRICAL_SURFACE('',#6971,0.85);
#149=CYLINDRICAL_SURFACE('',#6972,2.);
#150=CYLINDRICAL_SURFACE('',#6973,0.75);
#151=CYLINDRICAL_SURFACE('',#6974,0.75);
#152=CYLINDRICAL_SURFACE('',#6975,0.5);
#153=CYLINDRICAL_SURFACE('',#6976,0.5);
#154=CYLINDRICAL_SURFACE('',#6977,0.5);
#155=CYLINDRICAL_SURFACE('',#6978,0.5);
#156=CYLINDRICAL_SURFACE('',#6979,0.5);
#157=CYLINDRICAL_SURFACE('',#6980,0.5);
#158=CYLINDRICAL_SURFACE('',#6981,0.5);
#159=CYLINDRICAL_SURFACE('',#6982,0.5);
#160=CYLINDRICAL_SURFACE('',#6983,0.5);
#161=CYLINDRICAL_SURFACE('',#6984,0.5);
#162=CYLINDRICAL_SURFACE('',#6985,0.5);
#163=CYLINDRICAL_SURFACE('',#6986,0.5);
#164=CYLINDRICAL_SURFACE('',#6987,0.5);
#165=CYLINDRICAL_SURFACE('',#6988,0.5);
#166=CYLINDRICAL_SURFACE('',#6989,0.85);
#167=CYLINDRICAL_SURFACE('',#6990,0.85);
#168=CYLINDRICAL_SURFACE('',#6991,2.);
#169=CYLINDRICAL_SURFACE('',#6992,0.85);
#170=CYLINDRICAL_SURFACE('',#6993,0.75);
#171=CYLINDRICAL_SURFACE('',#6994,0.75);
#172=CYLINDRICAL_SURFACE('',#6995,0.85);
#173=CYLINDRICAL_SURFACE('',#6996,2.);
#174=CYLINDRICAL_SURFACE('',#6997,0.85);
#175=CYLINDRICAL_SURFACE('',#6998,0.75);
#176=CYLINDRICAL_SURFACE('',#6999,0.75);
#177=CYLINDRICAL_SURFACE('',#7000,0.5);
#178=CYLINDRICAL_SURFACE('',#7001,0.75);
#179=CYLINDRICAL_SURFACE('',#7003,0.75);
#180=CYLINDRICAL_SURFACE('',#7005,0.5);
#181=CYLINDRICAL_SURFACE('',#7006,0.5);
#182=CYLINDRICAL_SURFACE('',#7007,0.5);
#183=CYLINDRICAL_SURFACE('',#7008,0.5);
#184=CYLINDRICAL_SURFACE('',#7009,0.75);
#185=CYLINDRICAL_SURFACE('',#7011,0.75);
#186=CYLINDRICAL_SURFACE('',#7018,4.);
#187=CYLINDRICAL_SURFACE('',#7030,4.);
#188=CYLINDRICAL_SURFACE('',#7032,4.);
#189=CYLINDRICAL_SURFACE('',#7035,4.);
#190=CYLINDRICAL_SURFACE('',#7041,1.45);
#191=CYLINDRICAL_SURFACE('',#7043,1.45);
#192=CYLINDRICAL_SURFACE('',#7045,1.45);
#193=CYLINDRICAL_SURFACE('',#7047,1.45);
#194=CYLINDRICAL_SURFACE('',#7105,4.);
#195=CYLINDRICAL_SURFACE('',#7111,4.);
#196=CYLINDRICAL_SURFACE('',#7113,1.25);
#197=CYLINDRICAL_SURFACE('',#7118,4.);
#198=CYLINDRICAL_SURFACE('',#7124,4.);
#199=CYLINDRICAL_SURFACE('',#7126,1.25);
#200=CYLINDRICAL_SURFACE('',#7127,1.25);
#201=CYLINDRICAL_SURFACE('',#7128,1.25);
#202=CYLINDRICAL_SURFACE('',#7165,0.499999999999998);
#203=CYLINDRICAL_SURFACE('',#7167,0.500000000000003);
#204=CYLINDRICAL_SURFACE('',#7169,0.499999999999998);
#205=CYLINDRICAL_SURFACE('',#7171,0.499999999999998);
#206=CYLINDRICAL_SURFACE('',#7173,0.500000000000007);
#207=CYLINDRICAL_SURFACE('',#7175,0.500000000000003);
#208=CYLINDRICAL_SURFACE('',#7177,0.499999999999998);
#209=CYLINDRICAL_SURFACE('',#7179,0.499999999999998);
#210=CYLINDRICAL_SURFACE('',#7180,1.45);
#211=CYLINDRICAL_SURFACE('',#7183,1.45);
#212=CYLINDRICAL_SURFACE('',#7184,1.45);
#213=CYLINDRICAL_SURFACE('',#7186,0.499999999999998);
#214=CYLINDRICAL_SURFACE('',#7188,0.499999999999989);
#215=CYLINDRICAL_SURFACE('',#7190,0.499999999999998);
#216=CYLINDRICAL_SURFACE('',#7192,0.500000000000007);
#217=CYLINDRICAL_SURFACE('',#7194,0.499999999999998);
#218=CYLINDRICAL_SURFACE('',#7196,0.499999999999998);
#219=CYLINDRICAL_SURFACE('',#7198,0.499999999999998);
#220=CYLINDRICAL_SURFACE('',#7200,0.499999999999998);
#221=CYLINDRICAL_SURFACE('',#7202,0.499999999999998);
#222=CYLINDRICAL_SURFACE('',#7204,0.500000000000005);
#223=CYLINDRICAL_SURFACE('',#7206,0.500000000000007);
#224=CYLINDRICAL_SURFACE('',#7208,0.499999999999998);
#225=CYLINDRICAL_SURFACE('',#7212,0.499999999999998);
#226=CYLINDRICAL_SURFACE('',#7214,0.499999999999998);
#227=CYLINDRICAL_SURFACE('',#7216,0.500000000000003);
#228=CYLINDRICAL_SURFACE('',#7218,0.499999999999998);
#229=CYLINDRICAL_SURFACE('',#7220,0.500000000000007);
#230=CYLINDRICAL_SURFACE('',#7222,0.499999999999998);
#231=CYLINDRICAL_SURFACE('',#7224,0.499999999999998);
#232=CYLINDRICAL_SURFACE('',#7226,0.499999999999998);
#233=CYLINDRICAL_SURFACE('',#7227,1.45);
#234=FACE_BOUND('',#1158,.T.);
#235=FACE_BOUND('',#1159,.T.);
#236=FACE_BOUND('',#1160,.T.);
#237=FACE_BOUND('',#1161,.T.);
#238=FACE_BOUND('',#1162,.T.);
#239=FACE_BOUND('',#1163,.T.);
#240=FACE_BOUND('',#1164,.T.);
#241=FACE_BOUND('',#1165,.T.);
#242=FACE_BOUND('',#1166,.T.);
#243=FACE_BOUND('',#1167,.T.);
#244=FACE_BOUND('',#1168,.T.);
#245=FACE_BOUND('',#1169,.T.);
#246=FACE_BOUND('',#1170,.T.);
#247=FACE_BOUND('',#1171,.T.);
#248=FACE_BOUND('',#1172,.T.);
#249=FACE_BOUND('',#1173,.T.);
#250=FACE_BOUND('',#1174,.T.);
#251=FACE_BOUND('',#1175,.T.);
#252=FACE_BOUND('',#1176,.T.);
#253=FACE_BOUND('',#1177,.T.);
#254=FACE_BOUND('',#1178,.T.);
#255=FACE_BOUND('',#1179,.T.);
#256=FACE_BOUND('',#1180,.T.);
#257=FACE_BOUND('',#1181,.T.);
#258=FACE_BOUND('',#1182,.T.);
#259=FACE_BOUND('',#1183,.T.);
#260=FACE_BOUND('',#1184,.T.);
#261=FACE_BOUND('',#1185,.T.);
#262=FACE_BOUND('',#1186,.T.);
#263=FACE_BOUND('',#1187,.T.);
#264=FACE_BOUND('',#1188,.T.);
#265=FACE_BOUND('',#1189,.T.);
#266=FACE_BOUND('',#1190,.T.);
#267=FACE_BOUND('',#1191,.T.);
#268=FACE_BOUND('',#1192,.T.);
#269=FACE_BOUND('',#1193,.T.);
#270=FACE_BOUND('',#1194,.T.);
#271=FACE_BOUND('',#1195,.T.);
#272=FACE_BOUND('',#1196,.T.);
#273=FACE_BOUND('',#1197,.T.);
#274=FACE_BOUND('',#1198,.T.);
#275=FACE_BOUND('',#1199,.T.);
#276=FACE_BOUND('',#1200,.T.);
#277=FACE_BOUND('',#1201,.T.);
#278=FACE_BOUND('',#1202,.T.);
#279=FACE_BOUND('',#1203,.T.);
#280=FACE_BOUND('',#1204,.T.);
#281=FACE_BOUND('',#1205,.T.);
#282=FACE_BOUND('',#1206,.T.);
#283=FACE_BOUND('',#1207,.T.);
#284=FACE_BOUND('',#1208,.T.);
#285=FACE_BOUND('',#1209,.T.);
#286=FACE_BOUND('',#1210,.T.);
#287=FACE_BOUND('',#1211,.T.);
#288=FACE_BOUND('',#1212,.T.);
#289=FACE_BOUND('',#1213,.T.);
#290=FACE_BOUND('',#1214,.T.);
#291=FACE_BOUND('',#1215,.T.);
#292=FACE_BOUND('',#1216,.T.);
#293=FACE_BOUND('',#1217,.T.);
#294=FACE_BOUND('',#1218,.T.);
#295=FACE_BOUND('',#1219,.T.);
#296=FACE_BOUND('',#1220,.T.);
#297=FACE_BOUND('',#1221,.T.);
#298=FACE_BOUND('',#1222,.T.);
#299=FACE_BOUND('',#1223,.T.);
#300=FACE_BOUND('',#1224,.T.);
#301=FACE_BOUND('',#1225,.T.);
#302=FACE_BOUND('',#1226,.T.);
#303=FACE_BOUND('',#1227,.T.);
#304=FACE_BOUND('',#1228,.T.);
#305=FACE_BOUND('',#1229,.T.);
#306=FACE_BOUND('',#1230,.T.);
#307=FACE_BOUND('',#1231,.T.);
#308=FACE_BOUND('',#1232,.T.);
#309=FACE_BOUND('',#1233,.T.);
#310=FACE_BOUND('',#1235,.T.);
#311=FACE_BOUND('',#1236,.T.);
#312=FACE_BOUND('',#1237,.T.);
#313=FACE_BOUND('',#1238,.T.);
#314=FACE_BOUND('',#1239,.T.);
#315=FACE_BOUND('',#1240,.T.);
#316=FACE_BOUND('',#1241,.T.);
#317=FACE_BOUND('',#1242,.T.);
#318=FACE_BOUND('',#1243,.T.);
#319=FACE_BOUND('',#1244,.T.);
#320=FACE_BOUND('',#1245,.T.);
#321=FACE_BOUND('',#1246,.T.);
#322=FACE_BOUND('',#1247,.T.);
#323=FACE_BOUND('',#1248,.T.);
#324=FACE_BOUND('',#1249,.T.);
#325=FACE_BOUND('',#1250,.T.);
#326=FACE_BOUND('',#1251,.T.);
#327=FACE_BOUND('',#1252,.T.);
#328=FACE_BOUND('',#1253,.T.);
#329=FACE_BOUND('',#1254,.T.);
#330=FACE_BOUND('',#1255,.T.);
#331=FACE_BOUND('',#1256,.T.);
#332=FACE_BOUND('',#1257,.T.);
#333=FACE_BOUND('',#1258,.T.);
#334=FACE_BOUND('',#1259,.T.);
#335=FACE_BOUND('',#1260,.T.);
#336=FACE_BOUND('',#1261,.T.);
#337=FACE_BOUND('',#1262,.T.);
#338=FACE_BOUND('',#1263,.T.);
#339=FACE_BOUND('',#1264,.T.);
#340=FACE_BOUND('',#1265,.T.);
#341=FACE_BOUND('',#1266,.T.);
#342=FACE_BOUND('',#1267,.T.);
#343=FACE_BOUND('',#1268,.T.);
#344=FACE_BOUND('',#1269,.T.);
#345=FACE_BOUND('',#1270,.T.);
#346=FACE_BOUND('',#1271,.T.);
#347=FACE_BOUND('',#1272,.T.);
#348=FACE_BOUND('',#1273,.T.);
#349=FACE_BOUND('',#1274,.T.);
#350=FACE_BOUND('',#1275,.T.);
#351=FACE_BOUND('',#1276,.T.);
#352=FACE_BOUND('',#1277,.T.);
#353=FACE_BOUND('',#1278,.T.);
#354=FACE_BOUND('',#1279,.T.);
#355=FACE_BOUND('',#1280,.T.);
#356=FACE_BOUND('',#1281,.T.);
#357=FACE_BOUND('',#1282,.T.);
#358=FACE_BOUND('',#1283,.T.);
#359=FACE_BOUND('',#1284,.T.);
#360=FACE_BOUND('',#1285,.T.);
#361=FACE_BOUND('',#1286,.T.);
#362=FACE_BOUND('',#1287,.T.);
#363=FACE_BOUND('',#1288,.T.);
#364=FACE_BOUND('',#1289,.T.);
#365=FACE_BOUND('',#1290,.T.);
#366=FACE_BOUND('',#1291,.T.);
#367=FACE_BOUND('',#1292,.T.);
#368=FACE_BOUND('',#1293,.T.);
#369=FACE_BOUND('',#1294,.T.);
#370=FACE_BOUND('',#1295,.T.);
#371=FACE_BOUND('',#1296,.T.);
#372=FACE_BOUND('',#1297,.T.);
#373=FACE_BOUND('',#1298,.T.);
#374=FACE_BOUND('',#1299,.T.);
#375=FACE_BOUND('',#1300,.T.);
#376=FACE_BOUND('',#1301,.T.);
#377=FACE_BOUND('',#1302,.T.);
#378=FACE_BOUND('',#1303,.T.);
#379=FACE_BOUND('',#1304,.T.);
#380=FACE_BOUND('',#1305,.T.);
#381=FACE_BOUND('',#1306,.T.);
#382=FACE_BOUND('',#1307,.T.);
#383=FACE_BOUND('',#1308,.T.);
#384=FACE_BOUND('',#1309,.T.);
#385=FACE_BOUND('',#1310,.T.);
#386=FACE_BOUND('',#1506,.T.);
#387=FACE_BOUND('',#1507,.T.);
#388=FACE_BOUND('',#1508,.T.);
#389=FACE_BOUND('',#1509,.T.);
#390=FACE_BOUND('',#1524,.T.);
#391=FACE_BOUND('',#1525,.T.);
#392=FACE_BOUND('',#1526,.T.);
#393=FACE_BOUND('',#1527,.T.);
#394=FACE_BOUND('',#1533,.T.);
#395=FACE_BOUND('',#1543,.T.);
#396=FACE_BOUND('',#1544,.T.);
#397=FACE_BOUND('',#1545,.T.);
#398=FACE_BOUND('',#1546,.T.);
#399=FACE_BOUND('',#1547,.T.);
#400=FACE_BOUND('',#1548,.T.);
#401=FACE_BOUND('',#1549,.T.);
#402=FACE_BOUND('',#1550,.T.);
#403=FACE_BOUND('',#1551,.T.);
#404=FACE_BOUND('',#1552,.T.);
#405=FACE_BOUND('',#1553,.T.);
#406=FACE_BOUND('',#1554,.T.);
#407=FACE_BOUND('',#1555,.T.);
#408=FACE_BOUND('',#1571,.T.);
#409=FACE_BOUND('',#1572,.T.);
#410=FACE_BOUND('',#1573,.T.);
#411=FACE_BOUND('',#1574,.T.);
#412=FACE_BOUND('',#1575,.T.);
#413=FACE_BOUND('',#1576,.T.);
#414=FACE_BOUND('',#1577,.T.);
#415=FACE_BOUND('',#1578,.T.);
#416=FACE_BOUND('',#1579,.T.);
#417=FACE_BOUND('',#1580,.T.);
#418=FACE_BOUND('',#1581,.T.);
#419=FACE_BOUND('',#1582,.T.);
#420=FACE_BOUND('',#1583,.T.);
#421=FACE_BOUND('',#1651,.T.);
#422=CIRCLE('',#6515,0.4);
#423=CIRCLE('',#6516,0.4);
#424=CIRCLE('',#6517,0.4);
#425=CIRCLE('',#6518,0.4);
#426=CIRCLE('',#6519,0.4);
#427=CIRCLE('',#6520,0.4);
#428=CIRCLE('',#6521,0.4);
#429=CIRCLE('',#6522,0.4);
#430=CIRCLE('',#6523,0.4);
#431=CIRCLE('',#6524,0.4);
#432=CIRCLE('',#6525,0.4);
#433=CIRCLE('',#6526,0.4);
#434=CIRCLE('',#6527,0.499999422661);
#435=CIRCLE('',#6528,0.500008729288);
#436=CIRCLE('',#6529,0.500008729288);
#437=CIRCLE('',#6530,0.499999729127);
#438=CIRCLE('',#6531,0.499989885034);
#439=CIRCLE('',#6532,0.499989884978);
#440=CIRCLE('',#6533,0.500000669307);
#441=CIRCLE('',#6534,0.500008729288);
#442=CIRCLE('',#6535,0.500008729226);
#443=CIRCLE('',#6536,0.499999448976);
#444=CIRCLE('',#6537,0.499989885034);
#445=CIRCLE('',#6538,0.499989884977);
#446=CIRCLE('',#6539,0.4);
#447=CIRCLE('',#6540,0.499999422661);
#448=CIRCLE('',#6541,0.500008729288);
#449=CIRCLE('',#6542,0.500008729288);
#450=CIRCLE('',#6543,0.499999729127);
#451=CIRCLE('',#6544,0.499989885034);
#452=CIRCLE('',#6545,0.499989884978);
#453=CIRCLE('',#6546,0.500000669307);
#454=CIRCLE('',#6547,0.500008729288);
#455=CIRCLE('',#6548,0.500008729226);
#456=CIRCLE('',#6549,0.499999448976);
#457=CIRCLE('',#6550,0.499989885034);
#458=CIRCLE('',#6551,0.499989885034);
#459=CIRCLE('',#6552,0.4);
#460=CIRCLE('',#6553,0.85);
#461=CIRCLE('',#6554,0.75);
#462=CIRCLE('',#6555,2.);
#463=CIRCLE('',#6556,0.75);
#464=CIRCLE('',#6557,0.499999729127);
#465=CIRCLE('',#6558,0.499989885034);
#466=CIRCLE('',#6559,0.499989885034);
#467=CIRCLE('',#6560,0.499999092786);
#468=CIRCLE('',#6561,0.500040834725);
#469=CIRCLE('',#6562,0.500008729226);
#470=CIRCLE('',#6563,0.499999755443);
#471=CIRCLE('',#6564,0.49998122973);
#472=CIRCLE('',#6565,0.499989885034);
#473=CIRCLE('',#6566,0.499999422661);
#474=CIRCLE('',#6567,0.500008729288);
#475=CIRCLE('',#6568,0.50002311711);
#476=CIRCLE('',#6569,0.499999422661);
#477=CIRCLE('',#6570,0.500008729288);
#478=CIRCLE('',#6571,0.500008729288);
#479=CIRCLE('',#6572,0.499999729127);
#480=CIRCLE('',#6573,0.499989885034);
#481=CIRCLE('',#6574,0.499989884978);
#482=CIRCLE('',#6575,0.500000669307);
#483=CIRCLE('',#6576,0.500008729288);
#484=CIRCLE('',#6577,0.500008729226);
#485=CIRCLE('',#6578,0.499999448976);
#486=CIRCLE('',#6579,0.499989885034);
#487=CIRCLE('',#6580,0.499989884977);
#488=CIRCLE('',#6581,0.499999729127);
#489=CIRCLE('',#6582,0.499989885034);
#490=CIRCLE('',#6583,0.499989885034);
#491=CIRCLE('',#6584,0.499999092786);
#492=CIRCLE('',#6585,0.500040834725);
#493=CIRCLE('',#6586,0.500008729226);
#494=CIRCLE('',#6587,0.499999755443);
#495=CIRCLE('',#6588,0.49998122973);
#496=CIRCLE('',#6589,0.499989885034);
#497=CIRCLE('',#6590,0.499999422661);
#498=CIRCLE('',#6591,0.500008729288);
#499=CIRCLE('',#6592,0.50002311711);
#500=CIRCLE('',#6593,0.499999422661);
#501=CIRCLE('',#6594,0.500008729288);
#502=CIRCLE('',#6595,0.500008729288);
#503=CIRCLE('',#6596,0.499999729127);
#504=CIRCLE('',#6597,0.499989885034);
#505=CIRCLE('',#6598,0.499989884978);
#506=CIRCLE('',#6599,0.500000669307);
#507=CIRCLE('',#6600,0.500008729288);
#508=CIRCLE('',#6601,0.500008729226);
#509=CIRCLE('',#6602,0.499999448976);
#510=CIRCLE('',#6603,0.499989885034);
#511=CIRCLE('',#6604,0.499989884977);
#512=CIRCLE('',#6605,0.499999729127);
#513=CIRCLE('',#6606,0.499989885034);
#514=CIRCLE('',#6607,0.499989885034);
#515=CIRCLE('',#6608,0.500000669307);
#516=CIRCLE('',#6609,0.500008729288);
#517=CIRCLE('',#6610,0.500008729226);
#518=CIRCLE('',#6611,0.499999755443);
#519=CIRCLE('',#6612,0.49998122973);
#520=CIRCLE('',#6613,0.499989885034);
#521=CIRCLE('',#6614,0.499999422661);
#522=CIRCLE('',#6615,0.500008729288);
#523=CIRCLE('',#6616,0.50002311711);
#524=CIRCLE('',#6617,0.85);
#525=CIRCLE('',#6618,0.85);
#526=CIRCLE('',#6619,2.);
#527=CIRCLE('',#6620,0.75);
#528=CIRCLE('',#6621,0.85);
#529=CIRCLE('',#6622,0.75);
#530=CIRCLE('',#6623,0.85);
#531=CIRCLE('',#6624,0.75);
#532=CIRCLE('',#6625,2.);
#533=CIRCLE('',#6626,0.85);
#534=CIRCLE('',#6627,0.75);
#535=CIRCLE('',#6628,0.5);
#536=CIRCLE('',#6629,0.5);
#537=CIRCLE('',#6630,0.5);
#538=CIRCLE('',#6631,0.5);
#539=CIRCLE('',#6632,0.85);
#540=CIRCLE('',#6633,2.);
#541=CIRCLE('',#6634,0.75);
#542=CIRCLE('',#6635,0.75);
#543=CIRCLE('',#6636,0.5);
#544=CIRCLE('',#6637,0.5);
#545=CIRCLE('',#6638,0.5);
#546=CIRCLE('',#6639,0.5);
#547=CIRCLE('',#6640,0.5);
#548=CIRCLE('',#6641,0.5);
#549=CIRCLE('',#6642,0.5);
#550=CIRCLE('',#6643,0.5);
#551=CIRCLE('',#6644,0.5);
#552=CIRCLE('',#6645,0.5);
#553=CIRCLE('',#6646,0.5);
#554=CIRCLE('',#6647,0.5);
#555=CIRCLE('',#6648,0.5);
#556=CIRCLE('',#6649,0.5);
#557=CIRCLE('',#6650,0.85);
#558=CIRCLE('',#6651,0.85);
#559=CIRCLE('',#6652,2.);
#560=CIRCLE('',#6653,0.85);
#561=CIRCLE('',#6654,0.75);
#562=CIRCLE('',#6655,0.75);
#563=CIRCLE('',#6656,0.85);
#564=CIRCLE('',#6657,2.);
#565=CIRCLE('',#6658,0.85);
#566=CIRCLE('',#6659,0.75);
#567=CIRCLE('',#6660,0.75);
#568=CIRCLE('',#6661,0.5);
#569=CIRCLE('',#6662,0.75);
#570=CIRCLE('',#6663,0.75);
#571=CIRCLE('',#6664,0.5);
#572=CIRCLE('',#6665,0.5);
#573=CIRCLE('',#6666,0.5);
#574=CIRCLE('',#6667,0.5);
#575=CIRCLE('',#6668,0.75);
#576=CIRCLE('',#6669,0.75);
#577=CIRCLE('',#6671,0.4);
#578=CIRCLE('',#6672,0.4);
#579=CIRCLE('',#6673,0.4);
#580=CIRCLE('',#6674,0.4);
#581=CIRCLE('',#6675,0.4);
#582=CIRCLE('',#6676,0.4);
#583=CIRCLE('',#6677,0.4);
#584=CIRCLE('',#6678,0.4);
#585=CIRCLE('',#6679,0.4);
#586=CIRCLE('',#6680,0.4);
#587=CIRCLE('',#6681,0.4);
#588=CIRCLE('',#6682,0.4);
#589=CIRCLE('',#6683,0.499999422661);
#590=CIRCLE('',#6684,0.499989884977);
#591=CIRCLE('',#6685,0.499989885034);
#592=CIRCLE('',#6686,0.499999448976);
#593=CIRCLE('',#6687,0.500008729226);
#594=CIRCLE('',#6688,0.500008729288);
#595=CIRCLE('',#6689,0.500000669307);
#596=CIRCLE('',#6690,0.499989884978);
#597=CIRCLE('',#6691,0.499989885034);
#598=CIRCLE('',#6692,0.499999729127);
#599=CIRCLE('',#6693,0.500008729288);
#600=CIRCLE('',#6694,0.500008729288);
#601=CIRCLE('',#6695,0.4);
#602=CIRCLE('',#6696,0.499999422661);
#603=CIRCLE('',#6697,0.499989885034);
#604=CIRCLE('',#6698,0.499989885034);
#605=CIRCLE('',#6699,0.499999448976);
#606=CIRCLE('',#6700,0.500008729226);
#607=CIRCLE('',#6701,0.500008729288);
#608=CIRCLE('',#6702,0.500000669307);
#609=CIRCLE('',#6703,0.499989884978);
#610=CIRCLE('',#6704,0.499989885034);
#611=CIRCLE('',#6705,0.499999729127);
#612=CIRCLE('',#6706,0.500008729288);
#613=CIRCLE('',#6707,0.500008729288);
#614=CIRCLE('',#6708,0.4);
#615=CIRCLE('',#6709,0.85);
#616=CIRCLE('',#6710,0.75);
#617=CIRCLE('',#6711,2.);
#618=CIRCLE('',#6712,0.75);
#619=CIRCLE('',#6713,0.499999729127);
#620=CIRCLE('',#6714,0.50002311711);
#621=CIRCLE('',#6715,0.500008729288);
#622=CIRCLE('',#6716,0.499999422661);
#623=CIRCLE('',#6717,0.499989885034);
#624=CIRCLE('',#6718,0.49998122973);
#625=CIRCLE('',#6719,0.499999755443);
#626=CIRCLE('',#6720,0.500008729226);
#627=CIRCLE('',#6721,0.500040834725);
#628=CIRCLE('',#6722,0.499999092786);
#629=CIRCLE('',#6723,0.499989885034);
#630=CIRCLE('',#6724,0.499989885034);
#631=CIRCLE('',#6725,0.499999422661);
#632=CIRCLE('',#6726,0.499989884977);
#633=CIRCLE('',#6727,0.499989885034);
#634=CIRCLE('',#6728,0.499999448976);
#635=CIRCLE('',#6729,0.500008729226);
#636=CIRCLE('',#6730,0.500008729288);
#637=CIRCLE('',#6731,0.500000669307);
#638=CIRCLE('',#6732,0.499989884978);
#639=CIRCLE('',#6733,0.499989885034);
#640=CIRCLE('',#6734,0.499999729127);
#641=CIRCLE('',#6735,0.500008729288);
#642=CIRCLE('',#6736,0.500008729288);
#643=CIRCLE('',#6737,0.499999729127);
#644=CIRCLE('',#6738,0.50002311711);
#645=CIRCLE('',#6739,0.500008729288);
#646=CIRCLE('',#6740,0.499999422661);
#647=CIRCLE('',#6741,0.499989885034);
#648=CIRCLE('',#6742,0.49998122973);
#649=CIRCLE('',#6743,0.499999755443);
#650=CIRCLE('',#6744,0.500008729226);
#651=CIRCLE('',#6745,0.500040834725);
#652=CIRCLE('',#6746,0.499999092786);
#653=CIRCLE('',#6747,0.499989885034);
#654=CIRCLE('',#6748,0.499989885034);
#655=CIRCLE('',#6749,0.499999422661);
#656=CIRCLE('',#6750,0.499989884977);
#657=CIRCLE('',#6751,0.499989885034);
#658=CIRCLE('',#6752,0.499999448976);
#659=CIRCLE('',#6753,0.500008729226);
#660=CIRCLE('',#6754,0.500008729288);
#661=CIRCLE('',#6755,0.500000669307);
#662=CIRCLE('',#6756,0.499989884978);
#663=CIRCLE('',#6757,0.499989885034);
#664=CIRCLE('',#6758,0.499999729127);
#665=CIRCLE('',#6759,0.500008729288);
#666=CIRCLE('',#6760,0.500008729288);
#667=CIRCLE('',#6761,0.499999729127);
#668=CIRCLE('',#6762,0.50002311711);
#669=CIRCLE('',#6763,0.500008729288);
#670=CIRCLE('',#6764,0.499999422661);
#671=CIRCLE('',#6765,0.499989885034);
#672=CIRCLE('',#6766,0.49998122973);
#673=CIRCLE('',#6767,0.499999755443);
#674=CIRCLE('',#6768,0.500008729226);
#675=CIRCLE('',#6769,0.500008729288);
#676=CIRCLE('',#6770,0.500000669307);
#677=CIRCLE('',#6771,0.499989885034);
#678=CIRCLE('',#6772,0.499989885034);
#679=CIRCLE('',#6773,0.85);
#680=CIRCLE('',#6774,0.85);
#681=CIRCLE('',#6775,2.);
#682=CIRCLE('',#6776,0.75);
#683=CIRCLE('',#6777,0.85);
#684=CIRCLE('',#6778,0.75);
#685=CIRCLE('',#6779,0.85);
#686=CIRCLE('',#6780,0.75);
#687=CIRCLE('',#6781,2.);
#688=CIRCLE('',#6782,0.85);
#689=CIRCLE('',#6783,0.75);
#690=CIRCLE('',#6784,0.5);
#691=CIRCLE('',#6785,0.5);
#692=CIRCLE('',#6786,0.5);
#693=CIRCLE('',#6787,0.5);
#694=CIRCLE('',#6788,0.85);
#695=CIRCLE('',#6789,2.);
#696=CIRCLE('',#6790,0.75);
#697=CIRCLE('',#6791,0.75);
#698=CIRCLE('',#6792,0.5);
#699=CIRCLE('',#6793,0.5);
#700=CIRCLE('',#6794,0.5);
#701=CIRCLE('',#6795,0.5);
#702=CIRCLE('',#6796,0.5);
#703=CIRCLE('',#6797,0.5);
#704=CIRCLE('',#6798,0.5);
#705=CIRCLE('',#6799,0.5);
#706=CIRCLE('',#6800,0.5);
#707=CIRCLE('',#6801,0.5);
#708=CIRCLE('',#6802,0.5);
#709=CIRCLE('',#6803,0.5);
#710=CIRCLE('',#6804,0.5);
#711=CIRCLE('',#6805,0.5);
#712=CIRCLE('',#6806,0.85);
#713=CIRCLE('',#6807,0.85);
#714=CIRCLE('',#6808,2.);
#715=CIRCLE('',#6809,0.85);
#716=CIRCLE('',#6810,0.75);
#717=CIRCLE('',#6811,0.75);
#718=CIRCLE('',#6812,0.85);
#719=CIRCLE('',#6813,2.);
#720=CIRCLE('',#6814,0.85);
#721=CIRCLE('',#6815,0.75);
#722=CIRCLE('',#6816,0.75);
#723=CIRCLE('',#6817,0.5);
#724=CIRCLE('',#6818,0.75);
#725=CIRCLE('',#6819,0.75);
#726=CIRCLE('',#6820,0.5);
#727=CIRCLE('',#6821,0.5);
#728=CIRCLE('',#6822,0.5);
#729=CIRCLE('',#6823,0.5);
#730=CIRCLE('',#6824,0.75);
#731=CIRCLE('',#6825,0.75);
#732=CIRCLE('',#7019,4.);
#733=CIRCLE('',#7020,4.);
#734=CIRCLE('',#7023,4.);
#735=CIRCLE('',#7024,4.);
#736=CIRCLE('',#7025,4.);
#737=CIRCLE('',#7026,1.45);
#738=CIRCLE('',#7027,1.45);
#739=CIRCLE('',#7028,1.45);
#740=CIRCLE('',#7029,1.45);
#741=CIRCLE('',#7031,4.);
#742=CIRCLE('',#7033,4.);
#743=CIRCLE('',#7036,4.);
#744=CIRCLE('',#7042,1.45);
#745=CIRCLE('',#7044,1.45);
#746=CIRCLE('',#7046,1.45);
#747=CIRCLE('',#7048,1.45);
#748=CIRCLE('',#7065,2.75);
#749=CIRCLE('',#7066,2.75);
#750=CIRCLE('',#7067,2.75);
#751=CIRCLE('',#7068,2.75);
#752=CIRCLE('',#7069,1.45);
#753=CIRCLE('',#7070,0.499999999999998);
#754=CIRCLE('',#7071,0.499999999999998);
#755=CIRCLE('',#7072,0.499999999999998);
#756=CIRCLE('',#7073,0.500000000000007);
#757=CIRCLE('',#7074,0.499999999999998);
#758=CIRCLE('',#7075,0.500000000000003);
#759=CIRCLE('',#7076,0.499999999999998);
#760=CIRCLE('',#7077,0.499999999999998);
#761=CIRCLE('',#7078,0.499999999999998);
#762=CIRCLE('',#7079,0.500000000000007);
#763=CIRCLE('',#7080,0.500000000000005);
#764=CIRCLE('',#7081,0.499999999999998);
#765=CIRCLE('',#7082,0.499999999999998);
#766=CIRCLE('',#7083,0.499999999999998);
#767=CIRCLE('',#7084,0.499999999999998);
#768=CIRCLE('',#7085,0.499999999999998);
#769=CIRCLE('',#7086,0.500000000000007);
#770=CIRCLE('',#7087,0.499999999999998);
#771=CIRCLE('',#7088,0.499999999999989);
#772=CIRCLE('',#7089,0.499999999999998);
#773=CIRCLE('',#7090,1.45);
#774=CIRCLE('',#7091,1.45);
#775=CIRCLE('',#7092,1.45);
#776=CIRCLE('',#7093,0.499999999999998);
#777=CIRCLE('',#7094,0.499999999999998);
#778=CIRCLE('',#7095,0.500000000000003);
#779=CIRCLE('',#7096,0.500000000000007);
#780=CIRCLE('',#7097,0.499999999999998);
#781=CIRCLE('',#7098,0.499999999999998);
#782=CIRCLE('',#7099,0.500000000000003);
#783=CIRCLE('',#7100,0.499999999999998);
#784=CIRCLE('',#7102,1.25);
#785=CIRCLE('',#7103,4.);
#786=CIRCLE('',#7104,1.25);
#787=CIRCLE('',#7106,4.);
#788=CIRCLE('',#7108,1.25);
#789=CIRCLE('',#7109,4.);
#790=CIRCLE('',#7110,1.25);
#791=CIRCLE('',#7112,4.);
#792=CIRCLE('',#7115,1.25);
#793=CIRCLE('',#7116,4.);
#794=CIRCLE('',#7117,1.25);
#795=CIRCLE('',#7119,4.);
#796=CIRCLE('',#7121,1.25);
#797=CIRCLE('',#7122,4.);
#798=CIRCLE('',#7123,1.25);
#799=CIRCLE('',#7125,4.);
#800=CIRCLE('',#7132,1.45);
#801=CIRCLE('',#7133,0.499999999999998);
#802=CIRCLE('',#7134,0.500000000000007);
#803=CIRCLE('',#7135,0.499999999999998);
#804=CIRCLE('',#7136,0.499999999999998);
#805=CIRCLE('',#7137,0.499999999999998);
#806=CIRCLE('',#7138,0.499999999999998);
#807=CIRCLE('',#7139,0.499999999999998);
#808=CIRCLE('',#7140,0.500000000000003);
#809=CIRCLE('',#7141,0.499999999999998);
#810=CIRCLE('',#7142,0.499999999999998);
#811=CIRCLE('',#7143,0.500000000000005);
#812=CIRCLE('',#7144,0.500000000000007);
#813=CIRCLE('',#7145,0.499999999999998);
#814=CIRCLE('',#7146,0.499999999999998);
#815=CIRCLE('',#7147,0.499999999999998);
#816=CIRCLE('',#7148,0.499999999999998);
#817=CIRCLE('',#7149,0.500000000000007);
#818=CIRCLE('',#7150,0.499999999999998);
#819=CIRCLE('',#7151,0.499999999999989);
#820=CIRCLE('',#7152,0.499999999999998);
#821=CIRCLE('',#7153,1.45);
#822=CIRCLE('',#7154,1.45);
#823=CIRCLE('',#7155,1.45);
#824=CIRCLE('',#7156,0.499999999999998);
#825=CIRCLE('',#7157,0.500000000000007);
#826=CIRCLE('',#7158,0.500000000000003);
#827=CIRCLE('',#7159,0.499999999999998);
#828=CIRCLE('',#7160,0.499999999999998);
#829=CIRCLE('',#7161,0.499999999999998);
#830=CIRCLE('',#7162,0.500000000000003);
#831=CIRCLE('',#7163,0.499999999999998);
#832=FACE_OUTER_BOUND('',#1153,.T.);
#833=FACE_OUTER_BOUND('',#1154,.T.);
#834=FACE_OUTER_BOUND('',#1155,.T.);
#835=FACE_OUTER_BOUND('',#1156,.T.);
#836=FACE_OUTER_BOUND('',#1157,.T.);
#837=FACE_OUTER_BOUND('',#1234,.T.);
#838=FACE_OUTER_BOUND('',#1311,.T.);
#839=FACE_OUTER_BOUND('',#1312,.T.);
#840=FACE_OUTER_BOUND('',#1313,.T.);
#841=FACE_OUTER_BOUND('',#1314,.T.);
#842=FACE_OUTER_BOUND('',#1315,.T.);
#843=FACE_OUTER_BOUND('',#1316,.T.);
#844=FACE_OUTER_BOUND('',#1317,.T.);
#845=FACE_OUTER_BOUND('',#1318,.T.);
#846=FACE_OUTER_BOUND('',#1319,.T.);
#847=FACE_OUTER_BOUND('',#1320,.T.);
#848=FACE_OUTER_BOUND('',#1321,.T.);
#849=FACE_OUTER_BOUND('',#1322,.T.);
#850=FACE_OUTER_BOUND('',#1323,.T.);
#851=FACE_OUTER_BOUND('',#1324,.T.);
#852=FACE_OUTER_BOUND('',#1325,.T.);
#853=FACE_OUTER_BOUND('',#1326,.T.);
#854=FACE_OUTER_BOUND('',#1327,.T.);
#855=FACE_OUTER_BOUND('',#1328,.T.);
#856=FACE_OUTER_BOUND('',#1329,.T.);
#857=FACE_OUTER_BOUND('',#1330,.T.);
#858=FACE_OUTER_BOUND('',#1331,.T.);
#859=FACE_OUTER_BOUND('',#1332,.T.);
#860=FACE_OUTER_BOUND('',#1333,.T.);
#861=FACE_OUTER_BOUND('',#1334,.T.);
#862=FACE_OUTER_BOUND('',#1335,.T.);
#863=FACE_OUTER_BOUND('',#1336,.T.);
#864=FACE_OUTER_BOUND('',#1337,.T.);
#865=FACE_OUTER_BOUND('',#1338,.T.);
#866=FACE_OUTER_BOUND('',#1339,.T.);
#867=FACE_OUTER_BOUND('',#1340,.T.);
#868=FACE_OUTER_BOUND('',#1341,.T.);
#869=FACE_OUTER_BOUND('',#1342,.T.);
#870=FACE_OUTER_BOUND('',#1343,.T.);
#871=FACE_OUTER_BOUND('',#1344,.T.);
#872=FACE_OUTER_BOUND('',#1345,.T.);
#873=FACE_OUTER_BOUND('',#1346,.T.);
#874=FACE_OUTER_BOUND('',#1347,.T.);
#875=FACE_OUTER_BOUND('',#1348,.T.);
#876=FACE_OUTER_BOUND('',#1349,.T.);
#877=FACE_OUTER_BOUND('',#1350,.T.);
#878=FACE_OUTER_BOUND('',#1351,.T.);
#879=FACE_OUTER_BOUND('',#1352,.T.);
#880=FACE_OUTER_BOUND('',#1353,.T.);
#881=FACE_OUTER_BOUND('',#1354,.T.);
#882=FACE_OUTER_BOUND('',#1355,.T.);
#883=FACE_OUTER_BOUND('',#1356,.T.);
#884=FACE_OUTER_BOUND('',#1357,.T.);
#885=FACE_OUTER_BOUND('',#1358,.T.);
#886=FACE_OUTER_BOUND('',#1359,.T.);
#887=FACE_OUTER_BOUND('',#1360,.T.);
#888=FACE_OUTER_BOUND('',#1361,.T.);
#889=FACE_OUTER_BOUND('',#1362,.T.);
#890=FACE_OUTER_BOUND('',#1363,.T.);
#891=FACE_OUTER_BOUND('',#1364,.T.);
#892=FACE_OUTER_BOUND('',#1365,.T.);
#893=FACE_OUTER_BOUND('',#1366,.T.);
#894=FACE_OUTER_BOUND('',#1367,.T.);
#895=FACE_OUTER_BOUND('',#1368,.T.);
#896=FACE_OUTER_BOUND('',#1369,.T.);
#897=FACE_OUTER_BOUND('',#1370,.T.);
#898=FACE_OUTER_BOUND('',#1371,.T.);
#899=FACE_OUTER_BOUND('',#1372,.T.);
#900=FACE_OUTER_BOUND('',#1373,.T.);
#901=FACE_OUTER_BOUND('',#1374,.T.);
#902=FACE_OUTER_BOUND('',#1375,.T.);
#903=FACE_OUTER_BOUND('',#1376,.T.);
#904=FACE_OUTER_BOUND('',#1377,.T.);
#905=FACE_OUTER_BOUND('',#1378,.T.);
#906=FACE_OUTER_BOUND('',#1379,.T.);
#907=FACE_OUTER_BOUND('',#1380,.T.);
#908=FACE_OUTER_BOUND('',#1381,.T.);
#909=FACE_OUTER_BOUND('',#1382,.T.);
#910=FACE_OUTER_BOUND('',#1383,.T.);
#911=FACE_OUTER_BOUND('',#1384,.T.);
#912=FACE_OUTER_BOUND('',#1385,.T.);
#913=FACE_OUTER_BOUND('',#1386,.T.);
#914=FACE_OUTER_BOUND('',#1387,.T.);
#915=FACE_OUTER_BOUND('',#1388,.T.);
#916=FACE_OUTER_BOUND('',#1389,.T.);
#917=FACE_OUTER_BOUND('',#1390,.T.);
#918=FACE_OUTER_BOUND('',#1391,.T.);
#919=FACE_OUTER_BOUND('',#1392,.T.);
#920=FACE_OUTER_BOUND('',#1393,.T.);
#921=FACE_OUTER_BOUND('',#1394,.T.);
#922=FACE_OUTER_BOUND('',#1395,.T.);
#923=FACE_OUTER_BOUND('',#1396,.T.);
#924=FACE_OUTER_BOUND('',#1397,.T.);
#925=FACE_OUTER_BOUND('',#1398,.T.);
#926=FACE_OUTER_BOUND('',#1399,.T.);
#927=FACE_OUTER_BOUND('',#1400,.T.);
#928=FACE_OUTER_BOUND('',#1401,.T.);
#929=FACE_OUTER_BOUND('',#1402,.T.);
#930=FACE_OUTER_BOUND('',#1403,.T.);
#931=FACE_OUTER_BOUND('',#1404,.T.);
#932=FACE_OUTER_BOUND('',#1405,.T.);
#933=FACE_OUTER_BOUND('',#1406,.T.);
#934=FACE_OUTER_BOUND('',#1407,.T.);
#935=FACE_OUTER_BOUND('',#1408,.T.);
#936=FACE_OUTER_BOUND('',#1409,.T.);
#937=FACE_OUTER_BOUND('',#1410,.T.);
#938=FACE_OUTER_BOUND('',#1411,.T.);
#939=FACE_OUTER_BOUND('',#1412,.T.);
#940=FACE_OUTER_BOUND('',#1413,.T.);
#941=FACE_OUTER_BOUND('',#1414,.T.);
#942=FACE_OUTER_BOUND('',#1415,.T.);
#943=FACE_OUTER_BOUND('',#1416,.T.);
#944=FACE_OUTER_BOUND('',#1417,.T.);
#945=FACE_OUTER_BOUND('',#1418,.T.);
#946=FACE_OUTER_BOUND('',#1419,.T.);
#947=FACE_OUTER_BOUND('',#1420,.T.);
#948=FACE_OUTER_BOUND('',#1421,.T.);
#949=FACE_OUTER_BOUND('',#1422,.T.);
#950=FACE_OUTER_BOUND('',#1423,.T.);
#951=FACE_OUTER_BOUND('',#1424,.T.);
#952=FACE_OUTER_BOUND('',#1425,.T.);
#953=FACE_OUTER_BOUND('',#1426,.T.);
#954=FACE_OUTER_BOUND('',#1427,.T.);
#955=FACE_OUTER_BOUND('',#1428,.T.);
#956=FACE_OUTER_BOUND('',#1429,.T.);
#957=FACE_OUTER_BOUND('',#1430,.T.);
#958=FACE_OUTER_BOUND('',#1431,.T.);
#959=FACE_OUTER_BOUND('',#1432,.T.);
#960=FACE_OUTER_BOUND('',#1433,.T.);
#961=FACE_OUTER_BOUND('',#1434,.T.);
#962=FACE_OUTER_BOUND('',#1435,.T.);
#963=FACE_OUTER_BOUND('',#1436,.T.);
#964=FACE_OUTER_BOUND('',#1437,.T.);
#965=FACE_OUTER_BOUND('',#1438,.T.);
#966=FACE_OUTER_BOUND('',#1439,.T.);
#967=FACE_OUTER_BOUND('',#1440,.T.);
#968=FACE_OUTER_BOUND('',#1441,.T.);
#969=FACE_OUTER_BOUND('',#1442,.T.);
#970=FACE_OUTER_BOUND('',#1443,.T.);
#971=FACE_OUTER_BOUND('',#1444,.T.);
#972=FACE_OUTER_BOUND('',#1445,.T.);
#973=FACE_OUTER_BOUND('',#1446,.T.);
#974=FACE_OUTER_BOUND('',#1447,.T.);
#975=FACE_OUTER_BOUND('',#1448,.T.);
#976=FACE_OUTER_BOUND('',#1449,.T.);
#977=FACE_OUTER_BOUND('',#1450,.T.);
#978=FACE_OUTER_BOUND('',#1451,.T.);
#979=FACE_OUTER_BOUND('',#1452,.T.);
#980=FACE_OUTER_BOUND('',#1453,.T.);
#981=FACE_OUTER_BOUND('',#1454,.T.);
#982=FACE_OUTER_BOUND('',#1455,.T.);
#983=FACE_OUTER_BOUND('',#1456,.T.);
#984=FACE_OUTER_BOUND('',#1457,.T.);
#985=FACE_OUTER_BOUND('',#1458,.T.);
#986=FACE_OUTER_BOUND('',#1459,.T.);
#987=FACE_OUTER_BOUND('',#1460,.T.);
#988=FACE_OUTER_BOUND('',#1461,.T.);
#989=FACE_OUTER_BOUND('',#1462,.T.);
#990=FACE_OUTER_BOUND('',#1463,.T.);
#991=FACE_OUTER_BOUND('',#1464,.T.);
#992=FACE_OUTER_BOUND('',#1465,.T.);
#993=FACE_OUTER_BOUND('',#1466,.T.);
#994=FACE_OUTER_BOUND('',#1467,.T.);
#995=FACE_OUTER_BOUND('',#1468,.T.);
#996=FACE_OUTER_BOUND('',#1469,.T.);
#997=FACE_OUTER_BOUND('',#1470,.T.);
#998=FACE_OUTER_BOUND('',#1471,.T.);
#999=FACE_OUTER_BOUND('',#1472,.T.);
#1000=FACE_OUTER_BOUND('',#1473,.T.);
#1001=FACE_OUTER_BOUND('',#1474,.T.);
#1002=FACE_OUTER_BOUND('',#1475,.T.);
#1003=FACE_OUTER_BOUND('',#1476,.T.);
#1004=FACE_OUTER_BOUND('',#1477,.T.);
#1005=FACE_OUTER_BOUND('',#1478,.T.);
#1006=FACE_OUTER_BOUND('',#1479,.T.);
#1007=FACE_OUTER_BOUND('',#1480,.T.);
#1008=FACE_OUTER_BOUND('',#1481,.T.);
#1009=FACE_OUTER_BOUND('',#1482,.T.);
#1010=FACE_OUTER_BOUND('',#1483,.T.);
#1011=FACE_OUTER_BOUND('',#1484,.T.);
#1012=FACE_OUTER_BOUND('',#1485,.T.);
#1013=FACE_OUTER_BOUND('',#1486,.T.);
#1014=FACE_OUTER_BOUND('',#1487,.T.);
#1015=FACE_OUTER_BOUND('',#1488,.T.);
#1016=FACE_OUTER_BOUND('',#1489,.T.);
#1017=FACE_OUTER_BOUND('',#1490,.T.);
#1018=FACE_OUTER_BOUND('',#1491,.T.);
#1019=FACE_OUTER_BOUND('',#1492,.T.);
#1020=FACE_OUTER_BOUND('',#1493,.T.);
#1021=FACE_OUTER_BOUND('',#1494,.T.);
#1022=FACE_OUTER_BOUND('',#1495,.T.);
#1023=FACE_OUTER_BOUND('',#1496,.T.);
#1024=FACE_OUTER_BOUND('',#1497,.T.);
#1025=FACE_OUTER_BOUND('',#1498,.T.);
#1026=FACE_OUTER_BOUND('',#1499,.T.);
#1027=FACE_OUTER_BOUND('',#1500,.T.);
#1028=FACE_OUTER_BOUND('',#1501,.T.);
#1029=FACE_OUTER_BOUND('',#1502,.T.);
#1030=FACE_OUTER_BOUND('',#1503,.T.);
#1031=FACE_OUTER_BOUND('',#1504,.T.);
#1032=FACE_OUTER_BOUND('',#1505,.T.);
#1033=FACE_OUTER_BOUND('',#1510,.T.);
#1034=FACE_OUTER_BOUND('',#1511,.T.);
#1035=FACE_OUTER_BOUND('',#1512,.T.);
#1036=FACE_OUTER_BOUND('',#1513,.T.);
#1037=FACE_OUTER_BOUND('',#1514,.T.);
#1038=FACE_OUTER_BOUND('',#1515,.T.);
#1039=FACE_OUTER_BOUND('',#1516,.T.);
#1040=FACE_OUTER_BOUND('',#1517,.T.);
#1041=FACE_OUTER_BOUND('',#1518,.T.);
#1042=FACE_OUTER_BOUND('',#1519,.T.);
#1043=FACE_OUTER_BOUND('',#1520,.T.);
#1044=FACE_OUTER_BOUND('',#1521,.T.);
#1045=FACE_OUTER_BOUND('',#1522,.T.);
#1046=FACE_OUTER_BOUND('',#1523,.T.);
#1047=FACE_OUTER_BOUND('',#1528,.T.);
#1048=FACE_OUTER_BOUND('',#1529,.T.);
#1049=FACE_OUTER_BOUND('',#1530,.T.);
#1050=FACE_OUTER_BOUND('',#1531,.T.);
#1051=FACE_OUTER_BOUND('',#1532,.T.);
#1052=FACE_OUTER_BOUND('',#1534,.T.);
#1053=FACE_OUTER_BOUND('',#1535,.T.);
#1054=FACE_OUTER_BOUND('',#1536,.T.);
#1055=FACE_OUTER_BOUND('',#1537,.T.);
#1056=FACE_OUTER_BOUND('',#1538,.T.);
#1057=FACE_OUTER_BOUND('',#1539,.T.);
#1058=FACE_OUTER_BOUND('',#1540,.T.);
#1059=FACE_OUTER_BOUND('',#1541,.T.);
#1060=FACE_OUTER_BOUND('',#1542,.T.);
#1061=FACE_OUTER_BOUND('',#1556,.T.);
#1062=FACE_OUTER_BOUND('',#1557,.T.);
#1063=FACE_OUTER_BOUND('',#1558,.T.);
#1064=FACE_OUTER_BOUND('',#1559,.T.);
#1065=FACE_OUTER_BOUND('',#1560,.T.);
#1066=FACE_OUTER_BOUND('',#1561,.T.);
#1067=FACE_OUTER_BOUND('',#1562,.T.);
#1068=FACE_OUTER_BOUND('',#1563,.T.);
#1069=FACE_OUTER_BOUND('',#1564,.T.);
#1070=FACE_OUTER_BOUND('',#1565,.T.);
#1071=FACE_OUTER_BOUND('',#1566,.T.);
#1072=FACE_OUTER_BOUND('',#1567,.T.);
#1073=FACE_OUTER_BOUND('',#1568,.T.);
#1074=FACE_OUTER_BOUND('',#1569,.T.);
#1075=FACE_OUTER_BOUND('',#1570,.T.);
#1076=FACE_OUTER_BOUND('',#1584,.T.);
#1077=FACE_OUTER_BOUND('',#1585,.T.);
#1078=FACE_OUTER_BOUND('',#1586,.T.);
#1079=FACE_OUTER_BOUND('',#1587,.T.);
#1080=FACE_OUTER_BOUND('',#1588,.T.);
#1081=FACE_OUTER_BOUND('',#1589,.T.);
#1082=FACE_OUTER_BOUND('',#1590,.T.);
#1083=FACE_OUTER_BOUND('',#1591,.T.);
#1084=FACE_OUTER_BOUND('',#1592,.T.);
#1085=FACE_OUTER_BOUND('',#1593,.T.);
#1086=FACE_OUTER_BOUND('',#1594,.T.);
#1087=FACE_OUTER_BOUND('',#1595,.T.);
#1088=FACE_OUTER_BOUND('',#1596,.T.);
#1089=FACE_OUTER_BOUND('',#1597,.T.);
#1090=FACE_OUTER_BOUND('',#1598,.T.);
#1091=FACE_OUTER_BOUND('',#1599,.T.);
#1092=FACE_OUTER_BOUND('',#1600,.T.);
#1093=FACE_OUTER_BOUND('',#1601,.T.);
#1094=FACE_OUTER_BOUND('',#1602,.T.);
#1095=FACE_OUTER_BOUND('',#1603,.T.);
#1096=FACE_OUTER_BOUND('',#1604,.T.);
#1097=FACE_OUTER_BOUND('',#1605,.T.);
#1098=FACE_OUTER_BOUND('',#1606,.T.);
#1099=FACE_OUTER_BOUND('',#1607,.T.);
#1100=FACE_OUTER_BOUND('',#1608,.T.);
#1101=FACE_OUTER_BOUND('',#1609,.T.);
#1102=FACE_OUTER_BOUND('',#1610,.T.);
#1103=FACE_OUTER_BOUND('',#1611,.T.);
#1104=FACE_OUTER_BOUND('',#1612,.T.);
#1105=FACE_OUTER_BOUND('',#1613,.T.);
#1106=FACE_OUTER_BOUND('',#1614,.T.);
#1107=FACE_OUTER_BOUND('',#1615,.T.);
#1108=FACE_OUTER_BOUND('',#1616,.T.);
#1109=FACE_OUTER_BOUND('',#1617,.T.);
#1110=FACE_OUTER_BOUND('',#1618,.T.);
#1111=FACE_OUTER_BOUND('',#1619,.T.);
#1112=FACE_OUTER_BOUND('',#1620,.T.);
#1113=FACE_OUTER_BOUND('',#1621,.T.);
#1114=FACE_OUTER_BOUND('',#1622,.T.);
#1115=FACE_OUTER_BOUND('',#1623,.T.);
#1116=FACE_OUTER_BOUND('',#1624,.T.);
#1117=FACE_OUTER_BOUND('',#1625,.T.);
#1118=FACE_OUTER_BOUND('',#1626,.T.);
#1119=FACE_OUTER_BOUND('',#1627,.T.);
#1120=FACE_OUTER_BOUND('',#1628,.T.);
#1121=FACE_OUTER_BOUND('',#1629,.T.);
#1122=FACE_OUTER_BOUND('',#1630,.T.);
#1123=FACE_OUTER_BOUND('',#1631,.T.);
#1124=FACE_OUTER_BOUND('',#1632,.T.);
#1125=FACE_OUTER_BOUND('',#1633,.T.);
#1126=FACE_OUTER_BOUND('',#1634,.T.);
#1127=FACE_OUTER_BOUND('',#1635,.T.);
#1128=FACE_OUTER_BOUND('',#1636,.T.);
#1129=FACE_OUTER_BOUND('',#1637,.T.);
#1130=FACE_OUTER_BOUND('',#1638,.T.);
#1131=FACE_OUTER_BOUND('',#1639,.T.);
#1132=FACE_OUTER_BOUND('',#1640,.T.);
#1133=FACE_OUTER_BOUND('',#1641,.T.);
#1134=FACE_OUTER_BOUND('',#1642,.T.);
#1135=FACE_OUTER_BOUND('',#1643,.T.);
#1136=FACE_OUTER_BOUND('',#1644,.T.);
#1137=FACE_OUTER_BOUND('',#1645,.T.);
#1138=FACE_OUTER_BOUND('',#1646,.T.);
#1139=FACE_OUTER_BOUND('',#1647,.T.);
#1140=FACE_OUTER_BOUND('',#1648,.T.);
#1141=FACE_OUTER_BOUND('',#1649,.T.);
#1142=FACE_OUTER_BOUND('',#1650,.T.);
#1143=FACE_OUTER_BOUND('',#1652,.T.);
#1144=FACE_OUTER_BOUND('',#1653,.T.);
#1145=FACE_OUTER_BOUND('',#1654,.T.);
#1146=FACE_OUTER_BOUND('',#1655,.T.);
#1147=FACE_OUTER_BOUND('',#1656,.T.);
#1148=FACE_OUTER_BOUND('',#1657,.T.);
#1149=FACE_OUTER_BOUND('',#1658,.T.);
#1150=FACE_OUTER_BOUND('',#1659,.T.);
#1151=FACE_OUTER_BOUND('',#1660,.T.);
#1152=FACE_OUTER_BOUND('',#1661,.T.);
#1153=EDGE_LOOP('',(#4215,#4216,#4217,#4218));
#1154=EDGE_LOOP('',(#4219,#4220,#4221,#4222));
#1155=EDGE_LOOP('',(#4223,#4224,#4225,#4226));
#1156=EDGE_LOOP('',(#4227,#4228,#4229,#4230));
#1157=EDGE_LOOP('',(#4231,#4232,#4233,#4234));
#1158=EDGE_LOOP('',(#4235));
#1159=EDGE_LOOP('',(#4236));
#1160=EDGE_LOOP('',(#4237));
#1161=EDGE_LOOP('',(#4238));
#1162=EDGE_LOOP('',(#4239));
#1163=EDGE_LOOP('',(#4240));
#1164=EDGE_LOOP('',(#4241));
#1165=EDGE_LOOP('',(#4242));
#1166=EDGE_LOOP('',(#4243));
#1167=EDGE_LOOP('',(#4244));
#1168=EDGE_LOOP('',(#4245));
#1169=EDGE_LOOP('',(#4246));
#1170=EDGE_LOOP('',(#4247,#4248,#4249,#4250,#4251,#4252,#4253,#4254,#4255,
#4256,#4257,#4258,#4259,#4260,#4261,#4262));
#1171=EDGE_LOOP('',(#4263));
#1172=EDGE_LOOP('',(#4264,#4265,#4266,#4267,#4268,#4269,#4270,#4271,#4272,
#4273,#4274,#4275,#4276,#4277,#4278,#4279));
#1173=EDGE_LOOP('',(#4280));
#1174=EDGE_LOOP('',(#4281));
#1175=EDGE_LOOP('',(#4282));
#1176=EDGE_LOOP('',(#4283));
#1177=EDGE_LOOP('',(#4284));
#1178=EDGE_LOOP('',(#4285,#4286,#4287,#4288,#4289,#4290,#4291,#4292,#4293,
#4294,#4295,#4296,#4297,#4298,#4299,#4300));
#1179=EDGE_LOOP('',(#4301,#4302,#4303,#4304,#4305,#4306,#4307,#4308,#4309,
#4310,#4311,#4312,#4313,#4314,#4315,#4316));
#1180=EDGE_LOOP('',(#4317,#4318,#4319,#4320,#4321,#4322,#4323,#4324,#4325,
#4326,#4327,#4328,#4329,#4330,#4331,#4332));
#1181=EDGE_LOOP('',(#4333,#4334,#4335,#4336,#4337,#4338,#4339,#4340,#4341,
#4342,#4343,#4344,#4345,#4346,#4347,#4348));
#1182=EDGE_LOOP('',(#4349,#4350,#4351,#4352,#4353,#4354,#4355,#4356,#4357,
#4358,#4359,#4360,#4361,#4362,#4363,#4364));
#1183=EDGE_LOOP('',(#4365));
#1184=EDGE_LOOP('',(#4366));
#1185=EDGE_LOOP('',(#4367));
#1186=EDGE_LOOP('',(#4368));
#1187=EDGE_LOOP('',(#4369));
#1188=EDGE_LOOP('',(#4370));
#1189=EDGE_LOOP('',(#4371));
#1190=EDGE_LOOP('',(#4372));
#1191=EDGE_LOOP('',(#4373));
#1192=EDGE_LOOP('',(#4374));
#1193=EDGE_LOOP('',(#4375));
#1194=EDGE_LOOP('',(#4376));
#1195=EDGE_LOOP('',(#4377));
#1196=EDGE_LOOP('',(#4378));
#1197=EDGE_LOOP('',(#4379));
#1198=EDGE_LOOP('',(#4380));
#1199=EDGE_LOOP('',(#4381));
#1200=EDGE_LOOP('',(#4382));
#1201=EDGE_LOOP('',(#4383));
#1202=EDGE_LOOP('',(#4384));
#1203=EDGE_LOOP('',(#4385));
#1204=EDGE_LOOP('',(#4386));
#1205=EDGE_LOOP('',(#4387));
#1206=EDGE_LOOP('',(#4388));
#1207=EDGE_LOOP('',(#4389));
#1208=EDGE_LOOP('',(#4390));
#1209=EDGE_LOOP('',(#4391));
#1210=EDGE_LOOP('',(#4392));
#1211=EDGE_LOOP('',(#4393));
#1212=EDGE_LOOP('',(#4394));
#1213=EDGE_LOOP('',(#4395));
#1214=EDGE_LOOP('',(#4396));
#1215=EDGE_LOOP('',(#4397));
#1216=EDGE_LOOP('',(#4398));
#1217=EDGE_LOOP('',(#4399));
#1218=EDGE_LOOP('',(#4400));
#1219=EDGE_LOOP('',(#4401));
#1220=EDGE_LOOP('',(#4402));
#1221=EDGE_LOOP('',(#4403));
#1222=EDGE_LOOP('',(#4404));
#1223=EDGE_LOOP('',(#4405));
#1224=EDGE_LOOP('',(#4406));
#1225=EDGE_LOOP('',(#4407));
#1226=EDGE_LOOP('',(#4408));
#1227=EDGE_LOOP('',(#4409));
#1228=EDGE_LOOP('',(#4410,#4411,#4412,#4413));
#1229=EDGE_LOOP('',(#4414));
#1230=EDGE_LOOP('',(#4415));
#1231=EDGE_LOOP('',(#4416));
#1232=EDGE_LOOP('',(#4417));
#1233=EDGE_LOOP('',(#4418,#4419,#4420,#4421));
#1234=EDGE_LOOP('',(#4422,#4423,#4424,#4425));
#1235=EDGE_LOOP('',(#4426));
#1236=EDGE_LOOP('',(#4427));
#1237=EDGE_LOOP('',(#4428));
#1238=EDGE_LOOP('',(#4429));
#1239=EDGE_LOOP('',(#4430));
#1240=EDGE_LOOP('',(#4431));
#1241=EDGE_LOOP('',(#4432));
#1242=EDGE_LOOP('',(#4433));
#1243=EDGE_LOOP('',(#4434));
#1244=EDGE_LOOP('',(#4435));
#1245=EDGE_LOOP('',(#4436));
#1246=EDGE_LOOP('',(#4437));
#1247=EDGE_LOOP('',(#4438,#4439,#4440,#4441,#4442,#4443,#4444,#4445,#4446,
#4447,#4448,#4449,#4450,#4451,#4452,#4453));
#1248=EDGE_LOOP('',(#4454));
#1249=EDGE_LOOP('',(#4455,#4456,#4457,#4458,#4459,#4460,#4461,#4462,#4463,
#4464,#4465,#4466,#4467,#4468,#4469,#4470));
#1250=EDGE_LOOP('',(#4471));
#1251=EDGE_LOOP('',(#4472));
#1252=EDGE_LOOP('',(#4473));
#1253=EDGE_LOOP('',(#4474));
#1254=EDGE_LOOP('',(#4475));
#1255=EDGE_LOOP('',(#4476,#4477,#4478,#4479,#4480,#4481,#4482,#4483,#4484,
#4485,#4486,#4487,#4488,#4489,#4490,#4491));
#1256=EDGE_LOOP('',(#4492,#4493,#4494,#4495,#4496,#4497,#4498,#4499,#4500,
#4501,#4502,#4503,#4504,#4505,#4506,#4507));
#1257=EDGE_LOOP('',(#4508,#4509,#4510,#4511,#4512,#4513,#4514,#4515,#4516,
#4517,#4518,#4519,#4520,#4521,#4522,#4523));
#1258=EDGE_LOOP('',(#4524,#4525,#4526,#4527,#4528,#4529,#4530,#4531,#4532,
#4533,#4534,#4535,#4536,#4537,#4538,#4539));
#1259=EDGE_LOOP('',(#4540,#4541,#4542,#4543,#4544,#4545,#4546,#4547,#4548,
#4549,#4550,#4551,#4552,#4553,#4554,#4555));
#1260=EDGE_LOOP('',(#4556));
#1261=EDGE_LOOP('',(#4557));
#1262=EDGE_LOOP('',(#4558));
#1263=EDGE_LOOP('',(#4559));
#1264=EDGE_LOOP('',(#4560));
#1265=EDGE_LOOP('',(#4561));
#1266=EDGE_LOOP('',(#4562));
#1267=EDGE_LOOP('',(#4563));
#1268=EDGE_LOOP('',(#4564));
#1269=EDGE_LOOP('',(#4565));
#1270=EDGE_LOOP('',(#4566));
#1271=EDGE_LOOP('',(#4567));
#1272=EDGE_LOOP('',(#4568));
#1273=EDGE_LOOP('',(#4569));
#1274=EDGE_LOOP('',(#4570));
#1275=EDGE_LOOP('',(#4571));
#1276=EDGE_LOOP('',(#4572));
#1277=EDGE_LOOP('',(#4573));
#1278=EDGE_LOOP('',(#4574));
#1279=EDGE_LOOP('',(#4575));
#1280=EDGE_LOOP('',(#4576));
#1281=EDGE_LOOP('',(#4577));
#1282=EDGE_LOOP('',(#4578));
#1283=EDGE_LOOP('',(#4579));
#1284=EDGE_LOOP('',(#4580));
#1285=EDGE_LOOP('',(#4581));
#1286=EDGE_LOOP('',(#4582));
#1287=EDGE_LOOP('',(#4583));
#1288=EDGE_LOOP('',(#4584));
#1289=EDGE_LOOP('',(#4585));
#1290=EDGE_LOOP('',(#4586));
#1291=EDGE_LOOP('',(#4587));
#1292=EDGE_LOOP('',(#4588));
#1293=EDGE_LOOP('',(#4589));
#1294=EDGE_LOOP('',(#4590));
#1295=EDGE_LOOP('',(#4591));
#1296=EDGE_LOOP('',(#4592));
#1297=EDGE_LOOP('',(#4593));
#1298=EDGE_LOOP('',(#4594));
#1299=EDGE_LOOP('',(#4595));
#1300=EDGE_LOOP('',(#4596));
#1301=EDGE_LOOP('',(#4597));
#1302=EDGE_LOOP('',(#4598));
#1303=EDGE_LOOP('',(#4599));
#1304=EDGE_LOOP('',(#4600));
#1305=EDGE_LOOP('',(#4601,#4602,#4603,#4604));
#1306=EDGE_LOOP('',(#4605));
#1307=EDGE_LOOP('',(#4606));
#1308=EDGE_LOOP('',(#4607));
#1309=EDGE_LOOP('',(#4608));
#1310=EDGE_LOOP('',(#4609,#4610,#4611,#4612));
#1311=EDGE_LOOP('',(#4613,#4614,#4615,#4616));
#1312=EDGE_LOOP('',(#4617,#4618,#4619,#4620));
#1313=EDGE_LOOP('',(#4621,#4622,#4623,#4624));
#1314=EDGE_LOOP('',(#4625,#4626,#4627,#4628));
#1315=EDGE_LOOP('',(#4629,#4630,#4631,#4632));
#1316=EDGE_LOOP('',(#4633,#4634,#4635,#4636));
#1317=EDGE_LOOP('',(#4637,#4638,#4639,#4640));
#1318=EDGE_LOOP('',(#4641,#4642,#4643,#4644));
#1319=EDGE_LOOP('',(#4645,#4646,#4647,#4648));
#1320=EDGE_LOOP('',(#4649,#4650,#4651,#4652));
#1321=EDGE_LOOP('',(#4653,#4654,#4655,#4656));
#1322=EDGE_LOOP('',(#4657,#4658,#4659,#4660));
#1323=EDGE_LOOP('',(#4661,#4662,#4663,#4664));
#1324=EDGE_LOOP('',(#4665,#4666,#4667,#4668));
#1325=EDGE_LOOP('',(#4669,#4670,#4671,#4672));
#1326=EDGE_LOOP('',(#4673,#4674,#4675,#4676));
#1327=EDGE_LOOP('',(#4677,#4678,#4679,#4680));
#1328=EDGE_LOOP('',(#4681,#4682,#4683,#4684));
#1329=EDGE_LOOP('',(#4685,#4686,#4687,#4688));
#1330=EDGE_LOOP('',(#4689,#4690,#4691,#4692));
#1331=EDGE_LOOP('',(#4693,#4694,#4695,#4696));
#1332=EDGE_LOOP('',(#4697,#4698,#4699,#4700));
#1333=EDGE_LOOP('',(#4701,#4702,#4703,#4704));
#1334=EDGE_LOOP('',(#4705,#4706,#4707,#4708));
#1335=EDGE_LOOP('',(#4709,#4710,#4711,#4712));
#1336=EDGE_LOOP('',(#4713,#4714,#4715,#4716));
#1337=EDGE_LOOP('',(#4717,#4718,#4719,#4720));
#1338=EDGE_LOOP('',(#4721,#4722,#4723,#4724));
#1339=EDGE_LOOP('',(#4725,#4726,#4727,#4728));
#1340=EDGE_LOOP('',(#4729,#4730,#4731,#4732));
#1341=EDGE_LOOP('',(#4733,#4734,#4735,#4736));
#1342=EDGE_LOOP('',(#4737,#4738,#4739,#4740));
#1343=EDGE_LOOP('',(#4741,#4742,#4743,#4744));
#1344=EDGE_LOOP('',(#4745,#4746,#4747,#4748));
#1345=EDGE_LOOP('',(#4749,#4750,#4751,#4752));
#1346=EDGE_LOOP('',(#4753,#4754,#4755,#4756));
#1347=EDGE_LOOP('',(#4757,#4758,#4759,#4760));
#1348=EDGE_LOOP('',(#4761,#4762,#4763,#4764));
#1349=EDGE_LOOP('',(#4765,#4766,#4767,#4768));
#1350=EDGE_LOOP('',(#4769,#4770,#4771,#4772));
#1351=EDGE_LOOP('',(#4773,#4774,#4775,#4776));
#1352=EDGE_LOOP('',(#4777,#4778,#4779,#4780));
#1353=EDGE_LOOP('',(#4781,#4782,#4783,#4784));
#1354=EDGE_LOOP('',(#4785,#4786,#4787,#4788));
#1355=EDGE_LOOP('',(#4789,#4790,#4791,#4792));
#1356=EDGE_LOOP('',(#4793,#4794,#4795,#4796));
#1357=EDGE_LOOP('',(#4797,#4798,#4799,#4800));
#1358=EDGE_LOOP('',(#4801,#4802,#4803,#4804));
#1359=EDGE_LOOP('',(#4805,#4806,#4807,#4808));
#1360=EDGE_LOOP('',(#4809,#4810,#4811,#4812));
#1361=EDGE_LOOP('',(#4813,#4814,#4815,#4816));
#1362=EDGE_LOOP('',(#4817,#4818,#4819,#4820));
#1363=EDGE_LOOP('',(#4821,#4822,#4823,#4824));
#1364=EDGE_LOOP('',(#4825,#4826,#4827,#4828));
#1365=EDGE_LOOP('',(#4829,#4830,#4831,#4832));
#1366=EDGE_LOOP('',(#4833,#4834,#4835,#4836));
#1367=EDGE_LOOP('',(#4837,#4838,#4839,#4840));
#1368=EDGE_LOOP('',(#4841,#4842,#4843,#4844));
#1369=EDGE_LOOP('',(#4845,#4846,#4847,#4848));
#1370=EDGE_LOOP('',(#4849,#4850,#4851,#4852));
#1371=EDGE_LOOP('',(#4853,#4854,#4855,#4856));
#1372=EDGE_LOOP('',(#4857,#4858,#4859,#4860));
#1373=EDGE_LOOP('',(#4861,#4862,#4863,#4864));
#1374=EDGE_LOOP('',(#4865,#4866,#4867,#4868));
#1375=EDGE_LOOP('',(#4869,#4870,#4871,#4872));
#1376=EDGE_LOOP('',(#4873,#4874,#4875,#4876));
#1377=EDGE_LOOP('',(#4877,#4878,#4879,#4880));
#1378=EDGE_LOOP('',(#4881,#4882,#4883,#4884));
#1379=EDGE_LOOP('',(#4885,#4886,#4887,#4888));
#1380=EDGE_LOOP('',(#4889,#4890,#4891,#4892));
#1381=EDGE_LOOP('',(#4893,#4894,#4895,#4896));
#1382=EDGE_LOOP('',(#4897,#4898,#4899,#4900));
#1383=EDGE_LOOP('',(#4901,#4902,#4903,#4904));
#1384=EDGE_LOOP('',(#4905,#4906,#4907,#4908));
#1385=EDGE_LOOP('',(#4909,#4910,#4911,#4912));
#1386=EDGE_LOOP('',(#4913,#4914,#4915,#4916));
#1387=EDGE_LOOP('',(#4917,#4918,#4919,#4920));
#1388=EDGE_LOOP('',(#4921,#4922,#4923,#4924));
#1389=EDGE_LOOP('',(#4925,#4926,#4927,#4928));
#1390=EDGE_LOOP('',(#4929,#4930,#4931,#4932));
#1391=EDGE_LOOP('',(#4933,#4934,#4935,#4936));
#1392=EDGE_LOOP('',(#4937,#4938,#4939,#4940));
#1393=EDGE_LOOP('',(#4941,#4942,#4943,#4944));
#1394=EDGE_LOOP('',(#4945,#4946,#4947,#4948));
#1395=EDGE_LOOP('',(#4949,#4950,#4951,#4952));
#1396=EDGE_LOOP('',(#4953,#4954,#4955,#4956));
#1397=EDGE_LOOP('',(#4957,#4958,#4959,#4960));
#1398=EDGE_LOOP('',(#4961,#4962,#4963,#4964));
#1399=EDGE_LOOP('',(#4965,#4966,#4967,#4968));
#1400=EDGE_LOOP('',(#4969,#4970,#4971,#4972));
#1401=EDGE_LOOP('',(#4973,#4974,#4975,#4976));
#1402=EDGE_LOOP('',(#4977,#4978,#4979,#4980));
#1403=EDGE_LOOP('',(#4981,#4982,#4983,#4984));
#1404=EDGE_LOOP('',(#4985,#4986,#4987,#4988));
#1405=EDGE_LOOP('',(#4989,#4990,#4991,#4992));
#1406=EDGE_LOOP('',(#4993,#4994,#4995,#4996));
#1407=EDGE_LOOP('',(#4997,#4998,#4999,#5000));
#1408=EDGE_LOOP('',(#5001,#5002,#5003,#5004));
#1409=EDGE_LOOP('',(#5005,#5006,#5007,#5008));
#1410=EDGE_LOOP('',(#5009,#5010,#5011,#5012));
#1411=EDGE_LOOP('',(#5013,#5014,#5015,#5016));
#1412=EDGE_LOOP('',(#5017,#5018,#5019,#5020));
#1413=EDGE_LOOP('',(#5021,#5022,#5023,#5024));
#1414=EDGE_LOOP('',(#5025,#5026,#5027,#5028));
#1415=EDGE_LOOP('',(#5029,#5030,#5031,#5032));
#1416=EDGE_LOOP('',(#5033,#5034,#5035,#5036));
#1417=EDGE_LOOP('',(#5037,#5038,#5039,#5040));
#1418=EDGE_LOOP('',(#5041,#5042,#5043,#5044));
#1419=EDGE_LOOP('',(#5045,#5046,#5047,#5048));
#1420=EDGE_LOOP('',(#5049,#5050,#5051,#5052));
#1421=EDGE_LOOP('',(#5053,#5054,#5055,#5056));
#1422=EDGE_LOOP('',(#5057,#5058,#5059,#5060));
#1423=EDGE_LOOP('',(#5061,#5062,#5063,#5064));
#1424=EDGE_LOOP('',(#5065,#5066,#5067,#5068));
#1425=EDGE_LOOP('',(#5069,#5070,#5071,#5072));
#1426=EDGE_LOOP('',(#5073,#5074,#5075,#5076));
#1427=EDGE_LOOP('',(#5077,#5078,#5079,#5080));
#1428=EDGE_LOOP('',(#5081,#5082,#5083,#5084));
#1429=EDGE_LOOP('',(#5085,#5086,#5087,#5088));
#1430=EDGE_LOOP('',(#5089,#5090,#5091,#5092));
#1431=EDGE_LOOP('',(#5093,#5094,#5095,#5096));
#1432=EDGE_LOOP('',(#5097,#5098,#5099,#5100));
#1433=EDGE_LOOP('',(#5101,#5102,#5103,#5104));
#1434=EDGE_LOOP('',(#5105,#5106,#5107,#5108));
#1435=EDGE_LOOP('',(#5109,#5110,#5111,#5112));
#1436=EDGE_LOOP('',(#5113,#5114,#5115,#5116));
#1437=EDGE_LOOP('',(#5117,#5118,#5119,#5120));
#1438=EDGE_LOOP('',(#5121,#5122,#5123,#5124));
#1439=EDGE_LOOP('',(#5125,#5126,#5127,#5128));
#1440=EDGE_LOOP('',(#5129,#5130,#5131,#5132));
#1441=EDGE_LOOP('',(#5133,#5134,#5135,#5136));
#1442=EDGE_LOOP('',(#5137,#5138,#5139,#5140));
#1443=EDGE_LOOP('',(#5141,#5142,#5143,#5144));
#1444=EDGE_LOOP('',(#5145,#5146,#5147,#5148));
#1445=EDGE_LOOP('',(#5149,#5150,#5151,#5152));
#1446=EDGE_LOOP('',(#5153,#5154,#5155,#5156));
#1447=EDGE_LOOP('',(#5157,#5158,#5159,#5160));
#1448=EDGE_LOOP('',(#5161,#5162,#5163,#5164));
#1449=EDGE_LOOP('',(#5165,#5166,#5167,#5168));
#1450=EDGE_LOOP('',(#5169,#5170,#5171,#5172));
#1451=EDGE_LOOP('',(#5173,#5174,#5175,#5176));
#1452=EDGE_LOOP('',(#5177,#5178,#5179,#5180));
#1453=EDGE_LOOP('',(#5181,#5182,#5183,#5184));
#1454=EDGE_LOOP('',(#5185,#5186,#5187,#5188));
#1455=EDGE_LOOP('',(#5189,#5190,#5191,#5192));
#1456=EDGE_LOOP('',(#5193,#5194,#5195,#5196));
#1457=EDGE_LOOP('',(#5197,#5198,#5199,#5200));
#1458=EDGE_LOOP('',(#5201,#5202,#5203,#5204));
#1459=EDGE_LOOP('',(#5205,#5206,#5207,#5208));
#1460=EDGE_LOOP('',(#5209,#5210,#5211,#5212));
#1461=EDGE_LOOP('',(#5213,#5214,#5215,#5216));
#1462=EDGE_LOOP('',(#5217,#5218,#5219,#5220));
#1463=EDGE_LOOP('',(#5221,#5222,#5223,#5224));
#1464=EDGE_LOOP('',(#5225,#5226,#5227,#5228));
#1465=EDGE_LOOP('',(#5229,#5230,#5231,#5232));
#1466=EDGE_LOOP('',(#5233,#5234,#5235,#5236));
#1467=EDGE_LOOP('',(#5237,#5238,#5239,#5240));
#1468=EDGE_LOOP('',(#5241,#5242,#5243,#5244));
#1469=EDGE_LOOP('',(#5245,#5246,#5247,#5248));
#1470=EDGE_LOOP('',(#5249,#5250,#5251,#5252));
#1471=EDGE_LOOP('',(#5253,#5254,#5255,#5256));
#1472=EDGE_LOOP('',(#5257,#5258,#5259,#5260));
#1473=EDGE_LOOP('',(#5261,#5262,#5263,#5264));
#1474=EDGE_LOOP('',(#5265,#5266,#5267,#5268));
#1475=EDGE_LOOP('',(#5269,#5270,#5271,#5272));
#1476=EDGE_LOOP('',(#5273,#5274,#5275,#5276));
#1477=EDGE_LOOP('',(#5277,#5278,#5279,#5280));
#1478=EDGE_LOOP('',(#5281,#5282,#5283,#5284));
#1479=EDGE_LOOP('',(#5285,#5286,#5287,#5288));
#1480=EDGE_LOOP('',(#5289,#5290,#5291,#5292));
#1481=EDGE_LOOP('',(#5293,#5294,#5295,#5296));
#1482=EDGE_LOOP('',(#5297,#5298,#5299,#5300));
#1483=EDGE_LOOP('',(#5301,#5302,#5303,#5304));
#1484=EDGE_LOOP('',(#5305,#5306,#5307,#5308));
#1485=EDGE_LOOP('',(#5309,#5310,#5311,#5312));
#1486=EDGE_LOOP('',(#5313,#5314,#5315,#5316));
#1487=EDGE_LOOP('',(#5317,#5318,#5319,#5320));
#1488=EDGE_LOOP('',(#5321,#5322,#5323,#5324));
#1489=EDGE_LOOP('',(#5325,#5326,#5327,#5328));
#1490=EDGE_LOOP('',(#5329,#5330,#5331,#5332));
#1491=EDGE_LOOP('',(#5333,#5334,#5335,#5336));
#1492=EDGE_LOOP('',(#5337,#5338,#5339,#5340));
#1493=EDGE_LOOP('',(#5341,#5342,#5343,#5344));
#1494=EDGE_LOOP('',(#5345,#5346,#5347,#5348));
#1495=EDGE_LOOP('',(#5349,#5350,#5351,#5352));
#1496=EDGE_LOOP('',(#5353,#5354,#5355,#5356));
#1497=EDGE_LOOP('',(#5357,#5358,#5359,#5360));
#1498=EDGE_LOOP('',(#5361,#5362,#5363,#5364));
#1499=EDGE_LOOP('',(#5365,#5366,#5367,#5368));
#1500=EDGE_LOOP('',(#5369,#5370,#5371,#5372));
#1501=EDGE_LOOP('',(#5373,#5374,#5375,#5376,#5377,#5378,#5379,#5380));
#1502=EDGE_LOOP('',(#5381,#5382,#5383,#5384,#5385,#5386,#5387,#5388));
#1503=EDGE_LOOP('',(#5389,#5390,#5391,#5392));
#1504=EDGE_LOOP('',(#5393,#5394,#5395,#5396));
#1505=EDGE_LOOP('',(#5397,#5398,#5399,#5400,#5401,#5402,#5403,#5404,#5405,
#5406,#5407,#5408,#5409,#5410,#5411,#5412));
#1506=EDGE_LOOP('',(#5413));
#1507=EDGE_LOOP('',(#5414));
#1508=EDGE_LOOP('',(#5415));
#1509=EDGE_LOOP('',(#5416));
#1510=EDGE_LOOP('',(#5417,#5418,#5419,#5420));
#1511=EDGE_LOOP('',(#5421,#5422,#5423,#5424));
#1512=EDGE_LOOP('',(#5425,#5426,#5427,#5428));
#1513=EDGE_LOOP('',(#5429,#5430,#5431,#5432));
#1514=EDGE_LOOP('',(#5433,#5434,#5435,#5436));
#1515=EDGE_LOOP('',(#5437,#5438,#5439,#5440));
#1516=EDGE_LOOP('',(#5441,#5442,#5443,#5444));
#1517=EDGE_LOOP('',(#5445,#5446,#5447,#5448));
#1518=EDGE_LOOP('',(#5449,#5450,#5451,#5452));
#1519=EDGE_LOOP('',(#5453,#5454,#5455,#5456));
#1520=EDGE_LOOP('',(#5457,#5458,#5459,#5460));
#1521=EDGE_LOOP('',(#5461,#5462,#5463,#5464));
#1522=EDGE_LOOP('',(#5465,#5466,#5467,#5468));
#1523=EDGE_LOOP('',(#5469,#5470,#5471,#5472,#5473,#5474,#5475,#5476));
#1524=EDGE_LOOP('',(#5477));
#1525=EDGE_LOOP('',(#5478));
#1526=EDGE_LOOP('',(#5479));
#1527=EDGE_LOOP('',(#5480));
#1528=EDGE_LOOP('',(#5481,#5482,#5483,#5484));
#1529=EDGE_LOOP('',(#5485,#5486,#5487,#5488));
#1530=EDGE_LOOP('',(#5489,#5490,#5491,#5492));
#1531=EDGE_LOOP('',(#5493,#5494,#5495,#5496));
#1532=EDGE_LOOP('',(#5497,#5498,#5499,#5500));
#1533=EDGE_LOOP('',(#5501,#5502,#5503,#5504));
#1534=EDGE_LOOP('',(#5505,#5506,#5507,#5508));
#1535=EDGE_LOOP('',(#5509,#5510,#5511,#5512));
#1536=EDGE_LOOP('',(#5513,#5514,#5515,#5516));
#1537=EDGE_LOOP('',(#5517,#5518,#5519,#5520));
#1538=EDGE_LOOP('',(#5521,#5522,#5523,#5524));
#1539=EDGE_LOOP('',(#5525,#5526,#5527,#5528));
#1540=EDGE_LOOP('',(#5529,#5530,#5531,#5532));
#1541=EDGE_LOOP('',(#5533,#5534,#5535,#5536));
#1542=EDGE_LOOP('',(#5537,#5538,#5539,#5540,#5541,#5542,#5543,#5544));
#1543=EDGE_LOOP('',(#5545));
#1544=EDGE_LOOP('',(#5546,#5547,#5548,#5549,#5550,#5551,#5552,#5553));
#1545=EDGE_LOOP('',(#5554,#5555,#5556,#5557,#5558,#5559,#5560,#5561));
#1546=EDGE_LOOP('',(#5562,#5563,#5564,#5565,#5566,#5567,#5568,#5569));
#1547=EDGE_LOOP('',(#5570,#5571,#5572,#5573,#5574,#5575,#5576,#5577));
#1548=EDGE_LOOP('',(#5578,#5579,#5580,#5581,#5582,#5583,#5584,#5585));
#1549=EDGE_LOOP('',(#5586));
#1550=EDGE_LOOP('',(#5587));
#1551=EDGE_LOOP('',(#5588,#5589,#5590,#5591));
#1552=EDGE_LOOP('',(#5592));
#1553=EDGE_LOOP('',(#5593,#5594,#5595,#5596,#5597,#5598,#5599,#5600));
#1554=EDGE_LOOP('',(#5601,#5602,#5603,#5604,#5605,#5606,#5607,#5608));
#1555=EDGE_LOOP('',(#5609,#5610,#5611,#5612));
#1556=EDGE_LOOP('',(#5613,#5614,#5615,#5616));
#1557=EDGE_LOOP('',(#5617,#5618,#5619,#5620));
#1558=EDGE_LOOP('',(#5621,#5622,#5623,#5624));
#1559=EDGE_LOOP('',(#5625,#5626,#5627,#5628));
#1560=EDGE_LOOP('',(#5629,#5630,#5631,#5632));
#1561=EDGE_LOOP('',(#5633,#5634,#5635,#5636));
#1562=EDGE_LOOP('',(#5637,#5638,#5639,#5640));
#1563=EDGE_LOOP('',(#5641,#5642,#5643,#5644));
#1564=EDGE_LOOP('',(#5645,#5646,#5647,#5648));
#1565=EDGE_LOOP('',(#5649,#5650,#5651,#5652));
#1566=EDGE_LOOP('',(#5653,#5654,#5655,#5656));
#1567=EDGE_LOOP('',(#5657,#5658,#5659,#5660));
#1568=EDGE_LOOP('',(#5661,#5662,#5663,#5664));
#1569=EDGE_LOOP('',(#5665,#5666,#5667,#5668));
#1570=EDGE_LOOP('',(#5669,#5670,#5671,#5672,#5673,#5674,#5675,#5676));
#1571=EDGE_LOOP('',(#5677));
#1572=EDGE_LOOP('',(#5678,#5679,#5680,#5681,#5682,#5683,#5684,#5685));
#1573=EDGE_LOOP('',(#5686,#5687,#5688,#5689,#5690,#5691,#5692,#5693));
#1574=EDGE_LOOP('',(#5694,#5695,#5696,#5697));
#1575=EDGE_LOOP('',(#5698,#5699,#5700,#5701,#5702,#5703,#5704,#5705));
#1576=EDGE_LOOP('',(#5706,#5707,#5708,#5709,#5710,#5711,#5712,#5713));
#1577=EDGE_LOOP('',(#5714,#5715,#5716,#5717,#5718,#5719,#5720,#5721));
#1578=EDGE_LOOP('',(#5722));
#1579=EDGE_LOOP('',(#5723));
#1580=EDGE_LOOP('',(#5724));
#1581=EDGE_LOOP('',(#5725,#5726,#5727,#5728,#5729,#5730,#5731,#5732));
#1582=EDGE_LOOP('',(#5733,#5734,#5735,#5736,#5737,#5738,#5739,#5740));
#1583=EDGE_LOOP('',(#5741,#5742,#5743,#5744));
#1584=EDGE_LOOP('',(#5745,#5746,#5747,#5748));
#1585=EDGE_LOOP('',(#5749,#5750,#5751,#5752));
#1586=EDGE_LOOP('',(#5753,#5754,#5755,#5756));
#1587=EDGE_LOOP('',(#5757,#5758,#5759,#5760));
#1588=EDGE_LOOP('',(#5761,#5762,#5763,#5764));
#1589=EDGE_LOOP('',(#5765,#5766,#5767,#5768));
#1590=EDGE_LOOP('',(#5769,#5770,#5771,#5772));
#1591=EDGE_LOOP('',(#5773,#5774,#5775,#5776));
#1592=EDGE_LOOP('',(#5777,#5778,#5779,#5780));
#1593=EDGE_LOOP('',(#5781,#5782,#5783,#5784));
#1594=EDGE_LOOP('',(#5785,#5786,#5787,#5788));
#1595=EDGE_LOOP('',(#5789,#5790,#5791,#5792));
#1596=EDGE_LOOP('',(#5793,#5794,#5795,#5796));
#1597=EDGE_LOOP('',(#5797,#5798,#5799,#5800));
#1598=EDGE_LOOP('',(#5801,#5802,#5803,#5804));
#1599=EDGE_LOOP('',(#5805,#5806,#5807,#5808));
#1600=EDGE_LOOP('',(#5809,#5810,#5811,#5812));
#1601=EDGE_LOOP('',(#5813,#5814,#5815,#5816));
#1602=EDGE_LOOP('',(#5817,#5818,#5819,#5820));
#1603=EDGE_LOOP('',(#5821,#5822,#5823,#5824));
#1604=EDGE_LOOP('',(#5825,#5826,#5827,#5828));
#1605=EDGE_LOOP('',(#5829,#5830,#5831,#5832));
#1606=EDGE_LOOP('',(#5833,#5834,#5835,#5836));
#1607=EDGE_LOOP('',(#5837,#5838,#5839,#5840));
#1608=EDGE_LOOP('',(#5841,#5842,#5843,#5844));
#1609=EDGE_LOOP('',(#5845,#5846,#5847,#5848));
#1610=EDGE_LOOP('',(#5849,#5850,#5851,#5852));
#1611=EDGE_LOOP('',(#5853,#5854,#5855,#5856));
#1612=EDGE_LOOP('',(#5857,#5858,#5859,#5860));
#1613=EDGE_LOOP('',(#5861,#5862,#5863,#5864));
#1614=EDGE_LOOP('',(#5865,#5866,#5867,#5868));
#1615=EDGE_LOOP('',(#5869,#5870,#5871,#5872));
#1616=EDGE_LOOP('',(#5873,#5874,#5875,#5876));
#1617=EDGE_LOOP('',(#5877,#5878,#5879,#5880));
#1618=EDGE_LOOP('',(#5881,#5882,#5883,#5884));
#1619=EDGE_LOOP('',(#5885,#5886,#5887,#5888));
#1620=EDGE_LOOP('',(#5889,#5890,#5891,#5892));
#1621=EDGE_LOOP('',(#5893,#5894,#5895,#5896));
#1622=EDGE_LOOP('',(#5897,#5898,#5899,#5900));
#1623=EDGE_LOOP('',(#5901,#5902,#5903,#5904));
#1624=EDGE_LOOP('',(#5905,#5906,#5907,#5908));
#1625=EDGE_LOOP('',(#5909,#5910,#5911,#5912));
#1626=EDGE_LOOP('',(#5913,#5914,#5915,#5916));
#1627=EDGE_LOOP('',(#5917,#5918,#5919,#5920));
#1628=EDGE_LOOP('',(#5921,#5922,#5923,#5924));
#1629=EDGE_LOOP('',(#5925,#5926,#5927,#5928));
#1630=EDGE_LOOP('',(#5929,#5930,#5931,#5932));
#1631=EDGE_LOOP('',(#5933,#5934,#5935,#5936));
#1632=EDGE_LOOP('',(#5937,#5938,#5939,#5940));
#1633=EDGE_LOOP('',(#5941,#5942,#5943,#5944));
#1634=EDGE_LOOP('',(#5945,#5946,#5947,#5948));
#1635=EDGE_LOOP('',(#5949,#5950,#5951,#5952));
#1636=EDGE_LOOP('',(#5953,#5954,#5955,#5956));
#1637=EDGE_LOOP('',(#5957,#5958,#5959,#5960));
#1638=EDGE_LOOP('',(#5961,#5962,#5963,#5964));
#1639=EDGE_LOOP('',(#5965,#5966,#5967,#5968));
#1640=EDGE_LOOP('',(#5969,#5970,#5971,#5972));
#1641=EDGE_LOOP('',(#5973,#5974,#5975,#5976));
#1642=EDGE_LOOP('',(#5977,#5978,#5979,#5980));
#1643=EDGE_LOOP('',(#5981,#5982,#5983,#5984));
#1644=EDGE_LOOP('',(#5985,#5986,#5987,#5988));
#1645=EDGE_LOOP('',(#5989,#5990,#5991,#5992));
#1646=EDGE_LOOP('',(#5993,#5994,#5995,#5996));
#1647=EDGE_LOOP('',(#5997,#5998,#5999,#6000));
#1648=EDGE_LOOP('',(#6001,#6002,#6003,#6004));
#1649=EDGE_LOOP('',(#6005,#6006,#6007,#6008));
#1650=EDGE_LOOP('',(#6009,#6010,#6011,#6012));
#1651=EDGE_LOOP('',(#6013,#6014,#6015,#6016));
#1652=EDGE_LOOP('',(#6017,#6018,#6019,#6020));
#1653=EDGE_LOOP('',(#6021,#6022,#6023,#6024));
#1654=EDGE_LOOP('',(#6025,#6026,#6027,#6028));
#1655=EDGE_LOOP('',(#6029,#6030,#6031,#6032));
#1656=EDGE_LOOP('',(#6033,#6034,#6035,#6036));
#1657=EDGE_LOOP('',(#6037,#6038,#6039,#6040));
#1658=EDGE_LOOP('',(#6041,#6042,#6043,#6044));
#1659=EDGE_LOOP('',(#6045,#6046,#6047,#6048));
#1660=EDGE_LOOP('',(#6049,#6050,#6051,#6052));
#1661=EDGE_LOOP('',(#6053,#6054,#6055,#6056));
#1662=LINE('',#9226,#2173);
#1663=LINE('',#9228,#2174);
#1664=LINE('',#9230,#2175);
#1665=LINE('',#9231,#2176);
#1666=LINE('',#9234,#2177);
#1667=LINE('',#9236,#2178);
#1668=LINE('',#9237,#2179);
#1669=LINE('',#9240,#2180);
#1670=LINE('',#9242,#2181);
#1671=LINE('',#9243,#2182);
#1672=LINE('',#9245,#2183);
#1673=LINE('',#9246,#2184);
#1674=LINE('',#9278,#2185);
#1675=LINE('',#9286,#2186);
#1676=LINE('',#9294,#2187);
#1677=LINE('',#9302,#2188);
#1678=LINE('',#9312,#2189);
#1679=LINE('',#9320,#2190);
#1680=LINE('',#9328,#2191);
#1681=LINE('',#9336,#2192);
#1682=LINE('',#9354,#2193);
#1683=LINE('',#9362,#2194);
#1684=LINE('',#9370,#2195);
#1685=LINE('',#9378,#2196);
#1686=LINE('',#9386,#2197);
#1687=LINE('',#9394,#2198);
#1688=LINE('',#9402,#2199);
#1689=LINE('',#9410,#2200);
#1690=LINE('',#9418,#2201);
#1691=LINE('',#9426,#2202);
#1692=LINE('',#9434,#2203);
#1693=LINE('',#9442,#2204);
#1694=LINE('',#9450,#2205);
#1695=LINE('',#9458,#2206);
#1696=LINE('',#9466,#2207);
#1697=LINE('',#9474,#2208);
#1698=LINE('',#9482,#2209);
#1699=LINE('',#9490,#2210);
#1700=LINE('',#9498,#2211);
#1701=LINE('',#9506,#2212);
#1702=LINE('',#9602,#2213);
#1703=LINE('',#9605,#2214);
#1704=LINE('',#9618,#2215);
#1705=LINE('',#9621,#2216);
#1706=LINE('',#9653,#2217);
#1707=LINE('',#9661,#2218);
#1708=LINE('',#9669,#2219);
#1709=LINE('',#9677,#2220);
#1710=LINE('',#9687,#2221);
#1711=LINE('',#9695,#2222);
#1712=LINE('',#9703,#2223);
#1713=LINE('',#9711,#2224);
#1714=LINE('',#9729,#2225);
#1715=LINE('',#9737,#2226);
#1716=LINE('',#9745,#2227);
#1717=LINE('',#9753,#2228);
#1718=LINE('',#9761,#2229);
#1719=LINE('',#9769,#2230);
#1720=LINE('',#9777,#2231);
#1721=LINE('',#9785,#2232);
#1722=LINE('',#9793,#2233);
#1723=LINE('',#9801,#2234);
#1724=LINE('',#9809,#2235);
#1725=LINE('',#9817,#2236);
#1726=LINE('',#9825,#2237);
#1727=LINE('',#9833,#2238);
#1728=LINE('',#9841,#2239);
#1729=LINE('',#9849,#2240);
#1730=LINE('',#9857,#2241);
#1731=LINE('',#9865,#2242);
#1732=LINE('',#9873,#2243);
#1733=LINE('',#9881,#2244);
#1734=LINE('',#9977,#2245);
#1735=LINE('',#9980,#2246);
#1736=LINE('',#9993,#2247);
#1737=LINE('',#9996,#2248);
#1738=LINE('',#9998,#2249);
#1739=LINE('',#10000,#2250);
#1740=LINE('',#10002,#2251);
#1741=LINE('',#10004,#2252);
#1742=LINE('',#10006,#2253);
#1743=LINE('',#10008,#2254);
#1744=LINE('',#10010,#2255);
#1745=LINE('',#10012,#2256);
#1746=LINE('',#10014,#2257);
#1747=LINE('',#10016,#2258);
#1748=LINE('',#10018,#2259);
#1749=LINE('',#10020,#2260);
#1750=LINE('',#10022,#2261);
#1751=LINE('',#10023,#2262);
#1752=LINE('',#10025,#2263);
#1753=LINE('',#10027,#2264);
#1754=LINE('',#10029,#2265);
#1755=LINE('',#10031,#2266);
#1756=LINE('',#10033,#2267);
#1757=LINE('',#10035,#2268);
#1758=LINE('',#10037,#2269);
#1759=LINE('',#10039,#2270);
#1760=LINE('',#10041,#2271);
#1761=LINE('',#10043,#2272);
#1762=LINE('',#10045,#2273);
#1763=LINE('',#10047,#2274);
#1764=LINE('',#10049,#2275);
#1765=LINE('',#10051,#2276);
#1766=LINE('',#10054,#2277);
#1767=LINE('',#10056,#2278);
#1768=LINE('',#10057,#2279);
#1769=LINE('',#10059,#2280);
#1770=LINE('',#10061,#2281);
#1771=LINE('',#10063,#2282);
#1772=LINE('',#10065,#2283);
#1773=LINE('',#10067,#2284);
#1774=LINE('',#10069,#2285);
#1775=LINE('',#10071,#2286);
#1776=LINE('',#10073,#2287);
#1777=LINE('',#10075,#2288);
#1778=LINE('',#10077,#2289);
#1779=LINE('',#10079,#2290);
#1780=LINE('',#10081,#2291);
#1781=LINE('',#10083,#2292);
#1782=LINE('',#10085,#2293);
#1783=LINE('',#10088,#2294);
#1784=LINE('',#10090,#2295);
#1785=LINE('',#10092,#2296);
#1786=LINE('',#10094,#2297);
#1787=LINE('',#10096,#2298);
#1788=LINE('',#10098,#2299);
#1789=LINE('',#10099,#2300);
#1790=LINE('',#10101,#2301);
#1791=LINE('',#10103,#2302);
#1792=LINE('',#10105,#2303);
#1793=LINE('',#10107,#2304);
#1794=LINE('',#10109,#2305);
#1795=LINE('',#10111,#2306);
#1796=LINE('',#10113,#2307);
#1797=LINE('',#10115,#2308);
#1798=LINE('',#10117,#2309);
#1799=LINE('',#10119,#2310);
#1800=LINE('',#10121,#2311);
#1801=LINE('',#10123,#2312);
#1802=LINE('',#10125,#2313);
#1803=LINE('',#10127,#2314);
#1804=LINE('',#10130,#2315);
#1805=LINE('',#10131,#2316);
#1806=LINE('',#10133,#2317);
#1807=LINE('',#10135,#2318);
#1808=LINE('',#10137,#2319);
#1809=LINE('',#10139,#2320);
#1810=LINE('',#10141,#2321);
#1811=LINE('',#10143,#2322);
#1812=LINE('',#10145,#2323);
#1813=LINE('',#10147,#2324);
#1814=LINE('',#10149,#2325);
#1815=LINE('',#10151,#2326);
#1816=LINE('',#10153,#2327);
#1817=LINE('',#10155,#2328);
#1818=LINE('',#10157,#2329);
#1819=LINE('',#10159,#2330);
#1820=LINE('',#10162,#2331);
#1821=LINE('',#10163,#2332);
#1822=LINE('',#10165,#2333);
#1823=LINE('',#10167,#2334);
#1824=LINE('',#10169,#2335);
#1825=LINE('',#10171,#2336);
#1826=LINE('',#10173,#2337);
#1827=LINE('',#10175,#2338);
#1828=LINE('',#10177,#2339);
#1829=LINE('',#10179,#2340);
#1830=LINE('',#10181,#2341);
#1831=LINE('',#10183,#2342);
#1832=LINE('',#10185,#2343);
#1833=LINE('',#10187,#2344);
#1834=LINE('',#10189,#2345);
#1835=LINE('',#10191,#2346);
#1836=LINE('',#10194,#2347);
#1837=LINE('',#10195,#2348);
#1838=LINE('',#10197,#2349);
#1839=LINE('',#10199,#2350);
#1840=LINE('',#10201,#2351);
#1841=LINE('',#10203,#2352);
#1842=LINE('',#10205,#2353);
#1843=LINE('',#10207,#2354);
#1844=LINE('',#10209,#2355);
#1845=LINE('',#10211,#2356);
#1846=LINE('',#10213,#2357);
#1847=LINE('',#10215,#2358);
#1848=LINE('',#10217,#2359);
#1849=LINE('',#10219,#2360);
#1850=LINE('',#10221,#2361);
#1851=LINE('',#10223,#2362);
#1852=LINE('',#10226,#2363);
#1853=LINE('',#10227,#2364);
#1854=LINE('',#10229,#2365);
#1855=LINE('',#10231,#2366);
#1856=LINE('',#10233,#2367);
#1857=LINE('',#10235,#2368);
#1858=LINE('',#10237,#2369);
#1859=LINE('',#10239,#2370);
#1860=LINE('',#10241,#2371);
#1861=LINE('',#10243,#2372);
#1862=LINE('',#10245,#2373);
#1863=LINE('',#10247,#2374);
#1864=LINE('',#10249,#2375);
#1865=LINE('',#10251,#2376);
#1866=LINE('',#10253,#2377);
#1867=LINE('',#10255,#2378);
#1868=LINE('',#10258,#2379);
#1869=LINE('',#10260,#2380);
#1870=LINE('',#10262,#2381);
#1871=LINE('',#10264,#2382);
#1872=LINE('',#10266,#2383);
#1873=LINE('',#10268,#2384);
#1874=LINE('',#10270,#2385);
#1875=LINE('',#10272,#2386);
#1876=LINE('',#10274,#2387);
#1877=LINE('',#10276,#2388);
#1878=LINE('',#10278,#2389);
#1879=LINE('',#10280,#2390);
#1880=LINE('',#10282,#2391);
#1881=LINE('',#10284,#2392);
#1882=LINE('',#10286,#2393);
#1883=LINE('',#10288,#2394);
#1884=LINE('',#10290,#2395);
#1885=LINE('',#10292,#2396);
#1886=LINE('',#10294,#2397);
#1887=LINE('',#10296,#2398);
#1888=LINE('',#10298,#2399);
#1889=LINE('',#10300,#2400);
#1890=LINE('',#10302,#2401);
#1891=LINE('',#10304,#2402);
#1892=LINE('',#10306,#2403);
#1893=LINE('',#10308,#2404);
#1894=LINE('',#10310,#2405);
#1895=LINE('',#10312,#2406);
#1896=LINE('',#10314,#2407);
#1897=LINE('',#10316,#2408);
#1898=LINE('',#10318,#2409);
#1899=LINE('',#10320,#2410);
#1900=LINE('',#10322,#2411);
#1901=LINE('',#10324,#2412);
#1902=LINE('',#10326,#2413);
#1903=LINE('',#10328,#2414);
#1904=LINE('',#10330,#2415);
#1905=LINE('',#10332,#2416);
#1906=LINE('',#10334,#2417);
#1907=LINE('',#10336,#2418);
#1908=LINE('',#10338,#2419);
#1909=LINE('',#10340,#2420);
#1910=LINE('',#10342,#2421);
#1911=LINE('',#10344,#2422);
#1912=LINE('',#10346,#2423);
#1913=LINE('',#10348,#2424);
#1914=LINE('',#10349,#2425);
#1915=LINE('',#10351,#2426);
#1916=LINE('',#10353,#2427);
#1917=LINE('',#10356,#2428);
#1918=LINE('',#10358,#2429);
#1919=LINE('',#10360,#2430);
#1920=LINE('',#10362,#2431);
#1921=LINE('',#10364,#2432);
#1922=LINE('',#10365,#2433);
#1923=LINE('',#10367,#2434);
#1924=LINE('',#10369,#2435);
#1925=LINE('',#10374,#2436);
#1926=LINE('',#10376,#2437);
#1927=LINE('',#10378,#2438);
#1928=LINE('',#10379,#2439);
#1929=LINE('',#10382,#2440);
#1930=LINE('',#10384,#2441);
#1931=LINE('',#10385,#2442);
#1932=LINE('',#10388,#2443);
#1933=LINE('',#10390,#2444);
#1934=LINE('',#10391,#2445);
#1935=LINE('',#10394,#2446);
#1936=LINE('',#10396,#2447);
#1937=LINE('',#10398,#2448);
#1938=LINE('',#10400,#2449);
#1939=LINE('',#10401,#2450);
#1940=LINE('',#10404,#2451);
#1941=LINE('',#10406,#2452);
#1942=LINE('',#10408,#2453);
#1943=LINE('',#10410,#2454);
#1944=LINE('',#10411,#2455);
#1945=LINE('',#10417,#2456);
#1946=LINE('',#10420,#2457);
#1947=LINE('',#10423,#2458);
#1948=LINE('',#10425,#2459);
#1949=LINE('',#10426,#2460);
#1950=LINE('',#10430,#2461);
#1951=LINE('',#10434,#2462);
#1952=LINE('',#10437,#2463);
#1953=LINE('',#10439,#2464);
#1954=LINE('',#10440,#2465);
#1955=LINE('',#10453,#2466);
#1956=LINE('',#10457,#2467);
#1957=LINE('',#10458,#2468);
#1958=LINE('',#10461,#2469);
#1959=LINE('',#10464,#2470);
#1960=LINE('',#10467,#2471);
#1961=LINE('',#10468,#2472);
#1962=LINE('',#10471,#2473);
#1963=LINE('',#10472,#2474);
#1964=LINE('',#10474,#2475);
#1965=LINE('',#10477,#2476);
#1966=LINE('',#10481,#2477);
#1967=LINE('',#10485,#2478);
#1968=LINE('',#10489,#2479);
#1969=LINE('',#10496,#2480);
#1970=LINE('',#10498,#2481);
#1971=LINE('',#10500,#2482);
#1972=LINE('',#10501,#2483);
#1973=LINE('',#10504,#2484);
#1974=LINE('',#10506,#2485);
#1975=LINE('',#10507,#2486);
#1976=LINE('',#10510,#2487);
#1977=LINE('',#10512,#2488);
#1978=LINE('',#10513,#2489);
#1979=LINE('',#10515,#2490);
#1980=LINE('',#10516,#2491);
#1981=LINE('',#10520,#2492);
#1982=LINE('',#10522,#2493);
#1983=LINE('',#10524,#2494);
#1984=LINE('',#10525,#2495);
#1985=LINE('',#10528,#2496);
#1986=LINE('',#10530,#2497);
#1987=LINE('',#10531,#2498);
#1988=LINE('',#10534,#2499);
#1989=LINE('',#10535,#2500);
#1990=LINE('',#10539,#2501);
#1991=LINE('',#10541,#2502);
#1992=LINE('',#10543,#2503);
#1993=LINE('',#10544,#2504);
#1994=LINE('',#10547,#2505);
#1995=LINE('',#10549,#2506);
#1996=LINE('',#10550,#2507);
#1997=LINE('',#10553,#2508);
#1998=LINE('',#10555,#2509);
#1999=LINE('',#10556,#2510);
#2000=LINE('',#10558,#2511);
#2001=LINE('',#10559,#2512);
#2002=LINE('',#10562,#2513);
#2003=LINE('',#10564,#2514);
#2004=LINE('',#10565,#2515);
#2005=LINE('',#10568,#2516);
#2006=LINE('',#10569,#2517);
#2007=LINE('',#10575,#2518);
#2008=LINE('',#10579,#2519);
#2009=LINE('',#10583,#2520);
#2010=LINE('',#10586,#2521);
#2011=LINE('',#10593,#2522);
#2012=LINE('',#10597,#2523);
#2013=LINE('',#10601,#2524);
#2014=LINE('',#10604,#2525);
#2015=LINE('',#10609,#2526);
#2016=LINE('',#10613,#2527);
#2017=LINE('',#10617,#2528);
#2018=LINE('',#10620,#2529);
#2019=LINE('',#10625,#2530);
#2020=LINE('',#10629,#2531);
#2021=LINE('',#10633,#2532);
#2022=LINE('',#10636,#2533);
#2023=LINE('',#10641,#2534);
#2024=LINE('',#10645,#2535);
#2025=LINE('',#10649,#2536);
#2026=LINE('',#10652,#2537);
#2027=LINE('',#10657,#2538);
#2028=LINE('',#10661,#2539);
#2029=LINE('',#10665,#2540);
#2030=LINE('',#10668,#2541);
#2031=LINE('',#10674,#2542);
#2032=LINE('',#10675,#2543);
#2033=LINE('',#10682,#2544);
#2034=LINE('',#10686,#2545);
#2035=LINE('',#10690,#2546);
#2036=LINE('',#10693,#2547);
#2037=LINE('',#10698,#2548);
#2038=LINE('',#10702,#2549);
#2039=LINE('',#10706,#2550);
#2040=LINE('',#10709,#2551);
#2041=LINE('',#10720,#2552);
#2042=LINE('',#10721,#2553);
#2043=LINE('',#10732,#2554);
#2044=LINE('',#10733,#2555);
#2045=LINE('',#10735,#2556);
#2046=LINE('',#10746,#2557);
#2047=LINE('',#10747,#2558);
#2048=LINE('',#10758,#2559);
#2049=LINE('',#10759,#2560);
#2050=LINE('',#10761,#2561);
#2051=LINE('',#10763,#2562);
#2052=LINE('',#10765,#2563);
#2053=LINE('',#10767,#2564);
#2054=LINE('',#10769,#2565);
#2055=LINE('',#10771,#2566);
#2056=LINE('',#10772,#2567);
#2057=LINE('',#10779,#2568);
#2058=LINE('',#10783,#2569);
#2059=LINE('',#10787,#2570);
#2060=LINE('',#10790,#2571);
#2061=LINE('',#10795,#2572);
#2062=LINE('',#10799,#2573);
#2063=LINE('',#10803,#2574);
#2064=LINE('',#10806,#2575);
#2065=LINE('',#10808,#2576);
#2066=LINE('',#10809,#2577);
#2067=LINE('',#10814,#2578);
#2068=LINE('',#10818,#2579);
#2069=LINE('',#10822,#2580);
#2070=LINE('',#10825,#2581);
#2071=LINE('',#10830,#2582);
#2072=LINE('',#10834,#2583);
#2073=LINE('',#10838,#2584);
#2074=LINE('',#10841,#2585);
#2075=LINE('',#10846,#2586);
#2076=LINE('',#10850,#2587);
#2077=LINE('',#10854,#2588);
#2078=LINE('',#10857,#2589);
#2079=LINE('',#10868,#2590);
#2080=LINE('',#10872,#2591);
#2081=LINE('',#10876,#2592);
#2082=LINE('',#10879,#2593);
#2083=LINE('',#10884,#2594);
#2084=LINE('',#10888,#2595);
#2085=LINE('',#10892,#2596);
#2086=LINE('',#10895,#2597);
#2087=LINE('',#10897,#2598);
#2088=LINE('',#10898,#2599);
#2089=LINE('',#10900,#2600);
#2090=LINE('',#10902,#2601);
#2091=LINE('',#10904,#2602);
#2092=LINE('',#10906,#2603);
#2093=LINE('',#10908,#2604);
#2094=LINE('',#10910,#2605);
#2095=LINE('',#10913,#2606);
#2096=LINE('',#10914,#2607);
#2097=LINE('',#10916,#2608);
#2098=LINE('',#10918,#2609);
#2099=LINE('',#10920,#2610);
#2100=LINE('',#10922,#2611);
#2101=LINE('',#10924,#2612);
#2102=LINE('',#10926,#2613);
#2103=LINE('',#10929,#2614);
#2104=LINE('',#10931,#2615);
#2105=LINE('',#10934,#2616);
#2106=LINE('',#10936,#2617);
#2107=LINE('',#10938,#2618);
#2108=LINE('',#10939,#2619);
#2109=LINE('',#10941,#2620);
#2110=LINE('',#10943,#2621);
#2111=LINE('',#10945,#2622);
#2112=LINE('',#10947,#2623);
#2113=LINE('',#10949,#2624);
#2114=LINE('',#10951,#2625);
#2115=LINE('',#10954,#2626);
#2116=LINE('',#10955,#2627);
#2117=LINE('',#10957,#2628);
#2118=LINE('',#10959,#2629);
#2119=LINE('',#10961,#2630);
#2120=LINE('',#10963,#2631);
#2121=LINE('',#10965,#2632);
#2122=LINE('',#10967,#2633);
#2123=LINE('',#10970,#2634);
#2124=LINE('',#10971,#2635);
#2125=LINE('',#10973,#2636);
#2126=LINE('',#10975,#2637);
#2127=LINE('',#10977,#2638);
#2128=LINE('',#10979,#2639);
#2129=LINE('',#10981,#2640);
#2130=LINE('',#10983,#2641);
#2131=LINE('',#10986,#2642);
#2132=LINE('',#10989,#2643);
#2133=LINE('',#10990,#2644);
#2134=LINE('',#10992,#2645);
#2135=LINE('',#10994,#2646);
#2136=LINE('',#10996,#2647);
#2137=LINE('',#10998,#2648);
#2138=LINE('',#11000,#2649);
#2139=LINE('',#11002,#2650);
#2140=LINE('',#11005,#2651);
#2141=LINE('',#11006,#2652);
#2142=LINE('',#11008,#2653);
#2143=LINE('',#11010,#2654);
#2144=LINE('',#11012,#2655);
#2145=LINE('',#11014,#2656);
#2146=LINE('',#11016,#2657);
#2147=LINE('',#11018,#2658);
#2148=LINE('',#11021,#2659);
#2149=LINE('',#11027,#2660);
#2150=LINE('',#11029,#2661);
#2151=LINE('',#11031,#2662);
#2152=LINE('',#11032,#2663);
#2153=LINE('',#11035,#2664);
#2154=LINE('',#11037,#2665);
#2155=LINE('',#11039,#2666);
#2156=LINE('',#11040,#2667);
#2157=LINE('',#11044,#2668);
#2158=LINE('',#11045,#2669);
#2159=LINE('',#11046,#2670);
#2160=LINE('',#11049,#2671);
#2161=LINE('',#11050,#2672);
#2162=LINE('',#11053,#2673);
#2163=LINE('',#11054,#2674);
#2164=LINE('',#11056,#2675);
#2165=LINE('',#11059,#2676);
#2166=LINE('',#11061,#2677);
#2167=LINE('',#11062,#2678);
#2168=LINE('',#11065,#2679);
#2169=LINE('',#11066,#2680);
#2170=LINE('',#11069,#2681);
#2171=LINE('',#11070,#2682);
#2172=LINE('',#11072,#2683);
#2173=VECTOR('',#7248,10.);
#2174=VECTOR('',#7249,10.);
#2175=VECTOR('',#7250,10.);
#2176=VECTOR('',#7251,10.);
#2177=VECTOR('',#7254,10.);
#2178=VECTOR('',#7255,10.);
#2179=VECTOR('',#7256,10.);
#2180=VECTOR('',#7259,10.);
#2181=VECTOR('',#7260,10.);
#2182=VECTOR('',#7261,10.);
#2183=VECTOR('',#7264,10.);
#2184=VECTOR('',#7265,10.);
#2185=VECTOR('',#7296,1.0000000000002);
#2186=VECTOR('',#7303,1.);
#2187=VECTOR('',#7310,1.);
#2188=VECTOR('',#7317,1.);
#2189=VECTOR('',#7326,1.0000000000002);
#2190=VECTOR('',#7333,1.);
#2191=VECTOR('',#7340,1.);
#2192=VECTOR('',#7347,1.);
#2193=VECTOR('',#7364,1.);
#2194=VECTOR('',#7371,1.);
#2195=VECTOR('',#7378,1.);
#2196=VECTOR('',#7385,1.);
#2197=VECTOR('',#7392,1.0000000000002);
#2198=VECTOR('',#7399,1.);
#2199=VECTOR('',#7406,1.);
#2200=VECTOR('',#7413,1.);
#2201=VECTOR('',#7420,1.);
#2202=VECTOR('',#7427,1.);
#2203=VECTOR('',#7434,1.);
#2204=VECTOR('',#7441,1.);
#2205=VECTOR('',#7448,1.0000000000002);
#2206=VECTOR('',#7455,1.);
#2207=VECTOR('',#7462,1.);
#2208=VECTOR('',#7469,1.);
#2209=VECTOR('',#7476,1.);
#2210=VECTOR('',#7483,1.);
#2211=VECTOR('',#7490,1.);
#2212=VECTOR('',#7497,1.);
#2213=VECTOR('',#7592,1.);
#2214=VECTOR('',#7595,1.);
#2215=VECTOR('',#7606,1.);
#2216=VECTOR('',#7609,1.);
#2217=VECTOR('',#7640,1.);
#2218=VECTOR('',#7647,1.);
#2219=VECTOR('',#7654,1.);
#2220=VECTOR('',#7661,1.0000000000002);
#2221=VECTOR('',#7670,1.);
#2222=VECTOR('',#7677,1.);
#2223=VECTOR('',#7684,1.);
#2224=VECTOR('',#7691,1.0000000000002);
#2225=VECTOR('',#7708,1.);
#2226=VECTOR('',#7715,1.);
#2227=VECTOR('',#7722,1.);
#2228=VECTOR('',#7729,1.);
#2229=VECTOR('',#7736,1.);
#2230=VECTOR('',#7743,1.);
#2231=VECTOR('',#7750,1.);
#2232=VECTOR('',#7757,1.0000000000002);
#2233=VECTOR('',#7764,1.);
#2234=VECTOR('',#7771,1.);
#2235=VECTOR('',#7778,1.);
#2236=VECTOR('',#7785,1.);
#2237=VECTOR('',#7792,1.);
#2238=VECTOR('',#7799,1.);
#2239=VECTOR('',#7806,1.);
#2240=VECTOR('',#7813,1.0000000000002);
#2241=VECTOR('',#7820,1.);
#2242=VECTOR('',#7827,1.);
#2243=VECTOR('',#7834,1.);
#2244=VECTOR('',#7841,1.);
#2245=VECTOR('',#7936,1.);
#2246=VECTOR('',#7939,1.);
#2247=VECTOR('',#7950,1.);
#2248=VECTOR('',#7953,1.);
#2249=VECTOR('',#7956,0.4);
#2250=VECTOR('',#7959,0.4);
#2251=VECTOR('',#7962,0.4);
#2252=VECTOR('',#7965,0.4);
#2253=VECTOR('',#7968,0.4);
#2254=VECTOR('',#7971,0.4);
#2255=VECTOR('',#7974,0.4);
#2256=VECTOR('',#7977,0.4);
#2257=VECTOR('',#7980,0.4);
#2258=VECTOR('',#7983,0.4);
#2259=VECTOR('',#7986,0.4);
#2260=VECTOR('',#7989,0.4);
#2261=VECTOR('',#7992,1.);
#2262=VECTOR('',#7993,1.);
#2263=VECTOR('',#7996,1.);
#2264=VECTOR('',#7999,1.);
#2265=VECTOR('',#8002,1.);
#2266=VECTOR('',#8005,1.);
#2267=VECTOR('',#8008,1.);
#2268=VECTOR('',#8011,1.);
#2269=VECTOR('',#8014,1.);
#2270=VECTOR('',#8017,1.);
#2271=VECTOR('',#8020,1.);
#2272=VECTOR('',#8023,1.);
#2273=VECTOR('',#8026,1.);
#2274=VECTOR('',#8029,1.);
#2275=VECTOR('',#8032,1.);
#2276=VECTOR('',#8035,1.);
#2277=VECTOR('',#8040,0.4);
#2278=VECTOR('',#8043,1.);
#2279=VECTOR('',#8044,1.);
#2280=VECTOR('',#8047,1.);
#2281=VECTOR('',#8050,1.);
#2282=VECTOR('',#8053,1.);
#2283=VECTOR('',#8056,1.);
#2284=VECTOR('',#8059,1.);
#2285=VECTOR('',#8062,1.);
#2286=VECTOR('',#8065,1.);
#2287=VECTOR('',#8068,1.);
#2288=VECTOR('',#8071,1.);
#2289=VECTOR('',#8074,1.);
#2290=VECTOR('',#8077,1.);
#2291=VECTOR('',#8080,1.);
#2292=VECTOR('',#8083,1.);
#2293=VECTOR('',#8086,1.);
#2294=VECTOR('',#8091,0.4);
#2295=VECTOR('',#8094,0.85);
#2296=VECTOR('',#8097,0.75);
#2297=VECTOR('',#8100,2.);
#2298=VECTOR('',#8103,0.75);
#2299=VECTOR('',#8106,1.);
#2300=VECTOR('',#8107,1.);
#2301=VECTOR('',#8110,1.);
#2302=VECTOR('',#8113,1.);
#2303=VECTOR('',#8116,1.);
#2304=VECTOR('',#8119,1.);
#2305=VECTOR('',#8122,1.);
#2306=VECTOR('',#8125,1.);
#2307=VECTOR('',#8128,1.);
#2308=VECTOR('',#8131,1.);
#2309=VECTOR('',#8134,1.);
#2310=VECTOR('',#8137,1.);
#2311=VECTOR('',#8140,1.);
#2312=VECTOR('',#8143,1.);
#2313=VECTOR('',#8146,1.);
#2314=VECTOR('',#8149,1.);
#2315=VECTOR('',#8154,1.);
#2316=VECTOR('',#8155,1.);
#2317=VECTOR('',#8158,1.);
#2318=VECTOR('',#8161,1.);
#2319=VECTOR('',#8164,1.);
#2320=VECTOR('',#8167,1.);
#2321=VECTOR('',#8170,1.);
#2322=VECTOR('',#8173,1.);
#2323=VECTOR('',#8176,1.);
#2324=VECTOR('',#8179,1.);
#2325=VECTOR('',#8182,1.);
#2326=VECTOR('',#8185,1.);
#2327=VECTOR('',#8188,1.);
#2328=VECTOR('',#8191,1.);
#2329=VECTOR('',#8194,1.);
#2330=VECTOR('',#8197,1.);
#2331=VECTOR('',#8202,1.);
#2332=VECTOR('',#8203,1.);
#2333=VECTOR('',#8206,1.);
#2334=VECTOR('',#8209,1.);
#2335=VECTOR('',#8212,1.);
#2336=VECTOR('',#8215,1.);
#2337=VECTOR('',#8218,1.);
#2338=VECTOR('',#8221,1.);
#2339=VECTOR('',#8224,1.);
#2340=VECTOR('',#8227,1.);
#2341=VECTOR('',#8230,1.);
#2342=VECTOR('',#8233,1.);
#2343=VECTOR('',#8236,1.);
#2344=VECTOR('',#8239,1.);
#2345=VECTOR('',#8242,1.);
#2346=VECTOR('',#8245,1.);
#2347=VECTOR('',#8250,1.);
#2348=VECTOR('',#8251,1.);
#2349=VECTOR('',#8254,1.);
#2350=VECTOR('',#8257,1.);
#2351=VECTOR('',#8260,1.);
#2352=VECTOR('',#8263,1.);
#2353=VECTOR('',#8266,1.);
#2354=VECTOR('',#8269,1.);
#2355=VECTOR('',#8272,1.);
#2356=VECTOR('',#8275,1.);
#2357=VECTOR('',#8278,1.);
#2358=VECTOR('',#8281,1.);
#2359=VECTOR('',#8284,1.);
#2360=VECTOR('',#8287,1.);
#2361=VECTOR('',#8290,1.);
#2362=VECTOR('',#8293,1.);
#2363=VECTOR('',#8298,1.);
#2364=VECTOR('',#8299,1.);
#2365=VECTOR('',#8302,1.);
#2366=VECTOR('',#8305,1.);
#2367=VECTOR('',#8308,1.);
#2368=VECTOR('',#8311,1.);
#2369=VECTOR('',#8314,1.);
#2370=VECTOR('',#8317,1.);
#2371=VECTOR('',#8320,1.);
#2372=VECTOR('',#8323,1.);
#2373=VECTOR('',#8326,1.);
#2374=VECTOR('',#8329,1.);
#2375=VECTOR('',#8332,1.);
#2376=VECTOR('',#8335,1.);
#2377=VECTOR('',#8338,1.);
#2378=VECTOR('',#8341,1.);
#2379=VECTOR('',#8346,0.85);
#2380=VECTOR('',#8349,0.85);
#2381=VECTOR('',#8352,2.);
#2382=VECTOR('',#8355,0.75);
#2383=VECTOR('',#8358,0.85);
#2384=VECTOR('',#8361,0.75);
#2385=VECTOR('',#8364,0.85);
#2386=VECTOR('',#8367,0.75);
#2387=VECTOR('',#8370,2.);
#2388=VECTOR('',#8373,0.85);
#2389=VECTOR('',#8376,0.75);
#2390=VECTOR('',#8379,0.5);
#2391=VECTOR('',#8382,0.5);
#2392=VECTOR('',#8385,0.5);
#2393=VECTOR('',#8388,0.5);
#2394=VECTOR('',#8391,0.85);
#2395=VECTOR('',#8394,2.);
#2396=VECTOR('',#8397,0.75);
#2397=VECTOR('',#8400,0.75);
#2398=VECTOR('',#8403,0.5);
#2399=VECTOR('',#8406,0.5);
#2400=VECTOR('',#8409,0.5);
#2401=VECTOR('',#8412,0.5);
#2402=VECTOR('',#8415,0.5);
#2403=VECTOR('',#8418,0.5);
#2404=VECTOR('',#8421,0.5);
#2405=VECTOR('',#8424,0.5);
#2406=VECTOR('',#8427,0.5);
#2407=VECTOR('',#8430,0.5);
#2408=VECTOR('',#8433,0.5);
#2409=VECTOR('',#8436,0.5);
#2410=VECTOR('',#8439,0.5);
#2411=VECTOR('',#8442,0.5);
#2412=VECTOR('',#8445,0.85);
#2413=VECTOR('',#8448,0.85);
#2414=VECTOR('',#8451,2.);
#2415=VECTOR('',#8454,0.85);
#2416=VECTOR('',#8457,0.75);
#2417=VECTOR('',#8460,0.75);
#2418=VECTOR('',#8463,0.85);
#2419=VECTOR('',#8466,2.);
#2420=VECTOR('',#8469,0.85);
#2421=VECTOR('',#8472,0.75);
#2422=VECTOR('',#8475,0.75);
#2423=VECTOR('',#8478,0.5);
#2424=VECTOR('',#8481,1.);
#2425=VECTOR('',#8482,1.);
#2426=VECTOR('',#8485,1.);
#2427=VECTOR('',#8488,1.);
#2428=VECTOR('',#8493,0.5);
#2429=VECTOR('',#8496,0.5);
#2430=VECTOR('',#8499,0.5);
#2431=VECTOR('',#8502,0.5);
#2432=VECTOR('',#8505,1.);
#2433=VECTOR('',#8506,1.);
#2434=VECTOR('',#8509,1.);
#2435=VECTOR('',#8512,1.);
#2436=VECTOR('',#8517,10.);
#2437=VECTOR('',#8518,10.);
#2438=VECTOR('',#8519,10.);
#2439=VECTOR('',#8520,10.);
#2440=VECTOR('',#8523,10.);
#2441=VECTOR('',#8524,10.);
#2442=VECTOR('',#8525,10.);
#2443=VECTOR('',#8528,10.);
#2444=VECTOR('',#8529,10.);
#2445=VECTOR('',#8530,10.);
#2446=VECTOR('',#8533,10.);
#2447=VECTOR('',#8534,10.);
#2448=VECTOR('',#8535,10.);
#2449=VECTOR('',#8536,10.);
#2450=VECTOR('',#8537,10.);
#2451=VECTOR('',#8540,10.);
#2452=VECTOR('',#8541,10.);
#2453=VECTOR('',#8542,10.);
#2454=VECTOR('',#8543,10.);
#2455=VECTOR('',#8544,10.);
#2456=VECTOR('',#8549,10.);
#2457=VECTOR('',#8552,10.);
#2458=VECTOR('',#8555,10.);
#2459=VECTOR('',#8556,10.);
#2460=VECTOR('',#8557,10.);
#2461=VECTOR('',#8562,10.);
#2462=VECTOR('',#8565,10.);
#2463=VECTOR('',#8568,10.);
#2464=VECTOR('',#8569,10.);
#2465=VECTOR('',#8570,10.);
#2466=VECTOR('',#8585,10.);
#2467=VECTOR('',#8590,10.);
#2468=VECTOR('',#8591,10.);
#2469=VECTOR('',#8594,10.);
#2470=VECTOR('',#8599,10.);
#2471=VECTOR('',#8602,10.);
#2472=VECTOR('',#8603,10.);
#2473=VECTOR('',#8606,10.);
#2474=VECTOR('',#8607,10.);
#2475=VECTOR('',#8610,10.);
#2476=VECTOR('',#8613,1.45);
#2477=VECTOR('',#8618,1.45);
#2478=VECTOR('',#8623,1.45);
#2479=VECTOR('',#8628,1.45);
#2480=VECTOR('',#8637,10.);
#2481=VECTOR('',#8638,10.);
#2482=VECTOR('',#8639,10.);
#2483=VECTOR('',#8640,10.);
#2484=VECTOR('',#8643,10.);
#2485=VECTOR('',#8644,10.);
#2486=VECTOR('',#8645,10.);
#2487=VECTOR('',#8648,10.);
#2488=VECTOR('',#8649,10.);
#2489=VECTOR('',#8650,10.);
#2490=VECTOR('',#8653,10.);
#2491=VECTOR('',#8654,10.);
#2492=VECTOR('',#8657,10.);
#2493=VECTOR('',#8658,10.);
#2494=VECTOR('',#8659,10.);
#2495=VECTOR('',#8660,10.);
#2496=VECTOR('',#8663,10.);
#2497=VECTOR('',#8664,10.);
#2498=VECTOR('',#8665,10.);
#2499=VECTOR('',#8668,10.);
#2500=VECTOR('',#8669,10.);
#2501=VECTOR('',#8672,10.);
#2502=VECTOR('',#8673,10.);
#2503=VECTOR('',#8674,10.);
#2504=VECTOR('',#8675,10.);
#2505=VECTOR('',#8678,10.);
#2506=VECTOR('',#8679,10.);
#2507=VECTOR('',#8680,10.);
#2508=VECTOR('',#8683,10.);
#2509=VECTOR('',#8684,10.);
#2510=VECTOR('',#8685,10.);
#2511=VECTOR('',#8688,10.);
#2512=VECTOR('',#8689,10.);
#2513=VECTOR('',#8692,10.);
#2514=VECTOR('',#8693,10.);
#2515=VECTOR('',#8694,10.);
#2516=VECTOR('',#8697,10.);
#2517=VECTOR('',#8698,10.);
#2518=VECTOR('',#8703,10.);
#2519=VECTOR('',#8706,10.);
#2520=VECTOR('',#8709,10.);
#2521=VECTOR('',#8712,10.);
#2522=VECTOR('',#8717,10.);
#2523=VECTOR('',#8720,10.);
#2524=VECTOR('',#8723,10.);
#2525=VECTOR('',#8726,10.);
#2526=VECTOR('',#8729,10.);
#2527=VECTOR('',#8732,10.);
#2528=VECTOR('',#8735,10.);
#2529=VECTOR('',#8738,10.);
#2530=VECTOR('',#8741,10.);
#2531=VECTOR('',#8744,10.);
#2532=VECTOR('',#8747,10.);
#2533=VECTOR('',#8750,10.);
#2534=VECTOR('',#8753,10.);
#2535=VECTOR('',#8756,10.);
#2536=VECTOR('',#8759,10.);
#2537=VECTOR('',#8762,10.);
#2538=VECTOR('',#8765,10.);
#2539=VECTOR('',#8768,10.);
#2540=VECTOR('',#8771,10.);
#2541=VECTOR('',#8774,10.);
#2542=VECTOR('',#8779,10.);
#2543=VECTOR('',#8780,10.);
#2544=VECTOR('',#8785,10.);
#2545=VECTOR('',#8788,10.);
#2546=VECTOR('',#8791,10.);
#2547=VECTOR('',#8794,10.);
#2548=VECTOR('',#8797,10.);
#2549=VECTOR('',#8800,10.);
#2550=VECTOR('',#8803,10.);
#2551=VECTOR('',#8806,10.);
#2552=VECTOR('',#8819,10.);
#2553=VECTOR('',#8820,10.);
#2554=VECTOR('',#8833,10.);
#2555=VECTOR('',#8834,10.);
#2556=VECTOR('',#8837,10.);
#2557=VECTOR('',#8850,10.);
#2558=VECTOR('',#8851,10.);
#2559=VECTOR('',#8864,10.);
#2560=VECTOR('',#8865,10.);
#2561=VECTOR('',#8868,10.);
#2562=VECTOR('',#8871,10.);
#2563=VECTOR('',#8874,10.);
#2564=VECTOR('',#8877,10.);
#2565=VECTOR('',#8880,10.);
#2566=VECTOR('',#8883,10.);
#2567=VECTOR('',#8884,10.);
#2568=VECTOR('',#8889,10.);
#2569=VECTOR('',#8892,10.);
#2570=VECTOR('',#8895,10.);
#2571=VECTOR('',#8898,10.);
#2572=VECTOR('',#8901,10.);
#2573=VECTOR('',#8904,10.);
#2574=VECTOR('',#8907,10.);
#2575=VECTOR('',#8910,10.);
#2576=VECTOR('',#8911,10.);
#2577=VECTOR('',#8912,10.);
#2578=VECTOR('',#8915,10.);
#2579=VECTOR('',#8918,10.);
#2580=VECTOR('',#8921,10.);
#2581=VECTOR('',#8924,10.);
#2582=VECTOR('',#8927,10.);
#2583=VECTOR('',#8930,10.);
#2584=VECTOR('',#8933,10.);
#2585=VECTOR('',#8936,10.);
#2586=VECTOR('',#8939,10.);
#2587=VECTOR('',#8942,10.);
#2588=VECTOR('',#8945,10.);
#2589=VECTOR('',#8948,10.);
#2590=VECTOR('',#8957,10.);
#2591=VECTOR('',#8960,10.);
#2592=VECTOR('',#8963,10.);
#2593=VECTOR('',#8966,10.);
#2594=VECTOR('',#8969,10.);
#2595=VECTOR('',#8972,10.);
#2596=VECTOR('',#8975,10.);
#2597=VECTOR('',#8978,10.);
#2598=VECTOR('',#8981,10.);
#2599=VECTOR('',#8982,10.);
#2600=VECTOR('',#8985,10.);
#2601=VECTOR('',#8988,10.);
#2602=VECTOR('',#8991,10.);
#2603=VECTOR('',#8994,10.);
#2604=VECTOR('',#8997,10.);
#2605=VECTOR('',#9000,10.);
#2606=VECTOR('',#9005,10.);
#2607=VECTOR('',#9006,10.);
#2608=VECTOR('',#9009,10.);
#2609=VECTOR('',#9012,10.);
#2610=VECTOR('',#9015,10.);
#2611=VECTOR('',#9018,10.);
#2612=VECTOR('',#9021,10.);
#2613=VECTOR('',#9024,10.);
#2614=VECTOR('',#9029,1.45);
#2615=VECTOR('',#9032,10.);
#2616=VECTOR('',#9037,1.45);
#2617=VECTOR('',#9040,1.45);
#2618=VECTOR('',#9043,10.);
#2619=VECTOR('',#9044,10.);
#2620=VECTOR('',#9047,10.);
#2621=VECTOR('',#9050,10.);
#2622=VECTOR('',#9053,10.);
#2623=VECTOR('',#9056,10.);
#2624=VECTOR('',#9059,10.);
#2625=VECTOR('',#9062,10.);
#2626=VECTOR('',#9067,10.);
#2627=VECTOR('',#9068,10.);
#2628=VECTOR('',#9071,10.);
#2629=VECTOR('',#9074,10.);
#2630=VECTOR('',#9077,10.);
#2631=VECTOR('',#9080,10.);
#2632=VECTOR('',#9083,10.);
#2633=VECTOR('',#9086,10.);
#2634=VECTOR('',#9091,10.);
#2635=VECTOR('',#9092,10.);
#2636=VECTOR('',#9095,10.);
#2637=VECTOR('',#9098,10.);
#2638=VECTOR('',#9101,10.);
#2639=VECTOR('',#9104,10.);
#2640=VECTOR('',#9107,10.);
#2641=VECTOR('',#9110,10.);
#2642=VECTOR('',#9115,10.);
#2643=VECTOR('',#9120,10.);
#2644=VECTOR('',#9121,10.);
#2645=VECTOR('',#9124,10.);
#2646=VECTOR('',#9127,10.);
#2647=VECTOR('',#9130,10.);
#2648=VECTOR('',#9133,10.);
#2649=VECTOR('',#9136,10.);
#2650=VECTOR('',#9139,10.);
#2651=VECTOR('',#9144,10.);
#2652=VECTOR('',#9145,10.);
#2653=VECTOR('',#9148,10.);
#2654=VECTOR('',#9151,10.);
#2655=VECTOR('',#9154,10.);
#2656=VECTOR('',#9157,10.);
#2657=VECTOR('',#9160,10.);
#2658=VECTOR('',#9163,10.);
#2659=VECTOR('',#9168,1.45);
#2660=VECTOR('',#9175,10.);
#2661=VECTOR('',#9176,10.);
#2662=VECTOR('',#9177,10.);
#2663=VECTOR('',#9178,10.);
#2664=VECTOR('',#9179,10.);
#2665=VECTOR('',#9180,10.);
#2666=VECTOR('',#9181,10.);
#2667=VECTOR('',#9182,10.);
#2668=VECTOR('',#9185,10.);
#2669=VECTOR('',#9186,10.);
#2670=VECTOR('',#9187,10.);
#2671=VECTOR('',#9190,10.);
#2672=VECTOR('',#9191,10.);
#2673=VECTOR('',#9194,10.);
#2674=VECTOR('',#9195,10.);
#2675=VECTOR('',#9198,10.);
#2676=VECTOR('',#9201,10.);
#2677=VECTOR('',#9202,10.);
#2678=VECTOR('',#9203,10.);
#2679=VECTOR('',#9206,10.);
#2680=VECTOR('',#9207,10.);
#2681=VECTOR('',#9210,10.);
#2682=VECTOR('',#9211,10.);
#2683=VECTOR('',#9214,10.);
#2684=VERTEX_POINT('',#9224);
#2685=VERTEX_POINT('',#9225);
#2686=VERTEX_POINT('',#9227);
#2687=VERTEX_POINT('',#9229);
#2688=VERTEX_POINT('',#9233);
#2689=VERTEX_POINT('',#9235);
#2690=VERTEX_POINT('',#9239);
#2691=VERTEX_POINT('',#9241);
#2692=VERTEX_POINT('',#9248);
#2693=VERTEX_POINT('',#9250);
#2694=VERTEX_POINT('',#9252);
#2695=VERTEX_POINT('',#9254);
#2696=VERTEX_POINT('',#9256);
#2697=VERTEX_POINT('',#9258);
#2698=VERTEX_POINT('',#9260);
#2699=VERTEX_POINT('',#9262);
#2700=VERTEX_POINT('',#9264);
#2701=VERTEX_POINT('',#9266);
#2702=VERTEX_POINT('',#9268);
#2703=VERTEX_POINT('',#9270);
#2704=VERTEX_POINT('',#9272);
#2705=VERTEX_POINT('',#9273);
#2706=VERTEX_POINT('',#9275);
#2707=VERTEX_POINT('',#9277);
#2708=VERTEX_POINT('',#9279);
#2709=VERTEX_POINT('',#9281);
#2710=VERTEX_POINT('',#9283);
#2711=VERTEX_POINT('',#9285);
#2712=VERTEX_POINT('',#9287);
#2713=VERTEX_POINT('',#9289);
#2714=VERTEX_POINT('',#9291);
#2715=VERTEX_POINT('',#9293);
#2716=VERTEX_POINT('',#9295);
#2717=VERTEX_POINT('',#9297);
#2718=VERTEX_POINT('',#9299);
#2719=VERTEX_POINT('',#9301);
#2720=VERTEX_POINT('',#9304);
#2721=VERTEX_POINT('',#9306);
#2722=VERTEX_POINT('',#9307);
#2723=VERTEX_POINT('',#9309);
#2724=VERTEX_POINT('',#9311);
#2725=VERTEX_POINT('',#9313);
#2726=VERTEX_POINT('',#9315);
#2727=VERTEX_POINT('',#9317);
#2728=VERTEX_POINT('',#9319);
#2729=VERTEX_POINT('',#9321);
#2730=VERTEX_POINT('',#9323);
#2731=VERTEX_POINT('',#9325);
#2732=VERTEX_POINT('',#9327);
#2733=VERTEX_POINT('',#9329);
#2734=VERTEX_POINT('',#9331);
#2735=VERTEX_POINT('',#9333);
#2736=VERTEX_POINT('',#9335);
#2737=VERTEX_POINT('',#9338);
#2738=VERTEX_POINT('',#9340);
#2739=VERTEX_POINT('',#9342);
#2740=VERTEX_POINT('',#9344);
#2741=VERTEX_POINT('',#9346);
#2742=VERTEX_POINT('',#9348);
#2743=VERTEX_POINT('',#9349);
#2744=VERTEX_POINT('',#9351);
#2745=VERTEX_POINT('',#9353);
#2746=VERTEX_POINT('',#9355);
#2747=VERTEX_POINT('',#9357);
#2748=VERTEX_POINT('',#9359);
#2749=VERTEX_POINT('',#9361);
#2750=VERTEX_POINT('',#9363);
#2751=VERTEX_POINT('',#9365);
#2752=VERTEX_POINT('',#9367);
#2753=VERTEX_POINT('',#9369);
#2754=VERTEX_POINT('',#9371);
#2755=VERTEX_POINT('',#9373);
#2756=VERTEX_POINT('',#9375);
#2757=VERTEX_POINT('',#9377);
#2758=VERTEX_POINT('',#9380);
#2759=VERTEX_POINT('',#9381);
#2760=VERTEX_POINT('',#9383);
#2761=VERTEX_POINT('',#9385);
#2762=VERTEX_POINT('',#9387);
#2763=VERTEX_POINT('',#9389);
#2764=VERTEX_POINT('',#9391);
#2765=VERTEX_POINT('',#9393);
#2766=VERTEX_POINT('',#9395);
#2767=VERTEX_POINT('',#9397);
#2768=VERTEX_POINT('',#9399);
#2769=VERTEX_POINT('',#9401);
#2770=VERTEX_POINT('',#9403);
#2771=VERTEX_POINT('',#9405);
#2772=VERTEX_POINT('',#9407);
#2773=VERTEX_POINT('',#9409);
#2774=VERTEX_POINT('',#9412);
#2775=VERTEX_POINT('',#9413);
#2776=VERTEX_POINT('',#9415);
#2777=VERTEX_POINT('',#9417);
#2778=VERTEX_POINT('',#9419);
#2779=VERTEX_POINT('',#9421);
#2780=VERTEX_POINT('',#9423);
#2781=VERTEX_POINT('',#9425);
#2782=VERTEX_POINT('',#9427);
#2783=VERTEX_POINT('',#9429);
#2784=VERTEX_POINT('',#9431);
#2785=VERTEX_POINT('',#9433);
#2786=VERTEX_POINT('',#9435);
#2787=VERTEX_POINT('',#9437);
#2788=VERTEX_POINT('',#9439);
#2789=VERTEX_POINT('',#9441);
#2790=VERTEX_POINT('',#9444);
#2791=VERTEX_POINT('',#9445);
#2792=VERTEX_POINT('',#9447);
#2793=VERTEX_POINT('',#9449);
#2794=VERTEX_POINT('',#9451);
#2795=VERTEX_POINT('',#9453);
#2796=VERTEX_POINT('',#9455);
#2797=VERTEX_POINT('',#9457);
#2798=VERTEX_POINT('',#9459);
#2799=VERTEX_POINT('',#9461);
#2800=VERTEX_POINT('',#9463);
#2801=VERTEX_POINT('',#9465);
#2802=VERTEX_POINT('',#9467);
#2803=VERTEX_POINT('',#9469);
#2804=VERTEX_POINT('',#9471);
#2805=VERTEX_POINT('',#9473);
#2806=VERTEX_POINT('',#9476);
#2807=VERTEX_POINT('',#9477);
#2808=VERTEX_POINT('',#9479);
#2809=VERTEX_POINT('',#9481);
#2810=VERTEX_POINT('',#9483);
#2811=VERTEX_POINT('',#9485);
#2812=VERTEX_POINT('',#9487);
#2813=VERTEX_POINT('',#9489);
#2814=VERTEX_POINT('',#9491);
#2815=VERTEX_POINT('',#9493);
#2816=VERTEX_POINT('',#9495);
#2817=VERTEX_POINT('',#9497);
#2818=VERTEX_POINT('',#9499);
#2819=VERTEX_POINT('',#9501);
#2820=VERTEX_POINT('',#9503);
#2821=VERTEX_POINT('',#9505);
#2822=VERTEX_POINT('',#9508);
#2823=VERTEX_POINT('',#9510);
#2824=VERTEX_POINT('',#9512);
#2825=VERTEX_POINT('',#9514);
#2826=VERTEX_POINT('',#9516);
#2827=VERTEX_POINT('',#9518);
#2828=VERTEX_POINT('',#9520);
#2829=VERTEX_POINT('',#9522);
#2830=VERTEX_POINT('',#9524);
#2831=VERTEX_POINT('',#9526);
#2832=VERTEX_POINT('',#9528);
#2833=VERTEX_POINT('',#9530);
#2834=VERTEX_POINT('',#9532);
#2835=VERTEX_POINT('',#9534);
#2836=VERTEX_POINT('',#9536);
#2837=VERTEX_POINT('',#9538);
#2838=VERTEX_POINT('',#9540);
#2839=VERTEX_POINT('',#9542);
#2840=VERTEX_POINT('',#9544);
#2841=VERTEX_POINT('',#9546);
#2842=VERTEX_POINT('',#9548);
#2843=VERTEX_POINT('',#9550);
#2844=VERTEX_POINT('',#9552);
#2845=VERTEX_POINT('',#9554);
#2846=VERTEX_POINT('',#9556);
#2847=VERTEX_POINT('',#9558);
#2848=VERTEX_POINT('',#9560);
#2849=VERTEX_POINT('',#9562);
#2850=VERTEX_POINT('',#9564);
#2851=VERTEX_POINT('',#9566);
#2852=VERTEX_POINT('',#9568);
#2853=VERTEX_POINT('',#9570);
#2854=VERTEX_POINT('',#9572);
#2855=VERTEX_POINT('',#9574);
#2856=VERTEX_POINT('',#9576);
#2857=VERTEX_POINT('',#9578);
#2858=VERTEX_POINT('',#9580);
#2859=VERTEX_POINT('',#9582);
#2860=VERTEX_POINT('',#9584);
#2861=VERTEX_POINT('',#9586);
#2862=VERTEX_POINT('',#9588);
#2863=VERTEX_POINT('',#9590);
#2864=VERTEX_POINT('',#9592);
#2865=VERTEX_POINT('',#9594);
#2866=VERTEX_POINT('',#9596);
#2867=VERTEX_POINT('',#9598);
#2868=VERTEX_POINT('',#9599);
#2869=VERTEX_POINT('',#9601);
#2870=VERTEX_POINT('',#9603);
#2871=VERTEX_POINT('',#9606);
#2872=VERTEX_POINT('',#9608);
#2873=VERTEX_POINT('',#9610);
#2874=VERTEX_POINT('',#9612);
#2875=VERTEX_POINT('',#9614);
#2876=VERTEX_POINT('',#9615);
#2877=VERTEX_POINT('',#9617);
#2878=VERTEX_POINT('',#9619);
#2879=VERTEX_POINT('',#9623);
#2880=VERTEX_POINT('',#9625);
#2881=VERTEX_POINT('',#9627);
#2882=VERTEX_POINT('',#9629);
#2883=VERTEX_POINT('',#9631);
#2884=VERTEX_POINT('',#9633);
#2885=VERTEX_POINT('',#9635);
#2886=VERTEX_POINT('',#9637);
#2887=VERTEX_POINT('',#9639);
#2888=VERTEX_POINT('',#9641);
#2889=VERTEX_POINT('',#9643);
#2890=VERTEX_POINT('',#9645);
#2891=VERTEX_POINT('',#9647);
#2892=VERTEX_POINT('',#9648);
#2893=VERTEX_POINT('',#9650);
#2894=VERTEX_POINT('',#9652);
#2895=VERTEX_POINT('',#9654);
#2896=VERTEX_POINT('',#9656);
#2897=VERTEX_POINT('',#9658);
#2898=VERTEX_POINT('',#9660);
#2899=VERTEX_POINT('',#9662);
#2900=VERTEX_POINT('',#9664);
#2901=VERTEX_POINT('',#9666);
#2902=VERTEX_POINT('',#9668);
#2903=VERTEX_POINT('',#9670);
#2904=VERTEX_POINT('',#9672);
#2905=VERTEX_POINT('',#9674);
#2906=VERTEX_POINT('',#9676);
#2907=VERTEX_POINT('',#9679);
#2908=VERTEX_POINT('',#9681);
#2909=VERTEX_POINT('',#9682);
#2910=VERTEX_POINT('',#9684);
#2911=VERTEX_POINT('',#9686);
#2912=VERTEX_POINT('',#9688);
#2913=VERTEX_POINT('',#9690);
#2914=VERTEX_POINT('',#9692);
#2915=VERTEX_POINT('',#9694);
#2916=VERTEX_POINT('',#9696);
#2917=VERTEX_POINT('',#9698);
#2918=VERTEX_POINT('',#9700);
#2919=VERTEX_POINT('',#9702);
#2920=VERTEX_POINT('',#9704);
#2921=VERTEX_POINT('',#9706);
#2922=VERTEX_POINT('',#9708);
#2923=VERTEX_POINT('',#9710);
#2924=VERTEX_POINT('',#9713);
#2925=VERTEX_POINT('',#9715);
#2926=VERTEX_POINT('',#9717);
#2927=VERTEX_POINT('',#9719);
#2928=VERTEX_POINT('',#9721);
#2929=VERTEX_POINT('',#9723);
#2930=VERTEX_POINT('',#9724);
#2931=VERTEX_POINT('',#9726);
#2932=VERTEX_POINT('',#9728);
#2933=VERTEX_POINT('',#9730);
#2934=VERTEX_POINT('',#9732);
#2935=VERTEX_POINT('',#9734);
#2936=VERTEX_POINT('',#9736);
#2937=VERTEX_POINT('',#9738);
#2938=VERTEX_POINT('',#9740);
#2939=VERTEX_POINT('',#9742);
#2940=VERTEX_POINT('',#9744);
#2941=VERTEX_POINT('',#9746);
#2942=VERTEX_POINT('',#9748);
#2943=VERTEX_POINT('',#9750);
#2944=VERTEX_POINT('',#9752);
#2945=VERTEX_POINT('',#9755);
#2946=VERTEX_POINT('',#9756);
#2947=VERTEX_POINT('',#9758);
#2948=VERTEX_POINT('',#9760);
#2949=VERTEX_POINT('',#9762);
#2950=VERTEX_POINT('',#9764);
#2951=VERTEX_POINT('',#9766);
#2952=VERTEX_POINT('',#9768);
#2953=VERTEX_POINT('',#9770);
#2954=VERTEX_POINT('',#9772);
#2955=VERTEX_POINT('',#9774);
#2956=VERTEX_POINT('',#9776);
#2957=VERTEX_POINT('',#9778);
#2958=VERTEX_POINT('',#9780);
#2959=VERTEX_POINT('',#9782);
#2960=VERTEX_POINT('',#9784);
#2961=VERTEX_POINT('',#9787);
#2962=VERTEX_POINT('',#9788);
#2963=VERTEX_POINT('',#9790);
#2964=VERTEX_POINT('',#9792);
#2965=VERTEX_POINT('',#9794);
#2966=VERTEX_POINT('',#9796);
#2967=VERTEX_POINT('',#9798);
#2968=VERTEX_POINT('',#9800);
#2969=VERTEX_POINT('',#9802);
#2970=VERTEX_POINT('',#9804);
#2971=VERTEX_POINT('',#9806);
#2972=VERTEX_POINT('',#9808);
#2973=VERTEX_POINT('',#9810);
#2974=VERTEX_POINT('',#9812);
#2975=VERTEX_POINT('',#9814);
#2976=VERTEX_POINT('',#9816);
#2977=VERTEX_POINT('',#9819);
#2978=VERTEX_POINT('',#9820);
#2979=VERTEX_POINT('',#9822);
#2980=VERTEX_POINT('',#9824);
#2981=VERTEX_POINT('',#9826);
#2982=VERTEX_POINT('',#9828);
#2983=VERTEX_POINT('',#9830);
#2984=VERTEX_POINT('',#9832);
#2985=VERTEX_POINT('',#9834);
#2986=VERTEX_POINT('',#9836);
#2987=VERTEX_POINT('',#9838);
#2988=VERTEX_POINT('',#9840);
#2989=VERTEX_POINT('',#9842);
#2990=VERTEX_POINT('',#9844);
#2991=VERTEX_POINT('',#9846);
#2992=VERTEX_POINT('',#9848);
#2993=VERTEX_POINT('',#9851);
#2994=VERTEX_POINT('',#9852);
#2995=VERTEX_POINT('',#9854);
#2996=VERTEX_POINT('',#9856);
#2997=VERTEX_POINT('',#9858);
#2998=VERTEX_POINT('',#9860);
#2999=VERTEX_POINT('',#9862);
#3000=VERTEX_POINT('',#9864);
#3001=VERTEX_POINT('',#9866);
#3002=VERTEX_POINT('',#9868);
#3003=VERTEX_POINT('',#9870);
#3004=VERTEX_POINT('',#9872);
#3005=VERTEX_POINT('',#9874);
#3006=VERTEX_POINT('',#9876);
#3007=VERTEX_POINT('',#9878);
#3008=VERTEX_POINT('',#9880);
#3009=VERTEX_POINT('',#9883);
#3010=VERTEX_POINT('',#9885);
#3011=VERTEX_POINT('',#9887);
#3012=VERTEX_POINT('',#9889);
#3013=VERTEX_POINT('',#9891);
#3014=VERTEX_POINT('',#9893);
#3015=VERTEX_POINT('',#9895);
#3016=VERTEX_POINT('',#9897);
#3017=VERTEX_POINT('',#9899);
#3018=VERTEX_POINT('',#9901);
#3019=VERTEX_POINT('',#9903);
#3020=VERTEX_POINT('',#9905);
#3021=VERTEX_POINT('',#9907);
#3022=VERTEX_POINT('',#9909);
#3023=VERTEX_POINT('',#9911);
#3024=VERTEX_POINT('',#9913);
#3025=VERTEX_POINT('',#9915);
#3026=VERTEX_POINT('',#9917);
#3027=VERTEX_POINT('',#9919);
#3028=VERTEX_POINT('',#9921);
#3029=VERTEX_POINT('',#9923);
#3030=VERTEX_POINT('',#9925);
#3031=VERTEX_POINT('',#9927);
#3032=VERTEX_POINT('',#9929);
#3033=VERTEX_POINT('',#9931);
#3034=VERTEX_POINT('',#9933);
#3035=VERTEX_POINT('',#9935);
#3036=VERTEX_POINT('',#9937);
#3037=VERTEX_POINT('',#9939);
#3038=VERTEX_POINT('',#9941);
#3039=VERTEX_POINT('',#9943);
#3040=VERTEX_POINT('',#9945);
#3041=VERTEX_POINT('',#9947);
#3042=VERTEX_POINT('',#9949);
#3043=VERTEX_POINT('',#9951);
#3044=VERTEX_POINT('',#9953);
#3045=VERTEX_POINT('',#9955);
#3046=VERTEX_POINT('',#9957);
#3047=VERTEX_POINT('',#9959);
#3048=VERTEX_POINT('',#9961);
#3049=VERTEX_POINT('',#9963);
#3050=VERTEX_POINT('',#9965);
#3051=VERTEX_POINT('',#9967);
#3052=VERTEX_POINT('',#9969);
#3053=VERTEX_POINT('',#9971);
#3054=VERTEX_POINT('',#9973);
#3055=VERTEX_POINT('',#9974);
#3056=VERTEX_POINT('',#9976);
#3057=VERTEX_POINT('',#9978);
#3058=VERTEX_POINT('',#9981);
#3059=VERTEX_POINT('',#9983);
#3060=VERTEX_POINT('',#9985);
#3061=VERTEX_POINT('',#9987);
#3062=VERTEX_POINT('',#9989);
#3063=VERTEX_POINT('',#9990);
#3064=VERTEX_POINT('',#9992);
#3065=VERTEX_POINT('',#9994);
#3066=VERTEX_POINT('',#10372);
#3067=VERTEX_POINT('',#10373);
#3068=VERTEX_POINT('',#10375);
#3069=VERTEX_POINT('',#10377);
#3070=VERTEX_POINT('',#10381);
#3071=VERTEX_POINT('',#10383);
#3072=VERTEX_POINT('',#10387);
#3073=VERTEX_POINT('',#10389);
#3074=VERTEX_POINT('',#10393);
#3075=VERTEX_POINT('',#10395);
#3076=VERTEX_POINT('',#10397);
#3077=VERTEX_POINT('',#10399);
#3078=VERTEX_POINT('',#10403);
#3079=VERTEX_POINT('',#10405);
#3080=VERTEX_POINT('',#10407);
#3081=VERTEX_POINT('',#10409);
#3082=VERTEX_POINT('',#10413);
#3083=VERTEX_POINT('',#10414);
#3084=VERTEX_POINT('',#10416);
#3085=VERTEX_POINT('',#10418);
#3086=VERTEX_POINT('',#10422);
#3087=VERTEX_POINT('',#10424);
#3088=VERTEX_POINT('',#10429);
#3089=VERTEX_POINT('',#10431);
#3090=VERTEX_POINT('',#10433);
#3091=VERTEX_POINT('',#10436);
#3092=VERTEX_POINT('',#10438);
#3093=VERTEX_POINT('',#10441);
#3094=VERTEX_POINT('',#10443);
#3095=VERTEX_POINT('',#10445);
#3096=VERTEX_POINT('',#10447);
#3097=VERTEX_POINT('',#10452);
#3098=VERTEX_POINT('',#10456);
#3099=VERTEX_POINT('',#10460);
#3100=VERTEX_POINT('',#10466);
#3101=VERTEX_POINT('',#10470);
#3102=VERTEX_POINT('',#10476);
#3103=VERTEX_POINT('',#10480);
#3104=VERTEX_POINT('',#10484);
#3105=VERTEX_POINT('',#10488);
#3106=VERTEX_POINT('',#10494);
#3107=VERTEX_POINT('',#10495);
#3108=VERTEX_POINT('',#10497);
#3109=VERTEX_POINT('',#10499);
#3110=VERTEX_POINT('',#10503);
#3111=VERTEX_POINT('',#10505);
#3112=VERTEX_POINT('',#10509);
#3113=VERTEX_POINT('',#10511);
#3114=VERTEX_POINT('',#10518);
#3115=VERTEX_POINT('',#10519);
#3116=VERTEX_POINT('',#10521);
#3117=VERTEX_POINT('',#10523);
#3118=VERTEX_POINT('',#10527);
#3119=VERTEX_POINT('',#10529);
#3120=VERTEX_POINT('',#10533);
#3121=VERTEX_POINT('',#10537);
#3122=VERTEX_POINT('',#10538);
#3123=VERTEX_POINT('',#10540);
#3124=VERTEX_POINT('',#10542);
#3125=VERTEX_POINT('',#10546);
#3126=VERTEX_POINT('',#10548);
#3127=VERTEX_POINT('',#10552);
#3128=VERTEX_POINT('',#10554);
#3129=VERTEX_POINT('',#10561);
#3130=VERTEX_POINT('',#10563);
#3131=VERTEX_POINT('',#10567);
#3132=VERTEX_POINT('',#10571);
#3133=VERTEX_POINT('',#10572);
#3134=VERTEX_POINT('',#10574);
#3135=VERTEX_POINT('',#10576);
#3136=VERTEX_POINT('',#10578);
#3137=VERTEX_POINT('',#10580);
#3138=VERTEX_POINT('',#10582);
#3139=VERTEX_POINT('',#10584);
#3140=VERTEX_POINT('',#10587);
#3141=VERTEX_POINT('',#10589);
#3142=VERTEX_POINT('',#10590);
#3143=VERTEX_POINT('',#10592);
#3144=VERTEX_POINT('',#10594);
#3145=VERTEX_POINT('',#10596);
#3146=VERTEX_POINT('',#10598);
#3147=VERTEX_POINT('',#10600);
#3148=VERTEX_POINT('',#10602);
#3149=VERTEX_POINT('',#10605);
#3150=VERTEX_POINT('',#10606);
#3151=VERTEX_POINT('',#10608);
#3152=VERTEX_POINT('',#10610);
#3153=VERTEX_POINT('',#10612);
#3154=VERTEX_POINT('',#10614);
#3155=VERTEX_POINT('',#10616);
#3156=VERTEX_POINT('',#10618);
#3157=VERTEX_POINT('',#10621);
#3158=VERTEX_POINT('',#10622);
#3159=VERTEX_POINT('',#10624);
#3160=VERTEX_POINT('',#10626);
#3161=VERTEX_POINT('',#10628);
#3162=VERTEX_POINT('',#10630);
#3163=VERTEX_POINT('',#10632);
#3164=VERTEX_POINT('',#10634);
#3165=VERTEX_POINT('',#10637);
#3166=VERTEX_POINT('',#10638);
#3167=VERTEX_POINT('',#10640);
#3168=VERTEX_POINT('',#10642);
#3169=VERTEX_POINT('',#10644);
#3170=VERTEX_POINT('',#10646);
#3171=VERTEX_POINT('',#10648);
#3172=VERTEX_POINT('',#10650);
#3173=VERTEX_POINT('',#10653);
#3174=VERTEX_POINT('',#10654);
#3175=VERTEX_POINT('',#10656);
#3176=VERTEX_POINT('',#10658);
#3177=VERTEX_POINT('',#10660);
#3178=VERTEX_POINT('',#10662);
#3179=VERTEX_POINT('',#10664);
#3180=VERTEX_POINT('',#10666);
#3181=VERTEX_POINT('',#10669);
#3182=VERTEX_POINT('',#10671);
#3183=VERTEX_POINT('',#10673);
#3184=VERTEX_POINT('',#10676);
#3185=VERTEX_POINT('',#10678);
#3186=VERTEX_POINT('',#10679);
#3187=VERTEX_POINT('',#10681);
#3188=VERTEX_POINT('',#10683);
#3189=VERTEX_POINT('',#10685);
#3190=VERTEX_POINT('',#10687);
#3191=VERTEX_POINT('',#10689);
#3192=VERTEX_POINT('',#10691);
#3193=VERTEX_POINT('',#10694);
#3194=VERTEX_POINT('',#10695);
#3195=VERTEX_POINT('',#10697);
#3196=VERTEX_POINT('',#10699);
#3197=VERTEX_POINT('',#10701);
#3198=VERTEX_POINT('',#10703);
#3199=VERTEX_POINT('',#10705);
#3200=VERTEX_POINT('',#10707);
#3201=VERTEX_POINT('',#10711);
#3202=VERTEX_POINT('',#10713);
#3203=VERTEX_POINT('',#10717);
#3204=VERTEX_POINT('',#10718);
#3205=VERTEX_POINT('',#10723);
#3206=VERTEX_POINT('',#10725);
#3207=VERTEX_POINT('',#10729);
#3208=VERTEX_POINT('',#10730);
#3209=VERTEX_POINT('',#10737);
#3210=VERTEX_POINT('',#10739);
#3211=VERTEX_POINT('',#10743);
#3212=VERTEX_POINT('',#10744);
#3213=VERTEX_POINT('',#10749);
#3214=VERTEX_POINT('',#10751);
#3215=VERTEX_POINT('',#10755);
#3216=VERTEX_POINT('',#10756);
#3217=VERTEX_POINT('',#10773);
#3218=VERTEX_POINT('',#10775);
#3219=VERTEX_POINT('',#10776);
#3220=VERTEX_POINT('',#10778);
#3221=VERTEX_POINT('',#10780);
#3222=VERTEX_POINT('',#10782);
#3223=VERTEX_POINT('',#10784);
#3224=VERTEX_POINT('',#10786);
#3225=VERTEX_POINT('',#10788);
#3226=VERTEX_POINT('',#10791);
#3227=VERTEX_POINT('',#10792);
#3228=VERTEX_POINT('',#10794);
#3229=VERTEX_POINT('',#10796);
#3230=VERTEX_POINT('',#10798);
#3231=VERTEX_POINT('',#10800);
#3232=VERTEX_POINT('',#10802);
#3233=VERTEX_POINT('',#10804);
#3234=VERTEX_POINT('',#10807);
#3235=VERTEX_POINT('',#10810);
#3236=VERTEX_POINT('',#10811);
#3237=VERTEX_POINT('',#10813);
#3238=VERTEX_POINT('',#10815);
#3239=VERTEX_POINT('',#10817);
#3240=VERTEX_POINT('',#10819);
#3241=VERTEX_POINT('',#10821);
#3242=VERTEX_POINT('',#10823);
#3243=VERTEX_POINT('',#10826);
#3244=VERTEX_POINT('',#10827);
#3245=VERTEX_POINT('',#10829);
#3246=VERTEX_POINT('',#10831);
#3247=VERTEX_POINT('',#10833);
#3248=VERTEX_POINT('',#10835);
#3249=VERTEX_POINT('',#10837);
#3250=VERTEX_POINT('',#10839);
#3251=VERTEX_POINT('',#10842);
#3252=VERTEX_POINT('',#10843);
#3253=VERTEX_POINT('',#10845);
#3254=VERTEX_POINT('',#10847);
#3255=VERTEX_POINT('',#10849);
#3256=VERTEX_POINT('',#10851);
#3257=VERTEX_POINT('',#10853);
#3258=VERTEX_POINT('',#10855);
#3259=VERTEX_POINT('',#10858);
#3260=VERTEX_POINT('',#10860);
#3261=VERTEX_POINT('',#10862);
#3262=VERTEX_POINT('',#10864);
#3263=VERTEX_POINT('',#10865);
#3264=VERTEX_POINT('',#10867);
#3265=VERTEX_POINT('',#10869);
#3266=VERTEX_POINT('',#10871);
#3267=VERTEX_POINT('',#10873);
#3268=VERTEX_POINT('',#10875);
#3269=VERTEX_POINT('',#10877);
#3270=VERTEX_POINT('',#10880);
#3271=VERTEX_POINT('',#10881);
#3272=VERTEX_POINT('',#10883);
#3273=VERTEX_POINT('',#10885);
#3274=VERTEX_POINT('',#10887);
#3275=VERTEX_POINT('',#10889);
#3276=VERTEX_POINT('',#10891);
#3277=VERTEX_POINT('',#10893);
#3278=VERTEX_POINT('',#11025);
#3279=VERTEX_POINT('',#11026);
#3280=VERTEX_POINT('',#11028);
#3281=VERTEX_POINT('',#11030);
#3282=VERTEX_POINT('',#11033);
#3283=VERTEX_POINT('',#11034);
#3284=VERTEX_POINT('',#11036);
#3285=VERTEX_POINT('',#11038);
#3286=VERTEX_POINT('',#11042);
#3287=VERTEX_POINT('',#11043);
#3288=VERTEX_POINT('',#11048);
#3289=VERTEX_POINT('',#11052);
#3290=VERTEX_POINT('',#11058);
#3291=VERTEX_POINT('',#11060);
#3292=VERTEX_POINT('',#11064);
#3293=VERTEX_POINT('',#11068);
#3294=EDGE_CURVE('',#2684,#2685,#1662,.T.);
#3295=EDGE_CURVE('',#2686,#2685,#1663,.T.);
#3296=EDGE_CURVE('',#2687,#2686,#1664,.T.);
#3297=EDGE_CURVE('',#2687,#2684,#1665,.T.);
#3298=EDGE_CURVE('',#2685,#2688,#1666,.T.);
#3299=EDGE_CURVE('',#2689,#2688,#1667,.T.);
#3300=EDGE_CURVE('',#2686,#2689,#1668,.T.);
#3301=EDGE_CURVE('',#2688,#2690,#1669,.T.);
#3302=EDGE_CURVE('',#2691,#2690,#1670,.T.);
#3303=EDGE_CURVE('',#2689,#2691,#1671,.T.);
#3304=EDGE_CURVE('',#2690,#2684,#1672,.T.);
#3305=EDGE_CURVE('',#2691,#2687,#1673,.T.);
#3306=EDGE_CURVE('',#2692,#2692,#422,.T.);
#3307=EDGE_CURVE('',#2693,#2693,#423,.T.);
#3308=EDGE_CURVE('',#2694,#2694,#424,.T.);
#3309=EDGE_CURVE('',#2695,#2695,#425,.T.);
#3310=EDGE_CURVE('',#2696,#2696,#426,.T.);
#3311=EDGE_CURVE('',#2697,#2697,#427,.T.);
#3312=EDGE_CURVE('',#2698,#2698,#428,.T.);
#3313=EDGE_CURVE('',#2699,#2699,#429,.T.);
#3314=EDGE_CURVE('',#2700,#2700,#430,.T.);
#3315=EDGE_CURVE('',#2701,#2701,#431,.T.);
#3316=EDGE_CURVE('',#2702,#2702,#432,.T.);
#3317=EDGE_CURVE('',#2703,#2703,#433,.T.);
#3318=EDGE_CURVE('',#2704,#2705,#434,.T.);
#3319=EDGE_CURVE('',#2705,#2706,#435,.T.);
#3320=EDGE_CURVE('',#2706,#2707,#1674,.T.);
#3321=EDGE_CURVE('',#2707,#2708,#436,.T.);
#3322=EDGE_CURVE('',#2708,#2709,#437,.T.);
#3323=EDGE_CURVE('',#2709,#2710,#438,.T.);
#3324=EDGE_CURVE('',#2710,#2711,#1675,.T.);
#3325=EDGE_CURVE('',#2711,#2712,#439,.T.);
#3326=EDGE_CURVE('',#2712,#2713,#440,.T.);
#3327=EDGE_CURVE('',#2713,#2714,#441,.T.);
#3328=EDGE_CURVE('',#2714,#2715,#1676,.T.);
#3329=EDGE_CURVE('',#2715,#2716,#442,.T.);
#3330=EDGE_CURVE('',#2716,#2717,#443,.T.);
#3331=EDGE_CURVE('',#2717,#2718,#444,.T.);
#3332=EDGE_CURVE('',#2718,#2719,#1677,.T.);
#3333=EDGE_CURVE('',#2719,#2704,#445,.T.);
#3334=EDGE_CURVE('',#2720,#2720,#446,.T.);
#3335=EDGE_CURVE('',#2721,#2722,#447,.T.);
#3336=EDGE_CURVE('',#2722,#2723,#448,.T.);
#3337=EDGE_CURVE('',#2723,#2724,#1678,.T.);
#3338=EDGE_CURVE('',#2724,#2725,#449,.T.);
#3339=EDGE_CURVE('',#2725,#2726,#450,.T.);
#3340=EDGE_CURVE('',#2726,#2727,#451,.T.);
#3341=EDGE_CURVE('',#2727,#2728,#1679,.T.);
#3342=EDGE_CURVE('',#2728,#2729,#452,.T.);
#3343=EDGE_CURVE('',#2729,#2730,#453,.T.);
#3344=EDGE_CURVE('',#2730,#2731,#454,.T.);
#3345=EDGE_CURVE('',#2731,#2732,#1680,.T.);
#3346=EDGE_CURVE('',#2732,#2733,#455,.T.);
#3347=EDGE_CURVE('',#2733,#2734,#456,.T.);
#3348=EDGE_CURVE('',#2734,#2735,#457,.T.);
#3349=EDGE_CURVE('',#2735,#2736,#1681,.T.);
#3350=EDGE_CURVE('',#2736,#2721,#458,.T.);
#3351=EDGE_CURVE('',#2737,#2737,#459,.T.);
#3352=EDGE_CURVE('',#2738,#2738,#460,.T.);
#3353=EDGE_CURVE('',#2739,#2739,#461,.T.);
#3354=EDGE_CURVE('',#2740,#2740,#462,.T.);
#3355=EDGE_CURVE('',#2741,#2741,#463,.T.);
#3356=EDGE_CURVE('',#2742,#2743,#464,.T.);
#3357=EDGE_CURVE('',#2743,#2744,#465,.T.);
#3358=EDGE_CURVE('',#2744,#2745,#1682,.T.);
#3359=EDGE_CURVE('',#2745,#2746,#466,.T.);
#3360=EDGE_CURVE('',#2746,#2747,#467,.T.);
#3361=EDGE_CURVE('',#2747,#2748,#468,.T.);
#3362=EDGE_CURVE('',#2748,#2749,#1683,.T.);
#3363=EDGE_CURVE('',#2749,#2750,#469,.T.);
#3364=EDGE_CURVE('',#2750,#2751,#470,.T.);
#3365=EDGE_CURVE('',#2751,#2752,#471,.T.);
#3366=EDGE_CURVE('',#2752,#2753,#1684,.T.);
#3367=EDGE_CURVE('',#2753,#2754,#472,.T.);
#3368=EDGE_CURVE('',#2754,#2755,#473,.T.);
#3369=EDGE_CURVE('',#2755,#2756,#474,.T.);
#3370=EDGE_CURVE('',#2756,#2757,#1685,.T.);
#3371=EDGE_CURVE('',#2757,#2742,#475,.T.);
#3372=EDGE_CURVE('',#2758,#2759,#476,.T.);
#3373=EDGE_CURVE('',#2759,#2760,#477,.T.);
#3374=EDGE_CURVE('',#2760,#2761,#1686,.T.);
#3375=EDGE_CURVE('',#2761,#2762,#478,.T.);
#3376=EDGE_CURVE('',#2762,#2763,#479,.T.);
#3377=EDGE_CURVE('',#2763,#2764,#480,.T.);
#3378=EDGE_CURVE('',#2764,#2765,#1687,.T.);
#3379=EDGE_CURVE('',#2765,#2766,#481,.T.);
#3380=EDGE_CURVE('',#2766,#2767,#482,.T.);
#3381=EDGE_CURVE('',#2767,#2768,#483,.T.);
#3382=EDGE_CURVE('',#2768,#2769,#1688,.T.);
#3383=EDGE_CURVE('',#2769,#2770,#484,.T.);
#3384=EDGE_CURVE('',#2770,#2771,#485,.T.);
#3385=EDGE_CURVE('',#2771,#2772,#486,.T.);
#3386=EDGE_CURVE('',#2772,#2773,#1689,.T.);
#3387=EDGE_CURVE('',#2773,#2758,#487,.T.);
#3388=EDGE_CURVE('',#2774,#2775,#488,.T.);
#3389=EDGE_CURVE('',#2775,#2776,#489,.T.);
#3390=EDGE_CURVE('',#2776,#2777,#1690,.T.);
#3391=EDGE_CURVE('',#2777,#2778,#490,.T.);
#3392=EDGE_CURVE('',#2778,#2779,#491,.T.);
#3393=EDGE_CURVE('',#2779,#2780,#492,.T.);
#3394=EDGE_CURVE('',#2780,#2781,#1691,.T.);
#3395=EDGE_CURVE('',#2781,#2782,#493,.T.);
#3396=EDGE_CURVE('',#2782,#2783,#494,.T.);
#3397=EDGE_CURVE('',#2783,#2784,#495,.T.);
#3398=EDGE_CURVE('',#2784,#2785,#1692,.T.);
#3399=EDGE_CURVE('',#2785,#2786,#496,.T.);
#3400=EDGE_CURVE('',#2786,#2787,#497,.T.);
#3401=EDGE_CURVE('',#2787,#2788,#498,.T.);
#3402=EDGE_CURVE('',#2788,#2789,#1693,.T.);
#3403=EDGE_CURVE('',#2789,#2774,#499,.T.);
#3404=EDGE_CURVE('',#2790,#2791,#500,.T.);
#3405=EDGE_CURVE('',#2791,#2792,#501,.T.);
#3406=EDGE_CURVE('',#2792,#2793,#1694,.T.);
#3407=EDGE_CURVE('',#2793,#2794,#502,.T.);
#3408=EDGE_CURVE('',#2794,#2795,#503,.T.);
#3409=EDGE_CURVE('',#2795,#2796,#504,.T.);
#3410=EDGE_CURVE('',#2796,#2797,#1695,.T.);
#3411=EDGE_CURVE('',#2797,#2798,#505,.T.);
#3412=EDGE_CURVE('',#2798,#2799,#506,.T.);
#3413=EDGE_CURVE('',#2799,#2800,#507,.T.);
#3414=EDGE_CURVE('',#2800,#2801,#1696,.T.);
#3415=EDGE_CURVE('',#2801,#2802,#508,.T.);
#3416=EDGE_CURVE('',#2802,#2803,#509,.T.);
#3417=EDGE_CURVE('',#2803,#2804,#510,.T.);
#3418=EDGE_CURVE('',#2804,#2805,#1697,.T.);
#3419=EDGE_CURVE('',#2805,#2790,#511,.T.);
#3420=EDGE_CURVE('',#2806,#2807,#512,.T.);
#3421=EDGE_CURVE('',#2807,#2808,#513,.T.);
#3422=EDGE_CURVE('',#2808,#2809,#1698,.T.);
#3423=EDGE_CURVE('',#2809,#2810,#514,.T.);
#3424=EDGE_CURVE('',#2810,#2811,#515,.T.);
#3425=EDGE_CURVE('',#2811,#2812,#516,.T.);
#3426=EDGE_CURVE('',#2812,#2813,#1699,.T.);
#3427=EDGE_CURVE('',#2813,#2814,#517,.T.);
#3428=EDGE_CURVE('',#2814,#2815,#518,.T.);
#3429=EDGE_CURVE('',#2815,#2816,#519,.T.);
#3430=EDGE_CURVE('',#2816,#2817,#1700,.T.);
#3431=EDGE_CURVE('',#2817,#2818,#520,.T.);
#3432=EDGE_CURVE('',#2818,#2819,#521,.T.);
#3433=EDGE_CURVE('',#2819,#2820,#522,.T.);
#3434=EDGE_CURVE('',#2820,#2821,#1701,.T.);
#3435=EDGE_CURVE('',#2821,#2806,#523,.T.);
#3436=EDGE_CURVE('',#2822,#2822,#524,.T.);
#3437=EDGE_CURVE('',#2823,#2823,#525,.T.);
#3438=EDGE_CURVE('',#2824,#2824,#526,.T.);
#3439=EDGE_CURVE('',#2825,#2825,#527,.T.);
#3440=EDGE_CURVE('',#2826,#2826,#528,.T.);
#3441=EDGE_CURVE('',#2827,#2827,#529,.T.);
#3442=EDGE_CURVE('',#2828,#2828,#530,.T.);
#3443=EDGE_CURVE('',#2829,#2829,#531,.T.);
#3444=EDGE_CURVE('',#2830,#2830,#532,.T.);
#3445=EDGE_CURVE('',#2831,#2831,#533,.T.);
#3446=EDGE_CURVE('',#2832,#2832,#534,.T.);
#3447=EDGE_CURVE('',#2833,#2833,#535,.T.);
#3448=EDGE_CURVE('',#2834,#2834,#536,.T.);
#3449=EDGE_CURVE('',#2835,#2835,#537,.T.);
#3450=EDGE_CURVE('',#2836,#2836,#538,.T.);
#3451=EDGE_CURVE('',#2837,#2837,#539,.T.);
#3452=EDGE_CURVE('',#2838,#2838,#540,.T.);
#3453=EDGE_CURVE('',#2839,#2839,#541,.T.);
#3454=EDGE_CURVE('',#2840,#2840,#542,.T.);
#3455=EDGE_CURVE('',#2841,#2841,#543,.T.);
#3456=EDGE_CURVE('',#2842,#2842,#544,.T.);
#3457=EDGE_CURVE('',#2843,#2843,#545,.T.);
#3458=EDGE_CURVE('',#2844,#2844,#546,.T.);
#3459=EDGE_CURVE('',#2845,#2845,#547,.T.);
#3460=EDGE_CURVE('',#2846,#2846,#548,.T.);
#3461=EDGE_CURVE('',#2847,#2847,#549,.T.);
#3462=EDGE_CURVE('',#2848,#2848,#550,.T.);
#3463=EDGE_CURVE('',#2849,#2849,#551,.T.);
#3464=EDGE_CURVE('',#2850,#2850,#552,.T.);
#3465=EDGE_CURVE('',#2851,#2851,#553,.T.);
#3466=EDGE_CURVE('',#2852,#2852,#554,.T.);
#3467=EDGE_CURVE('',#2853,#2853,#555,.T.);
#3468=EDGE_CURVE('',#2854,#2854,#556,.T.);
#3469=EDGE_CURVE('',#2855,#2855,#557,.T.);
#3470=EDGE_CURVE('',#2856,#2856,#558,.T.);
#3471=EDGE_CURVE('',#2857,#2857,#559,.T.);
#3472=EDGE_CURVE('',#2858,#2858,#560,.T.);
#3473=EDGE_CURVE('',#2859,#2859,#561,.T.);
#3474=EDGE_CURVE('',#2860,#2860,#562,.T.);
#3475=EDGE_CURVE('',#2861,#2861,#563,.T.);
#3476=EDGE_CURVE('',#2862,#2862,#564,.T.);
#3477=EDGE_CURVE('',#2863,#2863,#565,.T.);
#3478=EDGE_CURVE('',#2864,#2864,#566,.T.);
#3479=EDGE_CURVE('',#2865,#2865,#567,.T.);
#3480=EDGE_CURVE('',#2866,#2866,#568,.T.);
#3481=EDGE_CURVE('',#2867,#2868,#569,.T.);
#3482=EDGE_CURVE('',#2869,#2867,#1702,.T.);
#3483=EDGE_CURVE('',#2870,#2869,#570,.T.);
#3484=EDGE_CURVE('',#2868,#2870,#1703,.T.);
#3485=EDGE_CURVE('',#2871,#2871,#571,.T.);
#3486=EDGE_CURVE('',#2872,#2872,#572,.T.);
#3487=EDGE_CURVE('',#2873,#2873,#573,.T.);
#3488=EDGE_CURVE('',#2874,#2874,#574,.T.);
#3489=EDGE_CURVE('',#2875,#2876,#575,.T.);
#3490=EDGE_CURVE('',#2877,#2875,#1704,.T.);
#3491=EDGE_CURVE('',#2878,#2877,#576,.T.);
#3492=EDGE_CURVE('',#2876,#2878,#1705,.T.);
#3493=EDGE_CURVE('',#2879,#2879,#577,.T.);
#3494=EDGE_CURVE('',#2880,#2880,#578,.T.);
#3495=EDGE_CURVE('',#2881,#2881,#579,.T.);
#3496=EDGE_CURVE('',#2882,#2882,#580,.T.);
#3497=EDGE_CURVE('',#2883,#2883,#581,.T.);
#3498=EDGE_CURVE('',#2884,#2884,#582,.T.);
#3499=EDGE_CURVE('',#2885,#2885,#583,.T.);
#3500=EDGE_CURVE('',#2886,#2886,#584,.T.);
#3501=EDGE_CURVE('',#2887,#2887,#585,.T.);
#3502=EDGE_CURVE('',#2888,#2888,#586,.T.);
#3503=EDGE_CURVE('',#2889,#2889,#587,.T.);
#3504=EDGE_CURVE('',#2890,#2890,#588,.T.);
#3505=EDGE_CURVE('',#2891,#2892,#589,.T.);
#3506=EDGE_CURVE('',#2893,#2891,#590,.T.);
#3507=EDGE_CURVE('',#2894,#2893,#1706,.T.);
#3508=EDGE_CURVE('',#2895,#2894,#591,.T.);
#3509=EDGE_CURVE('',#2896,#2895,#592,.T.);
#3510=EDGE_CURVE('',#2897,#2896,#593,.T.);
#3511=EDGE_CURVE('',#2898,#2897,#1707,.T.);
#3512=EDGE_CURVE('',#2899,#2898,#594,.T.);
#3513=EDGE_CURVE('',#2900,#2899,#595,.T.);
#3514=EDGE_CURVE('',#2901,#2900,#596,.T.);
#3515=EDGE_CURVE('',#2902,#2901,#1708,.T.);
#3516=EDGE_CURVE('',#2903,#2902,#597,.T.);
#3517=EDGE_CURVE('',#2904,#2903,#598,.T.);
#3518=EDGE_CURVE('',#2905,#2904,#599,.T.);
#3519=EDGE_CURVE('',#2906,#2905,#1709,.T.);
#3520=EDGE_CURVE('',#2892,#2906,#600,.T.);
#3521=EDGE_CURVE('',#2907,#2907,#601,.T.);
#3522=EDGE_CURVE('',#2908,#2909,#602,.T.);
#3523=EDGE_CURVE('',#2910,#2908,#603,.T.);
#3524=EDGE_CURVE('',#2911,#2910,#1710,.T.);
#3525=EDGE_CURVE('',#2912,#2911,#604,.T.);
#3526=EDGE_CURVE('',#2913,#2912,#605,.T.);
#3527=EDGE_CURVE('',#2914,#2913,#606,.T.);
#3528=EDGE_CURVE('',#2915,#2914,#1711,.T.);
#3529=EDGE_CURVE('',#2916,#2915,#607,.T.);
#3530=EDGE_CURVE('',#2917,#2916,#608,.T.);
#3531=EDGE_CURVE('',#2918,#2917,#609,.T.);
#3532=EDGE_CURVE('',#2919,#2918,#1712,.T.);
#3533=EDGE_CURVE('',#2920,#2919,#610,.T.);
#3534=EDGE_CURVE('',#2921,#2920,#611,.T.);
#3535=EDGE_CURVE('',#2922,#2921,#612,.T.);
#3536=EDGE_CURVE('',#2923,#2922,#1713,.T.);
#3537=EDGE_CURVE('',#2909,#2923,#613,.T.);
#3538=EDGE_CURVE('',#2924,#2924,#614,.T.);
#3539=EDGE_CURVE('',#2925,#2925,#615,.T.);
#3540=EDGE_CURVE('',#2926,#2926,#616,.T.);
#3541=EDGE_CURVE('',#2927,#2927,#617,.T.);
#3542=EDGE_CURVE('',#2928,#2928,#618,.T.);
#3543=EDGE_CURVE('',#2929,#2930,#619,.T.);
#3544=EDGE_CURVE('',#2931,#2929,#620,.T.);
#3545=EDGE_CURVE('',#2932,#2931,#1714,.T.);
#3546=EDGE_CURVE('',#2933,#2932,#621,.T.);
#3547=EDGE_CURVE('',#2934,#2933,#622,.T.);
#3548=EDGE_CURVE('',#2935,#2934,#623,.T.);
#3549=EDGE_CURVE('',#2936,#2935,#1715,.T.);
#3550=EDGE_CURVE('',#2937,#2936,#624,.T.);
#3551=EDGE_CURVE('',#2938,#2937,#625,.T.);
#3552=EDGE_CURVE('',#2939,#2938,#626,.T.);
#3553=EDGE_CURVE('',#2940,#2939,#1716,.T.);
#3554=EDGE_CURVE('',#2941,#2940,#627,.T.);
#3555=EDGE_CURVE('',#2942,#2941,#628,.T.);
#3556=EDGE_CURVE('',#2943,#2942,#629,.T.);
#3557=EDGE_CURVE('',#2944,#2943,#1717,.T.);
#3558=EDGE_CURVE('',#2930,#2944,#630,.T.);
#3559=EDGE_CURVE('',#2945,#2946,#631,.T.);
#3560=EDGE_CURVE('',#2947,#2945,#632,.T.);
#3561=EDGE_CURVE('',#2948,#2947,#1718,.T.);
#3562=EDGE_CURVE('',#2949,#2948,#633,.T.);
#3563=EDGE_CURVE('',#2950,#2949,#634,.T.);
#3564=EDGE_CURVE('',#2951,#2950,#635,.T.);
#3565=EDGE_CURVE('',#2952,#2951,#1719,.T.);
#3566=EDGE_CURVE('',#2953,#2952,#636,.T.);
#3567=EDGE_CURVE('',#2954,#2953,#637,.T.);
#3568=EDGE_CURVE('',#2955,#2954,#638,.T.);
#3569=EDGE_CURVE('',#2956,#2955,#1720,.T.);
#3570=EDGE_CURVE('',#2957,#2956,#639,.T.);
#3571=EDGE_CURVE('',#2958,#2957,#640,.T.);
#3572=EDGE_CURVE('',#2959,#2958,#641,.T.);
#3573=EDGE_CURVE('',#2960,#2959,#1721,.T.);
#3574=EDGE_CURVE('',#2946,#2960,#642,.T.);
#3575=EDGE_CURVE('',#2961,#2962,#643,.T.);
#3576=EDGE_CURVE('',#2963,#2961,#644,.T.);
#3577=EDGE_CURVE('',#2964,#2963,#1722,.T.);
#3578=EDGE_CURVE('',#2965,#2964,#645,.T.);
#3579=EDGE_CURVE('',#2966,#2965,#646,.T.);
#3580=EDGE_CURVE('',#2967,#2966,#647,.T.);
#3581=EDGE_CURVE('',#2968,#2967,#1723,.T.);
#3582=EDGE_CURVE('',#2969,#2968,#648,.T.);
#3583=EDGE_CURVE('',#2970,#2969,#649,.T.);
#3584=EDGE_CURVE('',#2971,#2970,#650,.T.);
#3585=EDGE_CURVE('',#2972,#2971,#1724,.T.);
#3586=EDGE_CURVE('',#2973,#2972,#651,.T.);
#3587=EDGE_CURVE('',#2974,#2973,#652,.T.);
#3588=EDGE_CURVE('',#2975,#2974,#653,.T.);
#3589=EDGE_CURVE('',#2976,#2975,#1725,.T.);
#3590=EDGE_CURVE('',#2962,#2976,#654,.T.);
#3591=EDGE_CURVE('',#2977,#2978,#655,.T.);
#3592=EDGE_CURVE('',#2979,#2977,#656,.T.);
#3593=EDGE_CURVE('',#2980,#2979,#1726,.T.);
#3594=EDGE_CURVE('',#2981,#2980,#657,.T.);
#3595=EDGE_CURVE('',#2982,#2981,#658,.T.);
#3596=EDGE_CURVE('',#2983,#2982,#659,.T.);
#3597=EDGE_CURVE('',#2984,#2983,#1727,.T.);
#3598=EDGE_CURVE('',#2985,#2984,#660,.T.);
#3599=EDGE_CURVE('',#2986,#2985,#661,.T.);
#3600=EDGE_CURVE('',#2987,#2986,#662,.T.);
#3601=EDGE_CURVE('',#2988,#2987,#1728,.T.);
#3602=EDGE_CURVE('',#2989,#2988,#663,.T.);
#3603=EDGE_CURVE('',#2990,#2989,#664,.T.);
#3604=EDGE_CURVE('',#2991,#2990,#665,.T.);
#3605=EDGE_CURVE('',#2992,#2991,#1729,.T.);
#3606=EDGE_CURVE('',#2978,#2992,#666,.T.);
#3607=EDGE_CURVE('',#2993,#2994,#667,.T.);
#3608=EDGE_CURVE('',#2995,#2993,#668,.T.);
#3609=EDGE_CURVE('',#2996,#2995,#1730,.T.);
#3610=EDGE_CURVE('',#2997,#2996,#669,.T.);
#3611=EDGE_CURVE('',#2998,#2997,#670,.T.);
#3612=EDGE_CURVE('',#2999,#2998,#671,.T.);
#3613=EDGE_CURVE('',#3000,#2999,#1731,.T.);
#3614=EDGE_CURVE('',#3001,#3000,#672,.T.);
#3615=EDGE_CURVE('',#3002,#3001,#673,.T.);
#3616=EDGE_CURVE('',#3003,#3002,#674,.T.);
#3617=EDGE_CURVE('',#3004,#3003,#1732,.T.);
#3618=EDGE_CURVE('',#3005,#3004,#675,.T.);
#3619=EDGE_CURVE('',#3006,#3005,#676,.T.);
#3620=EDGE_CURVE('',#3007,#3006,#677,.T.);
#3621=EDGE_CURVE('',#3008,#3007,#1733,.T.);
#3622=EDGE_CURVE('',#2994,#3008,#678,.T.);
#3623=EDGE_CURVE('',#3009,#3009,#679,.T.);
#3624=EDGE_CURVE('',#3010,#3010,#680,.T.);
#3625=EDGE_CURVE('',#3011,#3011,#681,.T.);
#3626=EDGE_CURVE('',#3012,#3012,#682,.T.);
#3627=EDGE_CURVE('',#3013,#3013,#683,.T.);
#3628=EDGE_CURVE('',#3014,#3014,#684,.T.);
#3629=EDGE_CURVE('',#3015,#3015,#685,.T.);
#3630=EDGE_CURVE('',#3016,#3016,#686,.T.);
#3631=EDGE_CURVE('',#3017,#3017,#687,.T.);
#3632=EDGE_CURVE('',#3018,#3018,#688,.T.);
#3633=EDGE_CURVE('',#3019,#3019,#689,.T.);
#3634=EDGE_CURVE('',#3020,#3020,#690,.T.);
#3635=EDGE_CURVE('',#3021,#3021,#691,.T.);
#3636=EDGE_CURVE('',#3022,#3022,#692,.T.);
#3637=EDGE_CURVE('',#3023,#3023,#693,.T.);
#3638=EDGE_CURVE('',#3024,#3024,#694,.T.);
#3639=EDGE_CURVE('',#3025,#3025,#695,.T.);
#3640=EDGE_CURVE('',#3026,#3026,#696,.T.);
#3641=EDGE_CURVE('',#3027,#3027,#697,.T.);
#3642=EDGE_CURVE('',#3028,#3028,#698,.T.);
#3643=EDGE_CURVE('',#3029,#3029,#699,.T.);
#3644=EDGE_CURVE('',#3030,#3030,#700,.T.);
#3645=EDGE_CURVE('',#3031,#3031,#701,.T.);
#3646=EDGE_CURVE('',#3032,#3032,#702,.T.);
#3647=EDGE_CURVE('',#3033,#3033,#703,.T.);
#3648=EDGE_CURVE('',#3034,#3034,#704,.T.);
#3649=EDGE_CURVE('',#3035,#3035,#705,.T.);
#3650=EDGE_CURVE('',#3036,#3036,#706,.T.);
#3651=EDGE_CURVE('',#3037,#3037,#707,.T.);
#3652=EDGE_CURVE('',#3038,#3038,#708,.T.);
#3653=EDGE_CURVE('',#3039,#3039,#709,.T.);
#3654=EDGE_CURVE('',#3040,#3040,#710,.T.);
#3655=EDGE_CURVE('',#3041,#3041,#711,.T.);
#3656=EDGE_CURVE('',#3042,#3042,#712,.T.);
#3657=EDGE_CURVE('',#3043,#3043,#713,.T.);
#3658=EDGE_CURVE('',#3044,#3044,#714,.T.);
#3659=EDGE_CURVE('',#3045,#3045,#715,.T.);
#3660=EDGE_CURVE('',#3046,#3046,#716,.T.);
#3661=EDGE_CURVE('',#3047,#3047,#717,.T.);
#3662=EDGE_CURVE('',#3048,#3048,#718,.T.);
#3663=EDGE_CURVE('',#3049,#3049,#719,.T.);
#3664=EDGE_CURVE('',#3050,#3050,#720,.T.);
#3665=EDGE_CURVE('',#3051,#3051,#721,.T.);
#3666=EDGE_CURVE('',#3052,#3052,#722,.T.);
#3667=EDGE_CURVE('',#3053,#3053,#723,.T.);
#3668=EDGE_CURVE('',#3054,#3055,#724,.T.);
#3669=EDGE_CURVE('',#3055,#3056,#1734,.T.);
#3670=EDGE_CURVE('',#3056,#3057,#725,.T.);
#3671=EDGE_CURVE('',#3057,#3054,#1735,.T.);
#3672=EDGE_CURVE('',#3058,#3058,#726,.T.);
#3673=EDGE_CURVE('',#3059,#3059,#727,.T.);
#3674=EDGE_CURVE('',#3060,#3060,#728,.T.);
#3675=EDGE_CURVE('',#3061,#3061,#729,.T.);
#3676=EDGE_CURVE('',#3062,#3063,#730,.T.);
#3677=EDGE_CURVE('',#3063,#3064,#1736,.T.);
#3678=EDGE_CURVE('',#3064,#3065,#731,.T.);
#3679=EDGE_CURVE('',#3065,#3062,#1737,.T.);
#3680=EDGE_CURVE('',#2879,#2692,#1738,.T.);
#3681=EDGE_CURVE('',#2880,#2693,#1739,.T.);
#3682=EDGE_CURVE('',#2881,#2694,#1740,.T.);
#3683=EDGE_CURVE('',#2882,#2695,#1741,.T.);
#3684=EDGE_CURVE('',#2883,#2696,#1742,.T.);
#3685=EDGE_CURVE('',#2884,#2697,#1743,.T.);
#3686=EDGE_CURVE('',#2885,#2698,#1744,.T.);
#3687=EDGE_CURVE('',#2886,#2699,#1745,.T.);
#3688=EDGE_CURVE('',#2887,#2700,#1746,.T.);
#3689=EDGE_CURVE('',#2888,#2701,#1747,.T.);
#3690=EDGE_CURVE('',#2889,#2702,#1748,.T.);
#3691=EDGE_CURVE('',#2890,#2703,#1749,.T.);
#3692=EDGE_CURVE('',#2704,#2891,#1750,.T.);
#3693=EDGE_CURVE('',#2705,#2892,#1751,.T.);
#3694=EDGE_CURVE('',#2719,#2893,#1752,.T.);
#3695=EDGE_CURVE('',#2706,#2906,#1753,.T.);
#3696=EDGE_CURVE('',#2718,#2894,#1754,.T.);
#3697=EDGE_CURVE('',#2707,#2905,#1755,.T.);
#3698=EDGE_CURVE('',#2717,#2895,#1756,.T.);
#3699=EDGE_CURVE('',#2708,#2904,#1757,.T.);
#3700=EDGE_CURVE('',#2716,#2896,#1758,.T.);
#3701=EDGE_CURVE('',#2709,#2903,#1759,.T.);
#3702=EDGE_CURVE('',#2715,#2897,#1760,.T.);
#3703=EDGE_CURVE('',#2710,#2902,#1761,.T.);
#3704=EDGE_CURVE('',#2714,#2898,#1762,.T.);
#3705=EDGE_CURVE('',#2711,#2901,#1763,.T.);
#3706=EDGE_CURVE('',#2713,#2899,#1764,.T.);
#3707=EDGE_CURVE('',#2712,#2900,#1765,.T.);
#3708=EDGE_CURVE('',#2907,#2720,#1766,.T.);
#3709=EDGE_CURVE('',#2721,#2908,#1767,.T.);
#3710=EDGE_CURVE('',#2722,#2909,#1768,.T.);
#3711=EDGE_CURVE('',#2736,#2910,#1769,.T.);
#3712=EDGE_CURVE('',#2723,#2923,#1770,.T.);
#3713=EDGE_CURVE('',#2735,#2911,#1771,.T.);
#3714=EDGE_CURVE('',#2724,#2922,#1772,.T.);
#3715=EDGE_CURVE('',#2734,#2912,#1773,.T.);
#3716=EDGE_CURVE('',#2725,#2921,#1774,.T.);
#3717=EDGE_CURVE('',#2733,#2913,#1775,.T.);
#3718=EDGE_CURVE('',#2726,#2920,#1776,.T.);
#3719=EDGE_CURVE('',#2732,#2914,#1777,.T.);
#3720=EDGE_CURVE('',#2727,#2919,#1778,.T.);
#3721=EDGE_CURVE('',#2731,#2915,#1779,.T.);
#3722=EDGE_CURVE('',#2728,#2918,#1780,.T.);
#3723=EDGE_CURVE('',#2730,#2916,#1781,.T.);
#3724=EDGE_CURVE('',#2729,#2917,#1782,.T.);
#3725=EDGE_CURVE('',#2924,#2737,#1783,.T.);
#3726=EDGE_CURVE('',#2925,#2738,#1784,.T.);
#3727=EDGE_CURVE('',#2926,#2739,#1785,.T.);
#3728=EDGE_CURVE('',#2927,#2740,#1786,.T.);
#3729=EDGE_CURVE('',#2928,#2741,#1787,.T.);
#3730=EDGE_CURVE('',#2742,#2929,#1788,.T.);
#3731=EDGE_CURVE('',#2743,#2930,#1789,.T.);
#3732=EDGE_CURVE('',#2757,#2931,#1790,.T.);
#3733=EDGE_CURVE('',#2744,#2944,#1791,.T.);
#3734=EDGE_CURVE('',#2756,#2932,#1792,.T.);
#3735=EDGE_CURVE('',#2745,#2943,#1793,.T.);
#3736=EDGE_CURVE('',#2755,#2933,#1794,.T.);
#3737=EDGE_CURVE('',#2746,#2942,#1795,.T.);
#3738=EDGE_CURVE('',#2754,#2934,#1796,.T.);
#3739=EDGE_CURVE('',#2747,#2941,#1797,.T.);
#3740=EDGE_CURVE('',#2753,#2935,#1798,.T.);
#3741=EDGE_CURVE('',#2748,#2940,#1799,.T.);
#3742=EDGE_CURVE('',#2752,#2936,#1800,.T.);
#3743=EDGE_CURVE('',#2749,#2939,#1801,.T.);
#3744=EDGE_CURVE('',#2751,#2937,#1802,.T.);
#3745=EDGE_CURVE('',#2750,#2938,#1803,.T.);
#3746=EDGE_CURVE('',#2758,#2945,#1804,.T.);
#3747=EDGE_CURVE('',#2759,#2946,#1805,.T.);
#3748=EDGE_CURVE('',#2773,#2947,#1806,.T.);
#3749=EDGE_CURVE('',#2760,#2960,#1807,.T.);
#3750=EDGE_CURVE('',#2772,#2948,#1808,.T.);
#3751=EDGE_CURVE('',#2761,#2959,#1809,.T.);
#3752=EDGE_CURVE('',#2771,#2949,#1810,.T.);
#3753=EDGE_CURVE('',#2762,#2958,#1811,.T.);
#3754=EDGE_CURVE('',#2770,#2950,#1812,.T.);
#3755=EDGE_CURVE('',#2763,#2957,#1813,.T.);
#3756=EDGE_CURVE('',#2769,#2951,#1814,.T.);
#3757=EDGE_CURVE('',#2764,#2956,#1815,.T.);
#3758=EDGE_CURVE('',#2768,#2952,#1816,.T.);
#3759=EDGE_CURVE('',#2765,#2955,#1817,.T.);
#3760=EDGE_CURVE('',#2767,#2953,#1818,.T.);
#3761=EDGE_CURVE('',#2766,#2954,#1819,.T.);
#3762=EDGE_CURVE('',#2774,#2961,#1820,.T.);
#3763=EDGE_CURVE('',#2775,#2962,#1821,.T.);
#3764=EDGE_CURVE('',#2789,#2963,#1822,.T.);
#3765=EDGE_CURVE('',#2776,#2976,#1823,.T.);
#3766=EDGE_CURVE('',#2788,#2964,#1824,.T.);
#3767=EDGE_CURVE('',#2777,#2975,#1825,.T.);
#3768=EDGE_CURVE('',#2787,#2965,#1826,.T.);
#3769=EDGE_CURVE('',#2778,#2974,#1827,.T.);
#3770=EDGE_CURVE('',#2786,#2966,#1828,.T.);
#3771=EDGE_CURVE('',#2779,#2973,#1829,.T.);
#3772=EDGE_CURVE('',#2785,#2967,#1830,.T.);
#3773=EDGE_CURVE('',#2780,#2972,#1831,.T.);
#3774=EDGE_CURVE('',#2784,#2968,#1832,.T.);
#3775=EDGE_CURVE('',#2781,#2971,#1833,.T.);
#3776=EDGE_CURVE('',#2783,#2969,#1834,.T.);
#3777=EDGE_CURVE('',#2782,#2970,#1835,.T.);
#3778=EDGE_CURVE('',#2790,#2977,#1836,.T.);
#3779=EDGE_CURVE('',#2791,#2978,#1837,.T.);
#3780=EDGE_CURVE('',#2805,#2979,#1838,.T.);
#3781=EDGE_CURVE('',#2792,#2992,#1839,.T.);
#3782=EDGE_CURVE('',#2804,#2980,#1840,.T.);
#3783=EDGE_CURVE('',#2793,#2991,#1841,.T.);
#3784=EDGE_CURVE('',#2803,#2981,#1842,.T.);
#3785=EDGE_CURVE('',#2794,#2990,#1843,.T.);
#3786=EDGE_CURVE('',#2802,#2982,#1844,.T.);
#3787=EDGE_CURVE('',#2795,#2989,#1845,.T.);
#3788=EDGE_CURVE('',#2801,#2983,#1846,.T.);
#3789=EDGE_CURVE('',#2796,#2988,#1847,.T.);
#3790=EDGE_CURVE('',#2800,#2984,#1848,.T.);
#3791=EDGE_CURVE('',#2797,#2987,#1849,.T.);
#3792=EDGE_CURVE('',#2799,#2985,#1850,.T.);
#3793=EDGE_CURVE('',#2798,#2986,#1851,.T.);
#3794=EDGE_CURVE('',#2806,#2993,#1852,.T.);
#3795=EDGE_CURVE('',#2807,#2994,#1853,.T.);
#3796=EDGE_CURVE('',#2821,#2995,#1854,.T.);
#3797=EDGE_CURVE('',#2808,#3008,#1855,.T.);
#3798=EDGE_CURVE('',#2820,#2996,#1856,.T.);
#3799=EDGE_CURVE('',#2809,#3007,#1857,.T.);
#3800=EDGE_CURVE('',#2819,#2997,#1858,.T.);
#3801=EDGE_CURVE('',#2810,#3006,#1859,.T.);
#3802=EDGE_CURVE('',#2818,#2998,#1860,.T.);
#3803=EDGE_CURVE('',#2811,#3005,#1861,.T.);
#3804=EDGE_CURVE('',#2817,#2999,#1862,.T.);
#3805=EDGE_CURVE('',#2812,#3004,#1863,.T.);
#3806=EDGE_CURVE('',#2816,#3000,#1864,.T.);
#3807=EDGE_CURVE('',#2813,#3003,#1865,.T.);
#3808=EDGE_CURVE('',#2815,#3001,#1866,.T.);
#3809=EDGE_CURVE('',#2814,#3002,#1867,.T.);
#3810=EDGE_CURVE('',#3009,#2822,#1868,.T.);
#3811=EDGE_CURVE('',#3010,#2823,#1869,.T.);
#3812=EDGE_CURVE('',#3011,#2824,#1870,.T.);
#3813=EDGE_CURVE('',#3012,#2825,#1871,.T.);
#3814=EDGE_CURVE('',#3013,#2826,#1872,.T.);
#3815=EDGE_CURVE('',#3014,#2827,#1873,.T.);
#3816=EDGE_CURVE('',#3015,#2828,#1874,.T.);
#3817=EDGE_CURVE('',#3016,#2829,#1875,.T.);
#3818=EDGE_CURVE('',#3017,#2830,#1876,.T.);
#3819=EDGE_CURVE('',#3018,#2831,#1877,.T.);
#3820=EDGE_CURVE('',#3019,#2832,#1878,.T.);
#3821=EDGE_CURVE('',#3020,#2833,#1879,.T.);
#3822=EDGE_CURVE('',#3021,#2834,#1880,.T.);
#3823=EDGE_CURVE('',#3022,#2835,#1881,.T.);
#3824=EDGE_CURVE('',#3023,#2836,#1882,.T.);
#3825=EDGE_CURVE('',#3024,#2837,#1883,.T.);
#3826=EDGE_CURVE('',#3025,#2838,#1884,.T.);
#3827=EDGE_CURVE('',#3026,#2839,#1885,.T.);
#3828=EDGE_CURVE('',#3027,#2840,#1886,.T.);
#3829=EDGE_CURVE('',#3028,#2841,#1887,.T.);
#3830=EDGE_CURVE('',#3029,#2842,#1888,.T.);
#3831=EDGE_CURVE('',#3030,#2843,#1889,.T.);
#3832=EDGE_CURVE('',#3031,#2844,#1890,.T.);
#3833=EDGE_CURVE('',#3032,#2845,#1891,.T.);
#3834=EDGE_CURVE('',#3033,#2846,#1892,.T.);
#3835=EDGE_CURVE('',#3034,#2847,#1893,.T.);
#3836=EDGE_CURVE('',#3035,#2848,#1894,.T.);
#3837=EDGE_CURVE('',#3036,#2849,#1895,.T.);
#3838=EDGE_CURVE('',#3037,#2850,#1896,.T.);
#3839=EDGE_CURVE('',#3038,#2851,#1897,.T.);
#3840=EDGE_CURVE('',#3039,#2852,#1898,.T.);
#3841=EDGE_CURVE('',#3040,#2853,#1899,.T.);
#3842=EDGE_CURVE('',#3041,#2854,#1900,.T.);
#3843=EDGE_CURVE('',#3042,#2855,#1901,.T.);
#3844=EDGE_CURVE('',#3043,#2856,#1902,.T.);
#3845=EDGE_CURVE('',#3044,#2857,#1903,.T.);
#3846=EDGE_CURVE('',#3045,#2858,#1904,.T.);
#3847=EDGE_CURVE('',#3046,#2859,#1905,.T.);
#3848=EDGE_CURVE('',#3047,#2860,#1906,.T.);
#3849=EDGE_CURVE('',#3048,#2861,#1907,.T.);
#3850=EDGE_CURVE('',#3049,#2862,#1908,.T.);
#3851=EDGE_CURVE('',#3050,#2863,#1909,.T.);
#3852=EDGE_CURVE('',#3051,#2864,#1910,.T.);
#3853=EDGE_CURVE('',#3052,#2865,#1911,.T.);
#3854=EDGE_CURVE('',#3053,#2866,#1912,.T.);
#3855=EDGE_CURVE('',#2868,#3055,#1913,.T.);
#3856=EDGE_CURVE('',#2867,#3054,#1914,.T.);
#3857=EDGE_CURVE('',#2869,#3057,#1915,.T.);
#3858=EDGE_CURVE('',#2870,#3056,#1916,.T.);
#3859=EDGE_CURVE('',#3058,#2871,#1917,.T.);
#3860=EDGE_CURVE('',#3059,#2872,#1918,.T.);
#3861=EDGE_CURVE('',#3060,#2873,#1919,.T.);
#3862=EDGE_CURVE('',#3061,#2874,#1920,.T.);
#3863=EDGE_CURVE('',#2876,#3063,#1921,.T.);
#3864=EDGE_CURVE('',#2875,#3062,#1922,.T.);
#3865=EDGE_CURVE('',#2877,#3065,#1923,.T.);
#3866=EDGE_CURVE('',#2878,#3064,#1924,.T.);
#3867=EDGE_CURVE('',#3066,#3067,#1925,.T.);
#3868=EDGE_CURVE('',#3066,#3068,#1926,.T.);
#3869=EDGE_CURVE('',#3069,#3068,#1927,.T.);
#3870=EDGE_CURVE('',#3067,#3069,#1928,.T.);
#3871=EDGE_CURVE('',#3070,#3066,#1929,.T.);
#3872=EDGE_CURVE('',#3070,#3071,#1930,.T.);
#3873=EDGE_CURVE('',#3068,#3071,#1931,.T.);
#3874=EDGE_CURVE('',#3072,#3070,#1932,.T.);
#3875=EDGE_CURVE('',#3073,#3072,#1933,.T.);
#3876=EDGE_CURVE('',#3071,#3073,#1934,.T.);
#3877=EDGE_CURVE('',#3074,#3073,#1935,.T.);
#3878=EDGE_CURVE('',#3075,#3074,#1936,.T.);
#3879=EDGE_CURVE('',#3075,#3076,#1937,.T.);
#3880=EDGE_CURVE('',#3077,#3076,#1938,.T.);
#3881=EDGE_CURVE('',#3069,#3077,#1939,.T.);
#3882=EDGE_CURVE('',#3078,#3067,#1940,.T.);
#3883=EDGE_CURVE('',#3079,#3078,#1941,.T.);
#3884=EDGE_CURVE('',#3080,#3079,#1942,.T.);
#3885=EDGE_CURVE('',#3080,#3081,#1943,.T.);
#3886=EDGE_CURVE('',#3072,#3081,#1944,.T.);
#3887=EDGE_CURVE('',#3082,#3083,#732,.T.);
#3888=EDGE_CURVE('',#3083,#3084,#1945,.T.);
#3889=EDGE_CURVE('',#3084,#3085,#733,.T.);
#3890=EDGE_CURVE('',#3085,#3082,#1946,.T.);
#3891=EDGE_CURVE('',#3086,#3083,#1947,.T.);
#3892=EDGE_CURVE('',#3087,#3086,#1948,.T.);
#3893=EDGE_CURVE('',#3087,#3084,#1949,.T.);
#3894=EDGE_CURVE('',#3086,#3077,#734,.T.);
#3895=EDGE_CURVE('',#3082,#3088,#1950,.T.);
#3896=EDGE_CURVE('',#3089,#3088,#735,.T.);
#3897=EDGE_CURVE('',#3089,#3090,#1951,.T.);
#3898=EDGE_CURVE('',#3074,#3090,#736,.T.);
#3899=EDGE_CURVE('',#3081,#3091,#1952,.T.);
#3900=EDGE_CURVE('',#3091,#3092,#1953,.T.);
#3901=EDGE_CURVE('',#3092,#3078,#1954,.T.);
#3902=EDGE_CURVE('',#3093,#3093,#737,.T.);
#3903=EDGE_CURVE('',#3094,#3094,#738,.T.);
#3904=EDGE_CURVE('',#3095,#3095,#739,.T.);
#3905=EDGE_CURVE('',#3096,#3096,#740,.T.);
#3906=EDGE_CURVE('',#3076,#3087,#741,.T.);
#3907=EDGE_CURVE('',#3090,#3097,#1955,.T.);
#3908=EDGE_CURVE('',#3097,#3075,#742,.T.);
#3909=EDGE_CURVE('',#3098,#3089,#1956,.T.);
#3910=EDGE_CURVE('',#3098,#3097,#1957,.T.);
#3911=EDGE_CURVE('',#3088,#3099,#1958,.T.);
#3912=EDGE_CURVE('',#3099,#3098,#743,.T.);
#3913=EDGE_CURVE('',#3085,#3099,#1959,.T.);
#3914=EDGE_CURVE('',#3100,#3080,#1960,.T.);
#3915=EDGE_CURVE('',#3100,#3091,#1961,.T.);
#3916=EDGE_CURVE('',#3079,#3101,#1962,.T.);
#3917=EDGE_CURVE('',#3101,#3092,#1963,.T.);
#3918=EDGE_CURVE('',#3101,#3100,#1964,.T.);
#3919=EDGE_CURVE('',#3094,#3102,#1965,.T.);
#3920=EDGE_CURVE('',#3102,#3102,#744,.T.);
#3921=EDGE_CURVE('',#3095,#3103,#1966,.T.);
#3922=EDGE_CURVE('',#3103,#3103,#745,.T.);
#3923=EDGE_CURVE('',#3096,#3104,#1967,.T.);
#3924=EDGE_CURVE('',#3104,#3104,#746,.T.);
#3925=EDGE_CURVE('',#3093,#3105,#1968,.T.);
#3926=EDGE_CURVE('',#3105,#3105,#747,.T.);
#3927=EDGE_CURVE('',#3106,#3107,#1969,.T.);
#3928=EDGE_CURVE('',#3106,#3108,#1970,.T.);
#3929=EDGE_CURVE('',#3108,#3109,#1971,.T.);
#3930=EDGE_CURVE('',#3107,#3109,#1972,.T.);
#3931=EDGE_CURVE('',#3110,#3106,#1973,.T.);
#3932=EDGE_CURVE('',#3110,#3111,#1974,.T.);
#3933=EDGE_CURVE('',#3111,#3108,#1975,.T.);
#3934=EDGE_CURVE('',#3112,#3110,#1976,.T.);
#3935=EDGE_CURVE('',#3112,#3113,#1977,.T.);
#3936=EDGE_CURVE('',#3113,#3111,#1978,.T.);
#3937=EDGE_CURVE('',#3107,#3112,#1979,.T.);
#3938=EDGE_CURVE('',#3109,#3113,#1980,.T.);
#3939=EDGE_CURVE('',#3114,#3115,#1981,.T.);
#3940=EDGE_CURVE('',#3116,#3114,#1982,.T.);
#3941=EDGE_CURVE('',#3117,#3116,#1983,.T.);
#3942=EDGE_CURVE('',#3115,#3117,#1984,.T.);
#3943=EDGE_CURVE('',#3116,#3118,#1985,.T.);
#3944=EDGE_CURVE('',#3119,#3118,#1986,.T.);
#3945=EDGE_CURVE('',#3117,#3119,#1987,.T.);
#3946=EDGE_CURVE('',#3114,#3120,#1988,.T.);
#3947=EDGE_CURVE('',#3118,#3120,#1989,.T.);
#3948=EDGE_CURVE('',#3121,#3122,#1990,.T.);
#3949=EDGE_CURVE('',#3122,#3123,#1991,.T.);
#3950=EDGE_CURVE('',#3123,#3124,#1992,.T.);
#3951=EDGE_CURVE('',#3121,#3124,#1993,.T.);
#3952=EDGE_CURVE('',#3122,#3125,#1994,.T.);
#3953=EDGE_CURVE('',#3125,#3126,#1995,.T.);
#3954=EDGE_CURVE('',#3126,#3123,#1996,.T.);
#3955=EDGE_CURVE('',#3125,#3127,#1997,.T.);
#3956=EDGE_CURVE('',#3127,#3128,#1998,.T.);
#3957=EDGE_CURVE('',#3128,#3126,#1999,.T.);
#3958=EDGE_CURVE('',#3124,#3128,#2000,.T.);
#3959=EDGE_CURVE('',#3127,#3121,#2001,.T.);
#3960=EDGE_CURVE('',#3129,#3124,#2002,.T.);
#3961=EDGE_CURVE('',#3129,#3130,#2003,.T.);
#3962=EDGE_CURVE('',#3130,#3128,#2004,.T.);
#3963=EDGE_CURVE('',#3131,#3123,#2005,.T.);
#3964=EDGE_CURVE('',#3131,#3129,#2006,.T.);
#3965=EDGE_CURVE('',#3132,#3133,#748,.T.);
#3966=EDGE_CURVE('',#3134,#3132,#2007,.T.);
#3967=EDGE_CURVE('',#3135,#3134,#749,.T.);
#3968=EDGE_CURVE('',#3136,#3135,#2008,.T.);
#3969=EDGE_CURVE('',#3137,#3136,#750,.T.);
#3970=EDGE_CURVE('',#3138,#3137,#2009,.T.);
#3971=EDGE_CURVE('',#3139,#3138,#751,.T.);
#3972=EDGE_CURVE('',#3133,#3139,#2010,.T.);
#3973=EDGE_CURVE('',#3140,#3140,#752,.T.);
#3974=EDGE_CURVE('',#3141,#3142,#753,.T.);
#3975=EDGE_CURVE('',#3142,#3143,#2011,.T.);
#3976=EDGE_CURVE('',#3143,#3144,#754,.T.);
#3977=EDGE_CURVE('',#3144,#3145,#2012,.T.);
#3978=EDGE_CURVE('',#3145,#3146,#755,.T.);
#3979=EDGE_CURVE('',#3146,#3147,#2013,.T.);
#3980=EDGE_CURVE('',#3147,#3148,#756,.T.);
#3981=EDGE_CURVE('',#3148,#3141,#2014,.T.);
#3982=EDGE_CURVE('',#3149,#3150,#757,.T.);
#3983=EDGE_CURVE('',#3150,#3151,#2015,.T.);
#3984=EDGE_CURVE('',#3151,#3152,#758,.T.);
#3985=EDGE_CURVE('',#3152,#3153,#2016,.T.);
#3986=EDGE_CURVE('',#3153,#3154,#759,.T.);
#3987=EDGE_CURVE('',#3154,#3155,#2017,.T.);
#3988=EDGE_CURVE('',#3155,#3156,#760,.T.);
#3989=EDGE_CURVE('',#3156,#3149,#2018,.T.);
#3990=EDGE_CURVE('',#3157,#3158,#761,.T.);
#3991=EDGE_CURVE('',#3158,#3159,#2019,.T.);
#3992=EDGE_CURVE('',#3159,#3160,#762,.T.);
#3993=EDGE_CURVE('',#3160,#3161,#2020,.T.);
#3994=EDGE_CURVE('',#3161,#3162,#763,.T.);
#3995=EDGE_CURVE('',#3162,#3163,#2021,.T.);
#3996=EDGE_CURVE('',#3163,#3164,#764,.T.);
#3997=EDGE_CURVE('',#3164,#3157,#2022,.T.);
#3998=EDGE_CURVE('',#3165,#3166,#765,.T.);
#3999=EDGE_CURVE('',#3166,#3167,#2023,.T.);
#4000=EDGE_CURVE('',#3167,#3168,#766,.T.);
#4001=EDGE_CURVE('',#3168,#3169,#2024,.T.);
#4002=EDGE_CURVE('',#3169,#3170,#767,.T.);
#4003=EDGE_CURVE('',#3170,#3171,#2025,.T.);
#4004=EDGE_CURVE('',#3171,#3172,#768,.T.);
#4005=EDGE_CURVE('',#3172,#3165,#2026,.T.);
#4006=EDGE_CURVE('',#3173,#3174,#769,.T.);
#4007=EDGE_CURVE('',#3174,#3175,#2027,.T.);
#4008=EDGE_CURVE('',#3175,#3176,#770,.T.);
#4009=EDGE_CURVE('',#3176,#3177,#2028,.T.);
#4010=EDGE_CURVE('',#3177,#3178,#771,.T.);
#4011=EDGE_CURVE('',#3178,#3179,#2029,.T.);
#4012=EDGE_CURVE('',#3179,#3180,#772,.T.);
#4013=EDGE_CURVE('',#3180,#3173,#2030,.T.);
#4014=EDGE_CURVE('',#3181,#3181,#773,.T.);
#4015=EDGE_CURVE('',#3182,#3182,#774,.T.);
#4016=EDGE_CURVE('',#3183,#3119,#2031,.T.);
#4017=EDGE_CURVE('',#3120,#3183,#2032,.T.);
#4018=EDGE_CURVE('',#3184,#3184,#775,.T.);
#4019=EDGE_CURVE('',#3185,#3186,#776,.T.);
#4020=EDGE_CURVE('',#3186,#3187,#2033,.T.);
#4021=EDGE_CURVE('',#3187,#3188,#777,.T.);
#4022=EDGE_CURVE('',#3188,#3189,#2034,.T.);
#4023=EDGE_CURVE('',#3189,#3190,#778,.T.);
#4024=EDGE_CURVE('',#3190,#3191,#2035,.T.);
#4025=EDGE_CURVE('',#3191,#3192,#779,.T.);
#4026=EDGE_CURVE('',#3192,#3185,#2036,.T.);
#4027=EDGE_CURVE('',#3193,#3194,#780,.T.);
#4028=EDGE_CURVE('',#3194,#3195,#2037,.T.);
#4029=EDGE_CURVE('',#3195,#3196,#781,.T.);
#4030=EDGE_CURVE('',#3196,#3197,#2038,.T.);
#4031=EDGE_CURVE('',#3197,#3198,#782,.T.);
#4032=EDGE_CURVE('',#3198,#3199,#2039,.T.);
#4033=EDGE_CURVE('',#3199,#3200,#783,.T.);
#4034=EDGE_CURVE('',#3200,#3193,#2040,.T.);
#4035=EDGE_CURVE('',#3201,#3136,#784,.T.);
#4036=EDGE_CURVE('',#3202,#3201,#785,.F.);
#4037=EDGE_CURVE('',#3137,#3202,#786,.T.);
#4038=EDGE_CURVE('',#3203,#3204,#787,.T.);
#4039=EDGE_CURVE('',#3204,#3202,#2041,.T.);
#4040=EDGE_CURVE('',#3201,#3203,#2042,.T.);
#4041=EDGE_CURVE('',#3205,#3134,#788,.T.);
#4042=EDGE_CURVE('',#3206,#3205,#789,.F.);
#4043=EDGE_CURVE('',#3135,#3206,#790,.T.);
#4044=EDGE_CURVE('',#3207,#3208,#791,.T.);
#4045=EDGE_CURVE('',#3208,#3206,#2043,.T.);
#4046=EDGE_CURVE('',#3205,#3207,#2044,.T.);
#4047=EDGE_CURVE('',#3206,#3201,#2045,.T.);
#4048=EDGE_CURVE('',#3209,#3138,#792,.T.);
#4049=EDGE_CURVE('',#3210,#3209,#793,.F.);
#4050=EDGE_CURVE('',#3139,#3210,#794,.T.);
#4051=EDGE_CURVE('',#3211,#3212,#795,.T.);
#4052=EDGE_CURVE('',#3212,#3210,#2046,.T.);
#4053=EDGE_CURVE('',#3209,#3211,#2047,.T.);
#4054=EDGE_CURVE('',#3213,#3133,#796,.T.);
#4055=EDGE_CURVE('',#3214,#3213,#797,.F.);
#4056=EDGE_CURVE('',#3132,#3214,#798,.T.);
#4057=EDGE_CURVE('',#3215,#3216,#799,.T.);
#4058=EDGE_CURVE('',#3216,#3214,#2048,.T.);
#4059=EDGE_CURVE('',#3213,#3215,#2049,.T.);
#4060=EDGE_CURVE('',#3214,#3205,#2050,.T.);
#4061=EDGE_CURVE('',#3210,#3213,#2051,.T.);
#4062=EDGE_CURVE('',#3202,#3209,#2052,.T.);
#4063=EDGE_CURVE('',#3208,#3203,#2053,.T.);
#4064=EDGE_CURVE('',#3216,#3207,#2054,.T.);
#4065=EDGE_CURVE('',#3212,#3215,#2055,.T.);
#4066=EDGE_CURVE('',#3204,#3211,#2056,.T.);
#4067=EDGE_CURVE('',#3217,#3217,#800,.T.);
#4068=EDGE_CURVE('',#3218,#3219,#801,.T.);
#4069=EDGE_CURVE('',#3220,#3218,#2057,.T.);
#4070=EDGE_CURVE('',#3221,#3220,#802,.T.);
#4071=EDGE_CURVE('',#3222,#3221,#2058,.T.);
#4072=EDGE_CURVE('',#3223,#3222,#803,.T.);
#4073=EDGE_CURVE('',#3224,#3223,#2059,.T.);
#4074=EDGE_CURVE('',#3225,#3224,#804,.T.);
#4075=EDGE_CURVE('',#3219,#3225,#2060,.T.);
#4076=EDGE_CURVE('',#3226,#3227,#805,.T.);
#4077=EDGE_CURVE('',#3228,#3226,#2061,.T.);
#4078=EDGE_CURVE('',#3229,#3228,#806,.T.);
#4079=EDGE_CURVE('',#3230,#3229,#2062,.T.);
#4080=EDGE_CURVE('',#3231,#3230,#807,.T.);
#4081=EDGE_CURVE('',#3232,#3231,#2063,.T.);
#4082=EDGE_CURVE('',#3233,#3232,#808,.T.);
#4083=EDGE_CURVE('',#3227,#3233,#2064,.T.);
#4084=EDGE_CURVE('',#3234,#3131,#2065,.T.);
#4085=EDGE_CURVE('',#3130,#3234,#2066,.T.);
#4086=EDGE_CURVE('',#3235,#3236,#809,.T.);
#4087=EDGE_CURVE('',#3237,#3235,#2067,.T.);
#4088=EDGE_CURVE('',#3238,#3237,#810,.T.);
#4089=EDGE_CURVE('',#3239,#3238,#2068,.T.);
#4090=EDGE_CURVE('',#3240,#3239,#811,.T.);
#4091=EDGE_CURVE('',#3241,#3240,#2069,.T.);
#4092=EDGE_CURVE('',#3242,#3241,#812,.T.);
#4093=EDGE_CURVE('',#3236,#3242,#2070,.T.);
#4094=EDGE_CURVE('',#3243,#3244,#813,.T.);
#4095=EDGE_CURVE('',#3245,#3243,#2071,.T.);
#4096=EDGE_CURVE('',#3246,#3245,#814,.T.);
#4097=EDGE_CURVE('',#3247,#3246,#2072,.T.);
#4098=EDGE_CURVE('',#3248,#3247,#815,.T.);
#4099=EDGE_CURVE('',#3249,#3248,#2073,.T.);
#4100=EDGE_CURVE('',#3250,#3249,#816,.T.);
#4101=EDGE_CURVE('',#3244,#3250,#2074,.T.);
#4102=EDGE_CURVE('',#3251,#3252,#817,.T.);
#4103=EDGE_CURVE('',#3253,#3251,#2075,.T.);
#4104=EDGE_CURVE('',#3254,#3253,#818,.T.);
#4105=EDGE_CURVE('',#3255,#3254,#2076,.T.);
#4106=EDGE_CURVE('',#3256,#3255,#819,.T.);
#4107=EDGE_CURVE('',#3257,#3256,#2077,.T.);
#4108=EDGE_CURVE('',#3258,#3257,#820,.T.);
#4109=EDGE_CURVE('',#3252,#3258,#2078,.T.);
#4110=EDGE_CURVE('',#3259,#3259,#821,.T.);
#4111=EDGE_CURVE('',#3260,#3260,#822,.T.);
#4112=EDGE_CURVE('',#3261,#3261,#823,.T.);
#4113=EDGE_CURVE('',#3262,#3263,#824,.T.);
#4114=EDGE_CURVE('',#3264,#3262,#2079,.T.);
#4115=EDGE_CURVE('',#3265,#3264,#825,.T.);
#4116=EDGE_CURVE('',#3266,#3265,#2080,.T.);
#4117=EDGE_CURVE('',#3267,#3266,#826,.T.);
#4118=EDGE_CURVE('',#3268,#3267,#2081,.T.);
#4119=EDGE_CURVE('',#3269,#3268,#827,.T.);
#4120=EDGE_CURVE('',#3263,#3269,#2082,.T.);
#4121=EDGE_CURVE('',#3270,#3271,#828,.T.);
#4122=EDGE_CURVE('',#3272,#3270,#2083,.T.);
#4123=EDGE_CURVE('',#3273,#3272,#829,.T.);
#4124=EDGE_CURVE('',#3274,#3273,#2084,.T.);
#4125=EDGE_CURVE('',#3275,#3274,#830,.T.);
#4126=EDGE_CURVE('',#3276,#3275,#2085,.T.);
#4127=EDGE_CURVE('',#3277,#3276,#831,.T.);
#4128=EDGE_CURVE('',#3271,#3277,#2086,.T.);
#4129=EDGE_CURVE('',#3270,#3193,#2087,.T.);
#4130=EDGE_CURVE('',#3272,#3200,#2088,.T.);
#4131=EDGE_CURVE('',#3273,#3199,#2089,.T.);
#4132=EDGE_CURVE('',#3274,#3198,#2090,.T.);
#4133=EDGE_CURVE('',#3275,#3197,#2091,.T.);
#4134=EDGE_CURVE('',#3276,#3196,#2092,.T.);
#4135=EDGE_CURVE('',#3277,#3195,#2093,.T.);
#4136=EDGE_CURVE('',#3271,#3194,#2094,.T.);
#4137=EDGE_CURVE('',#3262,#3185,#2095,.T.);
#4138=EDGE_CURVE('',#3264,#3192,#2096,.T.);
#4139=EDGE_CURVE('',#3265,#3191,#2097,.T.);
#4140=EDGE_CURVE('',#3266,#3190,#2098,.T.);
#4141=EDGE_CURVE('',#3267,#3189,#2099,.T.);
#4142=EDGE_CURVE('',#3268,#3188,#2100,.T.);
#4143=EDGE_CURVE('',#3269,#3187,#2101,.T.);
#4144=EDGE_CURVE('',#3263,#3186,#2102,.T.);
#4145=EDGE_CURVE('',#3184,#3261,#2103,.T.);
#4146=EDGE_CURVE('',#3115,#3183,#2104,.T.);
#4147=EDGE_CURVE('',#3182,#3260,#2105,.T.);
#4148=EDGE_CURVE('',#3181,#3259,#2106,.T.);
#4149=EDGE_CURVE('',#3251,#3173,#2107,.T.);
#4150=EDGE_CURVE('',#3253,#3180,#2108,.T.);
#4151=EDGE_CURVE('',#3254,#3179,#2109,.T.);
#4152=EDGE_CURVE('',#3255,#3178,#2110,.T.);
#4153=EDGE_CURVE('',#3256,#3177,#2111,.T.);
#4154=EDGE_CURVE('',#3257,#3176,#2112,.T.);
#4155=EDGE_CURVE('',#3258,#3175,#2113,.T.);
#4156=EDGE_CURVE('',#3252,#3174,#2114,.T.);
#4157=EDGE_CURVE('',#3243,#3165,#2115,.T.);
#4158=EDGE_CURVE('',#3245,#3172,#2116,.T.);
#4159=EDGE_CURVE('',#3246,#3171,#2117,.T.);
#4160=EDGE_CURVE('',#3247,#3170,#2118,.T.);
#4161=EDGE_CURVE('',#3248,#3169,#2119,.T.);
#4162=EDGE_CURVE('',#3249,#3168,#2120,.T.);
#4163=EDGE_CURVE('',#3250,#3167,#2121,.T.);
#4164=EDGE_CURVE('',#3244,#3166,#2122,.T.);
#4165=EDGE_CURVE('',#3235,#3157,#2123,.T.);
#4166=EDGE_CURVE('',#3237,#3164,#2124,.T.);
#4167=EDGE_CURVE('',#3238,#3163,#2125,.T.);
#4168=EDGE_CURVE('',#3239,#3162,#2126,.T.);
#4169=EDGE_CURVE('',#3240,#3161,#2127,.T.);
#4170=EDGE_CURVE('',#3241,#3160,#2128,.T.);
#4171=EDGE_CURVE('',#3242,#3159,#2129,.T.);
#4172=EDGE_CURVE('',#3236,#3158,#2130,.T.);
#4173=EDGE_CURVE('',#3234,#3126,#2131,.T.);
#4174=EDGE_CURVE('',#3226,#3149,#2132,.T.);
#4175=EDGE_CURVE('',#3228,#3156,#2133,.T.);
#4176=EDGE_CURVE('',#3229,#3155,#2134,.T.);
#4177=EDGE_CURVE('',#3230,#3154,#2135,.T.);
#4178=EDGE_CURVE('',#3231,#3153,#2136,.T.);
#4179=EDGE_CURVE('',#3232,#3152,#2137,.T.);
#4180=EDGE_CURVE('',#3233,#3151,#2138,.T.);
#4181=EDGE_CURVE('',#3227,#3150,#2139,.T.);
#4182=EDGE_CURVE('',#3218,#3141,#2140,.T.);
#4183=EDGE_CURVE('',#3220,#3148,#2141,.T.);
#4184=EDGE_CURVE('',#3221,#3147,#2142,.T.);
#4185=EDGE_CURVE('',#3222,#3146,#2143,.T.);
#4186=EDGE_CURVE('',#3223,#3145,#2144,.T.);
#4187=EDGE_CURVE('',#3224,#3144,#2145,.T.);
#4188=EDGE_CURVE('',#3225,#3143,#2146,.T.);
#4189=EDGE_CURVE('',#3219,#3142,#2147,.T.);
#4190=EDGE_CURVE('',#3140,#3217,#2148,.T.);
#4191=EDGE_CURVE('',#3278,#3279,#2149,.T.);
#4192=EDGE_CURVE('',#3279,#3280,#2150,.T.);
#4193=EDGE_CURVE('',#3280,#3281,#2151,.T.);
#4194=EDGE_CURVE('',#3281,#3278,#2152,.T.);
#4195=EDGE_CURVE('',#3282,#3283,#2153,.T.);
#4196=EDGE_CURVE('',#3284,#3282,#2154,.T.);
#4197=EDGE_CURVE('',#3285,#3284,#2155,.T.);
#4198=EDGE_CURVE('',#3283,#3285,#2156,.T.);
#4199=EDGE_CURVE('',#3286,#3287,#2157,.T.);
#4200=EDGE_CURVE('',#3287,#3278,#2158,.T.);
#4201=EDGE_CURVE('',#3286,#3281,#2159,.T.);
#4202=EDGE_CURVE('',#3288,#3286,#2160,.T.);
#4203=EDGE_CURVE('',#3288,#3280,#2161,.T.);
#4204=EDGE_CURVE('',#3289,#3288,#2162,.T.);
#4205=EDGE_CURVE('',#3289,#3279,#2163,.T.);
#4206=EDGE_CURVE('',#3287,#3289,#2164,.T.);
#4207=EDGE_CURVE('',#3290,#3284,#2165,.T.);
#4208=EDGE_CURVE('',#3290,#3291,#2166,.T.);
#4209=EDGE_CURVE('',#3291,#3285,#2167,.T.);
#4210=EDGE_CURVE('',#3292,#3282,#2168,.T.);
#4211=EDGE_CURVE('',#3292,#3290,#2169,.T.);
#4212=EDGE_CURVE('',#3293,#3283,#2170,.T.);
#4213=EDGE_CURVE('',#3293,#3292,#2171,.T.);
#4214=EDGE_CURVE('',#3291,#3293,#2172,.T.);
#4215=ORIENTED_EDGE('',*,*,#3294,.T.);
#4216=ORIENTED_EDGE('',*,*,#3295,.F.);
#4217=ORIENTED_EDGE('',*,*,#3296,.F.);
#4218=ORIENTED_EDGE('',*,*,#3297,.T.);
#4219=ORIENTED_EDGE('',*,*,#3298,.T.);
#4220=ORIENTED_EDGE('',*,*,#3299,.F.);
#4221=ORIENTED_EDGE('',*,*,#3300,.F.);
#4222=ORIENTED_EDGE('',*,*,#3295,.T.);
#4223=ORIENTED_EDGE('',*,*,#3301,.T.);
#4224=ORIENTED_EDGE('',*,*,#3302,.F.);
#4225=ORIENTED_EDGE('',*,*,#3303,.F.);
#4226=ORIENTED_EDGE('',*,*,#3299,.T.);
#4227=ORIENTED_EDGE('',*,*,#3304,.T.);
#4228=ORIENTED_EDGE('',*,*,#3297,.F.);
#4229=ORIENTED_EDGE('',*,*,#3305,.F.);
#4230=ORIENTED_EDGE('',*,*,#3302,.T.);
#4231=ORIENTED_EDGE('',*,*,#3301,.F.);
#4232=ORIENTED_EDGE('',*,*,#3298,.F.);
#4233=ORIENTED_EDGE('',*,*,#3294,.F.);
#4234=ORIENTED_EDGE('',*,*,#3304,.F.);
#4235=ORIENTED_EDGE('',*,*,#3306,.F.);
#4236=ORIENTED_EDGE('',*,*,#3307,.F.);
#4237=ORIENTED_EDGE('',*,*,#3308,.F.);
#4238=ORIENTED_EDGE('',*,*,#3309,.F.);
#4239=ORIENTED_EDGE('',*,*,#3310,.F.);
#4240=ORIENTED_EDGE('',*,*,#3311,.F.);
#4241=ORIENTED_EDGE('',*,*,#3312,.F.);
#4242=ORIENTED_EDGE('',*,*,#3313,.F.);
#4243=ORIENTED_EDGE('',*,*,#3314,.F.);
#4244=ORIENTED_EDGE('',*,*,#3315,.F.);
#4245=ORIENTED_EDGE('',*,*,#3316,.F.);
#4246=ORIENTED_EDGE('',*,*,#3317,.F.);
#4247=ORIENTED_EDGE('',*,*,#3318,.T.);
#4248=ORIENTED_EDGE('',*,*,#3319,.T.);
#4249=ORIENTED_EDGE('',*,*,#3320,.T.);
#4250=ORIENTED_EDGE('',*,*,#3321,.T.);
#4251=ORIENTED_EDGE('',*,*,#3322,.T.);
#4252=ORIENTED_EDGE('',*,*,#3323,.T.);
#4253=ORIENTED_EDGE('',*,*,#3324,.T.);
#4254=ORIENTED_EDGE('',*,*,#3325,.T.);
#4255=ORIENTED_EDGE('',*,*,#3326,.T.);
#4256=ORIENTED_EDGE('',*,*,#3327,.T.);
#4257=ORIENTED_EDGE('',*,*,#3328,.T.);
#4258=ORIENTED_EDGE('',*,*,#3329,.T.);
#4259=ORIENTED_EDGE('',*,*,#3330,.T.);
#4260=ORIENTED_EDGE('',*,*,#3331,.T.);
#4261=ORIENTED_EDGE('',*,*,#3332,.T.);
#4262=ORIENTED_EDGE('',*,*,#3333,.T.);
#4263=ORIENTED_EDGE('',*,*,#3334,.F.);
#4264=ORIENTED_EDGE('',*,*,#3335,.T.);
#4265=ORIENTED_EDGE('',*,*,#3336,.T.);
#4266=ORIENTED_EDGE('',*,*,#3337,.T.);
#4267=ORIENTED_EDGE('',*,*,#3338,.T.);
#4268=ORIENTED_EDGE('',*,*,#3339,.T.);
#4269=ORIENTED_EDGE('',*,*,#3340,.T.);
#4270=ORIENTED_EDGE('',*,*,#3341,.T.);
#4271=ORIENTED_EDGE('',*,*,#3342,.T.);
#4272=ORIENTED_EDGE('',*,*,#3343,.T.);
#4273=ORIENTED_EDGE('',*,*,#3344,.T.);
#4274=ORIENTED_EDGE('',*,*,#3345,.T.);
#4275=ORIENTED_EDGE('',*,*,#3346,.T.);
#4276=ORIENTED_EDGE('',*,*,#3347,.T.);
#4277=ORIENTED_EDGE('',*,*,#3348,.T.);
#4278=ORIENTED_EDGE('',*,*,#3349,.T.);
#4279=ORIENTED_EDGE('',*,*,#3350,.T.);
#4280=ORIENTED_EDGE('',*,*,#3351,.F.);
#4281=ORIENTED_EDGE('',*,*,#3352,.F.);
#4282=ORIENTED_EDGE('',*,*,#3353,.F.);
#4283=ORIENTED_EDGE('',*,*,#3354,.F.);
#4284=ORIENTED_EDGE('',*,*,#3355,.F.);
#4285=ORIENTED_EDGE('',*,*,#3356,.T.);
#4286=ORIENTED_EDGE('',*,*,#3357,.T.);
#4287=ORIENTED_EDGE('',*,*,#3358,.T.);
#4288=ORIENTED_EDGE('',*,*,#3359,.T.);
#4289=ORIENTED_EDGE('',*,*,#3360,.T.);
#4290=ORIENTED_EDGE('',*,*,#3361,.T.);
#4291=ORIENTED_EDGE('',*,*,#3362,.T.);
#4292=ORIENTED_EDGE('',*,*,#3363,.T.);
#4293=ORIENTED_EDGE('',*,*,#3364,.T.);
#4294=ORIENTED_EDGE('',*,*,#3365,.T.);
#4295=ORIENTED_EDGE('',*,*,#3366,.T.);
#4296=ORIENTED_EDGE('',*,*,#3367,.T.);
#4297=ORIENTED_EDGE('',*,*,#3368,.T.);
#4298=ORIENTED_EDGE('',*,*,#3369,.T.);
#4299=ORIENTED_EDGE('',*,*,#3370,.T.);
#4300=ORIENTED_EDGE('',*,*,#3371,.T.);
#4301=ORIENTED_EDGE('',*,*,#3372,.T.);
#4302=ORIENTED_EDGE('',*,*,#3373,.T.);
#4303=ORIENTED_EDGE('',*,*,#3374,.T.);
#4304=ORIENTED_EDGE('',*,*,#3375,.T.);
#4305=ORIENTED_EDGE('',*,*,#3376,.T.);
#4306=ORIENTED_EDGE('',*,*,#3377,.T.);
#4307=ORIENTED_EDGE('',*,*,#3378,.T.);
#4308=ORIENTED_EDGE('',*,*,#3379,.T.);
#4309=ORIENTED_EDGE('',*,*,#3380,.T.);
#4310=ORIENTED_EDGE('',*,*,#3381,.T.);
#4311=ORIENTED_EDGE('',*,*,#3382,.T.);
#4312=ORIENTED_EDGE('',*,*,#3383,.T.);
#4313=ORIENTED_EDGE('',*,*,#3384,.T.);
#4314=ORIENTED_EDGE('',*,*,#3385,.T.);
#4315=ORIENTED_EDGE('',*,*,#3386,.T.);
#4316=ORIENTED_EDGE('',*,*,#3387,.T.);
#4317=ORIENTED_EDGE('',*,*,#3388,.T.);
#4318=ORIENTED_EDGE('',*,*,#3389,.T.);
#4319=ORIENTED_EDGE('',*,*,#3390,.T.);
#4320=ORIENTED_EDGE('',*,*,#3391,.T.);
#4321=ORIENTED_EDGE('',*,*,#3392,.T.);
#4322=ORIENTED_EDGE('',*,*,#3393,.T.);
#4323=ORIENTED_EDGE('',*,*,#3394,.T.);
#4324=ORIENTED_EDGE('',*,*,#3395,.T.);
#4325=ORIENTED_EDGE('',*,*,#3396,.T.);
#4326=ORIENTED_EDGE('',*,*,#3397,.T.);
#4327=ORIENTED_EDGE('',*,*,#3398,.T.);
#4328=ORIENTED_EDGE('',*,*,#3399,.T.);
#4329=ORIENTED_EDGE('',*,*,#3400,.T.);
#4330=ORIENTED_EDGE('',*,*,#3401,.T.);
#4331=ORIENTED_EDGE('',*,*,#3402,.T.);
#4332=ORIENTED_EDGE('',*,*,#3403,.T.);
#4333=ORIENTED_EDGE('',*,*,#3404,.T.);
#4334=ORIENTED_EDGE('',*,*,#3405,.T.);
#4335=ORIENTED_EDGE('',*,*,#3406,.T.);
#4336=ORIENTED_EDGE('',*,*,#3407,.T.);
#4337=ORIENTED_EDGE('',*,*,#3408,.T.);
#4338=ORIENTED_EDGE('',*,*,#3409,.T.);
#4339=ORIENTED_EDGE('',*,*,#3410,.T.);
#4340=ORIENTED_EDGE('',*,*,#3411,.T.);
#4341=ORIENTED_EDGE('',*,*,#3412,.T.);
#4342=ORIENTED_EDGE('',*,*,#3413,.T.);
#4343=ORIENTED_EDGE('',*,*,#3414,.T.);
#4344=ORIENTED_EDGE('',*,*,#3415,.T.);
#4345=ORIENTED_EDGE('',*,*,#3416,.T.);
#4346=ORIENTED_EDGE('',*,*,#3417,.T.);
#4347=ORIENTED_EDGE('',*,*,#3418,.T.);
#4348=ORIENTED_EDGE('',*,*,#3419,.T.);
#4349=ORIENTED_EDGE('',*,*,#3420,.T.);
#4350=ORIENTED_EDGE('',*,*,#3421,.T.);
#4351=ORIENTED_EDGE('',*,*,#3422,.T.);
#4352=ORIENTED_EDGE('',*,*,#3423,.T.);
#4353=ORIENTED_EDGE('',*,*,#3424,.T.);
#4354=ORIENTED_EDGE('',*,*,#3425,.T.);
#4355=ORIENTED_EDGE('',*,*,#3426,.T.);
#4356=ORIENTED_EDGE('',*,*,#3427,.T.);
#4357=ORIENTED_EDGE('',*,*,#3428,.T.);
#4358=ORIENTED_EDGE('',*,*,#3429,.T.);
#4359=ORIENTED_EDGE('',*,*,#3430,.T.);
#4360=ORIENTED_EDGE('',*,*,#3431,.T.);
#4361=ORIENTED_EDGE('',*,*,#3432,.T.);
#4362=ORIENTED_EDGE('',*,*,#3433,.T.);
#4363=ORIENTED_EDGE('',*,*,#3434,.T.);
#4364=ORIENTED_EDGE('',*,*,#3435,.T.);
#4365=ORIENTED_EDGE('',*,*,#3436,.F.);
#4366=ORIENTED_EDGE('',*,*,#3437,.F.);
#4367=ORIENTED_EDGE('',*,*,#3438,.F.);
#4368=ORIENTED_EDGE('',*,*,#3439,.F.);
#4369=ORIENTED_EDGE('',*,*,#3440,.F.);
#4370=ORIENTED_EDGE('',*,*,#3441,.F.);
#4371=ORIENTED_EDGE('',*,*,#3442,.F.);
#4372=ORIENTED_EDGE('',*,*,#3443,.F.);
#4373=ORIENTED_EDGE('',*,*,#3444,.F.);
#4374=ORIENTED_EDGE('',*,*,#3445,.F.);
#4375=ORIENTED_EDGE('',*,*,#3446,.F.);
#4376=ORIENTED_EDGE('',*,*,#3447,.F.);
#4377=ORIENTED_EDGE('',*,*,#3448,.F.);
#4378=ORIENTED_EDGE('',*,*,#3449,.F.);
#4379=ORIENTED_EDGE('',*,*,#3450,.F.);
#4380=ORIENTED_EDGE('',*,*,#3451,.F.);
#4381=ORIENTED_EDGE('',*,*,#3452,.F.);
#4382=ORIENTED_EDGE('',*,*,#3453,.F.);
#4383=ORIENTED_EDGE('',*,*,#3454,.F.);
#4384=ORIENTED_EDGE('',*,*,#3455,.F.);
#4385=ORIENTED_EDGE('',*,*,#3456,.F.);
#4386=ORIENTED_EDGE('',*,*,#3457,.F.);
#4387=ORIENTED_EDGE('',*,*,#3458,.F.);
#4388=ORIENTED_EDGE('',*,*,#3459,.F.);
#4389=ORIENTED_EDGE('',*,*,#3460,.F.);
#4390=ORIENTED_EDGE('',*,*,#3461,.F.);
#4391=ORIENTED_EDGE('',*,*,#3462,.F.);
#4392=ORIENTED_EDGE('',*,*,#3463,.F.);
#4393=ORIENTED_EDGE('',*,*,#3464,.F.);
#4394=ORIENTED_EDGE('',*,*,#3465,.F.);
#4395=ORIENTED_EDGE('',*,*,#3466,.F.);
#4396=ORIENTED_EDGE('',*,*,#3467,.F.);
#4397=ORIENTED_EDGE('',*,*,#3468,.F.);
#4398=ORIENTED_EDGE('',*,*,#3469,.F.);
#4399=ORIENTED_EDGE('',*,*,#3470,.F.);
#4400=ORIENTED_EDGE('',*,*,#3471,.F.);
#4401=ORIENTED_EDGE('',*,*,#3472,.F.);
#4402=ORIENTED_EDGE('',*,*,#3473,.F.);
#4403=ORIENTED_EDGE('',*,*,#3474,.F.);
#4404=ORIENTED_EDGE('',*,*,#3475,.F.);
#4405=ORIENTED_EDGE('',*,*,#3476,.F.);
#4406=ORIENTED_EDGE('',*,*,#3477,.F.);
#4407=ORIENTED_EDGE('',*,*,#3478,.F.);
#4408=ORIENTED_EDGE('',*,*,#3479,.F.);
#4409=ORIENTED_EDGE('',*,*,#3480,.F.);
#4410=ORIENTED_EDGE('',*,*,#3481,.F.);
#4411=ORIENTED_EDGE('',*,*,#3482,.F.);
#4412=ORIENTED_EDGE('',*,*,#3483,.F.);
#4413=ORIENTED_EDGE('',*,*,#3484,.F.);
#4414=ORIENTED_EDGE('',*,*,#3485,.F.);
#4415=ORIENTED_EDGE('',*,*,#3486,.F.);
#4416=ORIENTED_EDGE('',*,*,#3487,.F.);
#4417=ORIENTED_EDGE('',*,*,#3488,.F.);
#4418=ORIENTED_EDGE('',*,*,#3489,.F.);
#4419=ORIENTED_EDGE('',*,*,#3490,.F.);
#4420=ORIENTED_EDGE('',*,*,#3491,.F.);
#4421=ORIENTED_EDGE('',*,*,#3492,.F.);
#4422=ORIENTED_EDGE('',*,*,#3300,.T.);
#4423=ORIENTED_EDGE('',*,*,#3303,.T.);
#4424=ORIENTED_EDGE('',*,*,#3305,.T.);
#4425=ORIENTED_EDGE('',*,*,#3296,.T.);
#4426=ORIENTED_EDGE('',*,*,#3493,.T.);
#4427=ORIENTED_EDGE('',*,*,#3494,.T.);
#4428=ORIENTED_EDGE('',*,*,#3495,.T.);
#4429=ORIENTED_EDGE('',*,*,#3496,.T.);
#4430=ORIENTED_EDGE('',*,*,#3497,.T.);
#4431=ORIENTED_EDGE('',*,*,#3498,.T.);
#4432=ORIENTED_EDGE('',*,*,#3499,.T.);
#4433=ORIENTED_EDGE('',*,*,#3500,.T.);
#4434=ORIENTED_EDGE('',*,*,#3501,.T.);
#4435=ORIENTED_EDGE('',*,*,#3502,.T.);
#4436=ORIENTED_EDGE('',*,*,#3503,.T.);
#4437=ORIENTED_EDGE('',*,*,#3504,.T.);
#4438=ORIENTED_EDGE('',*,*,#3505,.F.);
#4439=ORIENTED_EDGE('',*,*,#3506,.F.);
#4440=ORIENTED_EDGE('',*,*,#3507,.F.);
#4441=ORIENTED_EDGE('',*,*,#3508,.F.);
#4442=ORIENTED_EDGE('',*,*,#3509,.F.);
#4443=ORIENTED_EDGE('',*,*,#3510,.F.);
#4444=ORIENTED_EDGE('',*,*,#3511,.F.);
#4445=ORIENTED_EDGE('',*,*,#3512,.F.);
#4446=ORIENTED_EDGE('',*,*,#3513,.F.);
#4447=ORIENTED_EDGE('',*,*,#3514,.F.);
#4448=ORIENTED_EDGE('',*,*,#3515,.F.);
#4449=ORIENTED_EDGE('',*,*,#3516,.F.);
#4450=ORIENTED_EDGE('',*,*,#3517,.F.);
#4451=ORIENTED_EDGE('',*,*,#3518,.F.);
#4452=ORIENTED_EDGE('',*,*,#3519,.F.);
#4453=ORIENTED_EDGE('',*,*,#3520,.F.);
#4454=ORIENTED_EDGE('',*,*,#3521,.T.);
#4455=ORIENTED_EDGE('',*,*,#3522,.F.);
#4456=ORIENTED_EDGE('',*,*,#3523,.F.);
#4457=ORIENTED_EDGE('',*,*,#3524,.F.);
#4458=ORIENTED_EDGE('',*,*,#3525,.F.);
#4459=ORIENTED_EDGE('',*,*,#3526,.F.);
#4460=ORIENTED_EDGE('',*,*,#3527,.F.);
#4461=ORIENTED_EDGE('',*,*,#3528,.F.);
#4462=ORIENTED_EDGE('',*,*,#3529,.F.);
#4463=ORIENTED_EDGE('',*,*,#3530,.F.);
#4464=ORIENTED_EDGE('',*,*,#3531,.F.);
#4465=ORIENTED_EDGE('',*,*,#3532,.F.);
#4466=ORIENTED_EDGE('',*,*,#3533,.F.);
#4467=ORIENTED_EDGE('',*,*,#3534,.F.);
#4468=ORIENTED_EDGE('',*,*,#3535,.F.);
#4469=ORIENTED_EDGE('',*,*,#3536,.F.);
#4470=ORIENTED_EDGE('',*,*,#3537,.F.);
#4471=ORIENTED_EDGE('',*,*,#3538,.T.);
#4472=ORIENTED_EDGE('',*,*,#3539,.T.);
#4473=ORIENTED_EDGE('',*,*,#3540,.T.);
#4474=ORIENTED_EDGE('',*,*,#3541,.T.);
#4475=ORIENTED_EDGE('',*,*,#3542,.T.);
#4476=ORIENTED_EDGE('',*,*,#3543,.F.);
#4477=ORIENTED_EDGE('',*,*,#3544,.F.);
#4478=ORIENTED_EDGE('',*,*,#3545,.F.);
#4479=ORIENTED_EDGE('',*,*,#3546,.F.);
#4480=ORIENTED_EDGE('',*,*,#3547,.F.);
#4481=ORIENTED_EDGE('',*,*,#3548,.F.);
#4482=ORIENTED_EDGE('',*,*,#3549,.F.);
#4483=ORIENTED_EDGE('',*,*,#3550,.F.);
#4484=ORIENTED_EDGE('',*,*,#3551,.F.);
#4485=ORIENTED_EDGE('',*,*,#3552,.F.);
#4486=ORIENTED_EDGE('',*,*,#3553,.F.);
#4487=ORIENTED_EDGE('',*,*,#3554,.F.);
#4488=ORIENTED_EDGE('',*,*,#3555,.F.);
#4489=ORIENTED_EDGE('',*,*,#3556,.F.);
#4490=ORIENTED_EDGE('',*,*,#3557,.F.);
#4491=ORIENTED_EDGE('',*,*,#3558,.F.);
#4492=ORIENTED_EDGE('',*,*,#3559,.F.);
#4493=ORIENTED_EDGE('',*,*,#3560,.F.);
#4494=ORIENTED_EDGE('',*,*,#3561,.F.);
#4495=ORIENTED_EDGE('',*,*,#3562,.F.);
#4496=ORIENTED_EDGE('',*,*,#3563,.F.);
#4497=ORIENTED_EDGE('',*,*,#3564,.F.);
#4498=ORIENTED_EDGE('',*,*,#3565,.F.);
#4499=ORIENTED_EDGE('',*,*,#3566,.F.);
#4500=ORIENTED_EDGE('',*,*,#3567,.F.);
#4501=ORIENTED_EDGE('',*,*,#3568,.F.);
#4502=ORIENTED_EDGE('',*,*,#3569,.F.);
#4503=ORIENTED_EDGE('',*,*,#3570,.F.);
#4504=ORIENTED_EDGE('',*,*,#3571,.F.);
#4505=ORIENTED_EDGE('',*,*,#3572,.F.);
#4506=ORIENTED_EDGE('',*,*,#3573,.F.);
#4507=ORIENTED_EDGE('',*,*,#3574,.F.);
#4508=ORIENTED_EDGE('',*,*,#3575,.F.);
#4509=ORIENTED_EDGE('',*,*,#3576,.F.);
#4510=ORIENTED_EDGE('',*,*,#3577,.F.);
#4511=ORIENTED_EDGE('',*,*,#3578,.F.);
#4512=ORIENTED_EDGE('',*,*,#3579,.F.);
#4513=ORIENTED_EDGE('',*,*,#3580,.F.);
#4514=ORIENTED_EDGE('',*,*,#3581,.F.);
#4515=ORIENTED_EDGE('',*,*,#3582,.F.);
#4516=ORIENTED_EDGE('',*,*,#3583,.F.);
#4517=ORIENTED_EDGE('',*,*,#3584,.F.);
#4518=ORIENTED_EDGE('',*,*,#3585,.F.);
#4519=ORIENTED_EDGE('',*,*,#3586,.F.);
#4520=ORIENTED_EDGE('',*,*,#3587,.F.);
#4521=ORIENTED_EDGE('',*,*,#3588,.F.);
#4522=ORIENTED_EDGE('',*,*,#3589,.F.);
#4523=ORIENTED_EDGE('',*,*,#3590,.F.);
#4524=ORIENTED_EDGE('',*,*,#3591,.F.);
#4525=ORIENTED_EDGE('',*,*,#3592,.F.);
#4526=ORIENTED_EDGE('',*,*,#3593,.F.);
#4527=ORIENTED_EDGE('',*,*,#3594,.F.);
#4528=ORIENTED_EDGE('',*,*,#3595,.F.);
#4529=ORIENTED_EDGE('',*,*,#3596,.F.);
#4530=ORIENTED_EDGE('',*,*,#3597,.F.);
#4531=ORIENTED_EDGE('',*,*,#3598,.F.);
#4532=ORIENTED_EDGE('',*,*,#3599,.F.);
#4533=ORIENTED_EDGE('',*,*,#3600,.F.);
#4534=ORIENTED_EDGE('',*,*,#3601,.F.);
#4535=ORIENTED_EDGE('',*,*,#3602,.F.);
#4536=ORIENTED_EDGE('',*,*,#3603,.F.);
#4537=ORIENTED_EDGE('',*,*,#3604,.F.);
#4538=ORIENTED_EDGE('',*,*,#3605,.F.);
#4539=ORIENTED_EDGE('',*,*,#3606,.F.);
#4540=ORIENTED_EDGE('',*,*,#3607,.F.);
#4541=ORIENTED_EDGE('',*,*,#3608,.F.);
#4542=ORIENTED_EDGE('',*,*,#3609,.F.);
#4543=ORIENTED_EDGE('',*,*,#3610,.F.);
#4544=ORIENTED_EDGE('',*,*,#3611,.F.);
#4545=ORIENTED_EDGE('',*,*,#3612,.F.);
#4546=ORIENTED_EDGE('',*,*,#3613,.F.);
#4547=ORIENTED_EDGE('',*,*,#3614,.F.);
#4548=ORIENTED_EDGE('',*,*,#3615,.F.);
#4549=ORIENTED_EDGE('',*,*,#3616,.F.);
#4550=ORIENTED_EDGE('',*,*,#3617,.F.);
#4551=ORIENTED_EDGE('',*,*,#3618,.F.);
#4552=ORIENTED_EDGE('',*,*,#3619,.F.);
#4553=ORIENTED_EDGE('',*,*,#3620,.F.);
#4554=ORIENTED_EDGE('',*,*,#3621,.F.);
#4555=ORIENTED_EDGE('',*,*,#3622,.F.);
#4556=ORIENTED_EDGE('',*,*,#3623,.T.);
#4557=ORIENTED_EDGE('',*,*,#3624,.T.);
#4558=ORIENTED_EDGE('',*,*,#3625,.T.);
#4559=ORIENTED_EDGE('',*,*,#3626,.T.);
#4560=ORIENTED_EDGE('',*,*,#3627,.T.);
#4561=ORIENTED_EDGE('',*,*,#3628,.T.);
#4562=ORIENTED_EDGE('',*,*,#3629,.T.);
#4563=ORIENTED_EDGE('',*,*,#3630,.T.);
#4564=ORIENTED_EDGE('',*,*,#3631,.T.);
#4565=ORIENTED_EDGE('',*,*,#3632,.T.);
#4566=ORIENTED_EDGE('',*,*,#3633,.T.);
#4567=ORIENTED_EDGE('',*,*,#3634,.T.);
#4568=ORIENTED_EDGE('',*,*,#3635,.T.);
#4569=ORIENTED_EDGE('',*,*,#3636,.T.);
#4570=ORIENTED_EDGE('',*,*,#3637,.T.);
#4571=ORIENTED_EDGE('',*,*,#3638,.T.);
#4572=ORIENTED_EDGE('',*,*,#3639,.T.);
#4573=ORIENTED_EDGE('',*,*,#3640,.T.);
#4574=ORIENTED_EDGE('',*,*,#3641,.T.);
#4575=ORIENTED_EDGE('',*,*,#3642,.T.);
#4576=ORIENTED_EDGE('',*,*,#3643,.T.);
#4577=ORIENTED_EDGE('',*,*,#3644,.T.);
#4578=ORIENTED_EDGE('',*,*,#3645,.T.);
#4579=ORIENTED_EDGE('',*,*,#3646,.T.);
#4580=ORIENTED_EDGE('',*,*,#3647,.T.);
#4581=ORIENTED_EDGE('',*,*,#3648,.T.);
#4582=ORIENTED_EDGE('',*,*,#3649,.T.);
#4583=ORIENTED_EDGE('',*,*,#3650,.T.);
#4584=ORIENTED_EDGE('',*,*,#3651,.T.);
#4585=ORIENTED_EDGE('',*,*,#3652,.T.);
#4586=ORIENTED_EDGE('',*,*,#3653,.T.);
#4587=ORIENTED_EDGE('',*,*,#3654,.T.);
#4588=ORIENTED_EDGE('',*,*,#3655,.T.);
#4589=ORIENTED_EDGE('',*,*,#3656,.T.);
#4590=ORIENTED_EDGE('',*,*,#3657,.T.);
#4591=ORIENTED_EDGE('',*,*,#3658,.T.);
#4592=ORIENTED_EDGE('',*,*,#3659,.T.);
#4593=ORIENTED_EDGE('',*,*,#3660,.T.);
#4594=ORIENTED_EDGE('',*,*,#3661,.T.);
#4595=ORIENTED_EDGE('',*,*,#3662,.T.);
#4596=ORIENTED_EDGE('',*,*,#3663,.T.);
#4597=ORIENTED_EDGE('',*,*,#3664,.T.);
#4598=ORIENTED_EDGE('',*,*,#3665,.T.);
#4599=ORIENTED_EDGE('',*,*,#3666,.T.);
#4600=ORIENTED_EDGE('',*,*,#3667,.T.);
#4601=ORIENTED_EDGE('',*,*,#3668,.T.);
#4602=ORIENTED_EDGE('',*,*,#3669,.T.);
#4603=ORIENTED_EDGE('',*,*,#3670,.T.);
#4604=ORIENTED_EDGE('',*,*,#3671,.T.);
#4605=ORIENTED_EDGE('',*,*,#3672,.T.);
#4606=ORIENTED_EDGE('',*,*,#3673,.T.);
#4607=ORIENTED_EDGE('',*,*,#3674,.T.);
#4608=ORIENTED_EDGE('',*,*,#3675,.T.);
#4609=ORIENTED_EDGE('',*,*,#3676,.T.);
#4610=ORIENTED_EDGE('',*,*,#3677,.T.);
#4611=ORIENTED_EDGE('',*,*,#3678,.T.);
#4612=ORIENTED_EDGE('',*,*,#3679,.T.);
#4613=ORIENTED_EDGE('',*,*,#3493,.F.);
#4614=ORIENTED_EDGE('',*,*,#3680,.T.);
#4615=ORIENTED_EDGE('',*,*,#3306,.T.);
#4616=ORIENTED_EDGE('',*,*,#3680,.F.);
#4617=ORIENTED_EDGE('',*,*,#3494,.F.);
#4618=ORIENTED_EDGE('',*,*,#3681,.T.);
#4619=ORIENTED_EDGE('',*,*,#3307,.T.);
#4620=ORIENTED_EDGE('',*,*,#3681,.F.);
#4621=ORIENTED_EDGE('',*,*,#3495,.F.);
#4622=ORIENTED_EDGE('',*,*,#3682,.T.);
#4623=ORIENTED_EDGE('',*,*,#3308,.T.);
#4624=ORIENTED_EDGE('',*,*,#3682,.F.);
#4625=ORIENTED_EDGE('',*,*,#3496,.F.);
#4626=ORIENTED_EDGE('',*,*,#3683,.T.);
#4627=ORIENTED_EDGE('',*,*,#3309,.T.);
#4628=ORIENTED_EDGE('',*,*,#3683,.F.);
#4629=ORIENTED_EDGE('',*,*,#3497,.F.);
#4630=ORIENTED_EDGE('',*,*,#3684,.T.);
#4631=ORIENTED_EDGE('',*,*,#3310,.T.);
#4632=ORIENTED_EDGE('',*,*,#3684,.F.);
#4633=ORIENTED_EDGE('',*,*,#3498,.F.);
#4634=ORIENTED_EDGE('',*,*,#3685,.T.);
#4635=ORIENTED_EDGE('',*,*,#3311,.T.);
#4636=ORIENTED_EDGE('',*,*,#3685,.F.);
#4637=ORIENTED_EDGE('',*,*,#3499,.F.);
#4638=ORIENTED_EDGE('',*,*,#3686,.T.);
#4639=ORIENTED_EDGE('',*,*,#3312,.T.);
#4640=ORIENTED_EDGE('',*,*,#3686,.F.);
#4641=ORIENTED_EDGE('',*,*,#3500,.F.);
#4642=ORIENTED_EDGE('',*,*,#3687,.T.);
#4643=ORIENTED_EDGE('',*,*,#3313,.T.);
#4644=ORIENTED_EDGE('',*,*,#3687,.F.);
#4645=ORIENTED_EDGE('',*,*,#3501,.F.);
#4646=ORIENTED_EDGE('',*,*,#3688,.T.);
#4647=ORIENTED_EDGE('',*,*,#3314,.T.);
#4648=ORIENTED_EDGE('',*,*,#3688,.F.);
#4649=ORIENTED_EDGE('',*,*,#3502,.F.);
#4650=ORIENTED_EDGE('',*,*,#3689,.T.);
#4651=ORIENTED_EDGE('',*,*,#3315,.T.);
#4652=ORIENTED_EDGE('',*,*,#3689,.F.);
#4653=ORIENTED_EDGE('',*,*,#3503,.F.);
#4654=ORIENTED_EDGE('',*,*,#3690,.T.);
#4655=ORIENTED_EDGE('',*,*,#3316,.T.);
#4656=ORIENTED_EDGE('',*,*,#3690,.F.);
#4657=ORIENTED_EDGE('',*,*,#3504,.F.);
#4658=ORIENTED_EDGE('',*,*,#3691,.T.);
#4659=ORIENTED_EDGE('',*,*,#3317,.T.);
#4660=ORIENTED_EDGE('',*,*,#3691,.F.);
#4661=ORIENTED_EDGE('',*,*,#3692,.T.);
#4662=ORIENTED_EDGE('',*,*,#3505,.T.);
#4663=ORIENTED_EDGE('',*,*,#3693,.F.);
#4664=ORIENTED_EDGE('',*,*,#3318,.F.);
#4665=ORIENTED_EDGE('',*,*,#3694,.T.);
#4666=ORIENTED_EDGE('',*,*,#3506,.T.);
#4667=ORIENTED_EDGE('',*,*,#3692,.F.);
#4668=ORIENTED_EDGE('',*,*,#3333,.F.);
#4669=ORIENTED_EDGE('',*,*,#3693,.T.);
#4670=ORIENTED_EDGE('',*,*,#3520,.T.);
#4671=ORIENTED_EDGE('',*,*,#3695,.F.);
#4672=ORIENTED_EDGE('',*,*,#3319,.F.);
#4673=ORIENTED_EDGE('',*,*,#3696,.T.);
#4674=ORIENTED_EDGE('',*,*,#3507,.T.);
#4675=ORIENTED_EDGE('',*,*,#3694,.F.);
#4676=ORIENTED_EDGE('',*,*,#3332,.F.);
#4677=ORIENTED_EDGE('',*,*,#3695,.T.);
#4678=ORIENTED_EDGE('',*,*,#3519,.T.);
#4679=ORIENTED_EDGE('',*,*,#3697,.F.);
#4680=ORIENTED_EDGE('',*,*,#3320,.F.);
#4681=ORIENTED_EDGE('',*,*,#3698,.T.);
#4682=ORIENTED_EDGE('',*,*,#3508,.T.);
#4683=ORIENTED_EDGE('',*,*,#3696,.F.);
#4684=ORIENTED_EDGE('',*,*,#3331,.F.);
#4685=ORIENTED_EDGE('',*,*,#3697,.T.);
#4686=ORIENTED_EDGE('',*,*,#3518,.T.);
#4687=ORIENTED_EDGE('',*,*,#3699,.F.);
#4688=ORIENTED_EDGE('',*,*,#3321,.F.);
#4689=ORIENTED_EDGE('',*,*,#3700,.T.);
#4690=ORIENTED_EDGE('',*,*,#3509,.T.);
#4691=ORIENTED_EDGE('',*,*,#3698,.F.);
#4692=ORIENTED_EDGE('',*,*,#3330,.F.);
#4693=ORIENTED_EDGE('',*,*,#3699,.T.);
#4694=ORIENTED_EDGE('',*,*,#3517,.T.);
#4695=ORIENTED_EDGE('',*,*,#3701,.F.);
#4696=ORIENTED_EDGE('',*,*,#3322,.F.);
#4697=ORIENTED_EDGE('',*,*,#3702,.T.);
#4698=ORIENTED_EDGE('',*,*,#3510,.T.);
#4699=ORIENTED_EDGE('',*,*,#3700,.F.);
#4700=ORIENTED_EDGE('',*,*,#3329,.F.);
#4701=ORIENTED_EDGE('',*,*,#3701,.T.);
#4702=ORIENTED_EDGE('',*,*,#3516,.T.);
#4703=ORIENTED_EDGE('',*,*,#3703,.F.);
#4704=ORIENTED_EDGE('',*,*,#3323,.F.);
#4705=ORIENTED_EDGE('',*,*,#3704,.T.);
#4706=ORIENTED_EDGE('',*,*,#3511,.T.);
#4707=ORIENTED_EDGE('',*,*,#3702,.F.);
#4708=ORIENTED_EDGE('',*,*,#3328,.F.);
#4709=ORIENTED_EDGE('',*,*,#3703,.T.);
#4710=ORIENTED_EDGE('',*,*,#3515,.T.);
#4711=ORIENTED_EDGE('',*,*,#3705,.F.);
#4712=ORIENTED_EDGE('',*,*,#3324,.F.);
#4713=ORIENTED_EDGE('',*,*,#3706,.T.);
#4714=ORIENTED_EDGE('',*,*,#3512,.T.);
#4715=ORIENTED_EDGE('',*,*,#3704,.F.);
#4716=ORIENTED_EDGE('',*,*,#3327,.F.);
#4717=ORIENTED_EDGE('',*,*,#3705,.T.);
#4718=ORIENTED_EDGE('',*,*,#3514,.T.);
#4719=ORIENTED_EDGE('',*,*,#3707,.F.);
#4720=ORIENTED_EDGE('',*,*,#3325,.F.);
#4721=ORIENTED_EDGE('',*,*,#3707,.T.);
#4722=ORIENTED_EDGE('',*,*,#3513,.T.);
#4723=ORIENTED_EDGE('',*,*,#3706,.F.);
#4724=ORIENTED_EDGE('',*,*,#3326,.F.);
#4725=ORIENTED_EDGE('',*,*,#3521,.F.);
#4726=ORIENTED_EDGE('',*,*,#3708,.T.);
#4727=ORIENTED_EDGE('',*,*,#3334,.T.);
#4728=ORIENTED_EDGE('',*,*,#3708,.F.);
#4729=ORIENTED_EDGE('',*,*,#3709,.T.);
#4730=ORIENTED_EDGE('',*,*,#3522,.T.);
#4731=ORIENTED_EDGE('',*,*,#3710,.F.);
#4732=ORIENTED_EDGE('',*,*,#3335,.F.);
#4733=ORIENTED_EDGE('',*,*,#3711,.T.);
#4734=ORIENTED_EDGE('',*,*,#3523,.T.);
#4735=ORIENTED_EDGE('',*,*,#3709,.F.);
#4736=ORIENTED_EDGE('',*,*,#3350,.F.);
#4737=ORIENTED_EDGE('',*,*,#3710,.T.);
#4738=ORIENTED_EDGE('',*,*,#3537,.T.);
#4739=ORIENTED_EDGE('',*,*,#3712,.F.);
#4740=ORIENTED_EDGE('',*,*,#3336,.F.);
#4741=ORIENTED_EDGE('',*,*,#3713,.T.);
#4742=ORIENTED_EDGE('',*,*,#3524,.T.);
#4743=ORIENTED_EDGE('',*,*,#3711,.F.);
#4744=ORIENTED_EDGE('',*,*,#3349,.F.);
#4745=ORIENTED_EDGE('',*,*,#3712,.T.);
#4746=ORIENTED_EDGE('',*,*,#3536,.T.);
#4747=ORIENTED_EDGE('',*,*,#3714,.F.);
#4748=ORIENTED_EDGE('',*,*,#3337,.F.);
#4749=ORIENTED_EDGE('',*,*,#3715,.T.);
#4750=ORIENTED_EDGE('',*,*,#3525,.T.);
#4751=ORIENTED_EDGE('',*,*,#3713,.F.);
#4752=ORIENTED_EDGE('',*,*,#3348,.F.);
#4753=ORIENTED_EDGE('',*,*,#3714,.T.);
#4754=ORIENTED_EDGE('',*,*,#3535,.T.);
#4755=ORIENTED_EDGE('',*,*,#3716,.F.);
#4756=ORIENTED_EDGE('',*,*,#3338,.F.);
#4757=ORIENTED_EDGE('',*,*,#3717,.T.);
#4758=ORIENTED_EDGE('',*,*,#3526,.T.);
#4759=ORIENTED_EDGE('',*,*,#3715,.F.);
#4760=ORIENTED_EDGE('',*,*,#3347,.F.);
#4761=ORIENTED_EDGE('',*,*,#3716,.T.);
#4762=ORIENTED_EDGE('',*,*,#3534,.T.);
#4763=ORIENTED_EDGE('',*,*,#3718,.F.);
#4764=ORIENTED_EDGE('',*,*,#3339,.F.);
#4765=ORIENTED_EDGE('',*,*,#3719,.T.);
#4766=ORIENTED_EDGE('',*,*,#3527,.T.);
#4767=ORIENTED_EDGE('',*,*,#3717,.F.);
#4768=ORIENTED_EDGE('',*,*,#3346,.F.);
#4769=ORIENTED_EDGE('',*,*,#3718,.T.);
#4770=ORIENTED_EDGE('',*,*,#3533,.T.);
#4771=ORIENTED_EDGE('',*,*,#3720,.F.);
#4772=ORIENTED_EDGE('',*,*,#3340,.F.);
#4773=ORIENTED_EDGE('',*,*,#3721,.T.);
#4774=ORIENTED_EDGE('',*,*,#3528,.T.);
#4775=ORIENTED_EDGE('',*,*,#3719,.F.);
#4776=ORIENTED_EDGE('',*,*,#3345,.F.);
#4777=ORIENTED_EDGE('',*,*,#3720,.T.);
#4778=ORIENTED_EDGE('',*,*,#3532,.T.);
#4779=ORIENTED_EDGE('',*,*,#3722,.F.);
#4780=ORIENTED_EDGE('',*,*,#3341,.F.);
#4781=ORIENTED_EDGE('',*,*,#3723,.T.);
#4782=ORIENTED_EDGE('',*,*,#3529,.T.);
#4783=ORIENTED_EDGE('',*,*,#3721,.F.);
#4784=ORIENTED_EDGE('',*,*,#3344,.F.);
#4785=ORIENTED_EDGE('',*,*,#3722,.T.);
#4786=ORIENTED_EDGE('',*,*,#3531,.T.);
#4787=ORIENTED_EDGE('',*,*,#3724,.F.);
#4788=ORIENTED_EDGE('',*,*,#3342,.F.);
#4789=ORIENTED_EDGE('',*,*,#3724,.T.);
#4790=ORIENTED_EDGE('',*,*,#3530,.T.);
#4791=ORIENTED_EDGE('',*,*,#3723,.F.);
#4792=ORIENTED_EDGE('',*,*,#3343,.F.);
#4793=ORIENTED_EDGE('',*,*,#3538,.F.);
#4794=ORIENTED_EDGE('',*,*,#3725,.T.);
#4795=ORIENTED_EDGE('',*,*,#3351,.T.);
#4796=ORIENTED_EDGE('',*,*,#3725,.F.);
#4797=ORIENTED_EDGE('',*,*,#3539,.F.);
#4798=ORIENTED_EDGE('',*,*,#3726,.T.);
#4799=ORIENTED_EDGE('',*,*,#3352,.T.);
#4800=ORIENTED_EDGE('',*,*,#3726,.F.);
#4801=ORIENTED_EDGE('',*,*,#3540,.F.);
#4802=ORIENTED_EDGE('',*,*,#3727,.T.);
#4803=ORIENTED_EDGE('',*,*,#3353,.T.);
#4804=ORIENTED_EDGE('',*,*,#3727,.F.);
#4805=ORIENTED_EDGE('',*,*,#3541,.F.);
#4806=ORIENTED_EDGE('',*,*,#3728,.T.);
#4807=ORIENTED_EDGE('',*,*,#3354,.T.);
#4808=ORIENTED_EDGE('',*,*,#3728,.F.);
#4809=ORIENTED_EDGE('',*,*,#3542,.F.);
#4810=ORIENTED_EDGE('',*,*,#3729,.T.);
#4811=ORIENTED_EDGE('',*,*,#3355,.T.);
#4812=ORIENTED_EDGE('',*,*,#3729,.F.);
#4813=ORIENTED_EDGE('',*,*,#3730,.T.);
#4814=ORIENTED_EDGE('',*,*,#3543,.T.);
#4815=ORIENTED_EDGE('',*,*,#3731,.F.);
#4816=ORIENTED_EDGE('',*,*,#3356,.F.);
#4817=ORIENTED_EDGE('',*,*,#3732,.T.);
#4818=ORIENTED_EDGE('',*,*,#3544,.T.);
#4819=ORIENTED_EDGE('',*,*,#3730,.F.);
#4820=ORIENTED_EDGE('',*,*,#3371,.F.);
#4821=ORIENTED_EDGE('',*,*,#3731,.T.);
#4822=ORIENTED_EDGE('',*,*,#3558,.T.);
#4823=ORIENTED_EDGE('',*,*,#3733,.F.);
#4824=ORIENTED_EDGE('',*,*,#3357,.F.);
#4825=ORIENTED_EDGE('',*,*,#3734,.T.);
#4826=ORIENTED_EDGE('',*,*,#3545,.T.);
#4827=ORIENTED_EDGE('',*,*,#3732,.F.);
#4828=ORIENTED_EDGE('',*,*,#3370,.F.);
#4829=ORIENTED_EDGE('',*,*,#3733,.T.);
#4830=ORIENTED_EDGE('',*,*,#3557,.T.);
#4831=ORIENTED_EDGE('',*,*,#3735,.F.);
#4832=ORIENTED_EDGE('',*,*,#3358,.F.);
#4833=ORIENTED_EDGE('',*,*,#3736,.T.);
#4834=ORIENTED_EDGE('',*,*,#3546,.T.);
#4835=ORIENTED_EDGE('',*,*,#3734,.F.);
#4836=ORIENTED_EDGE('',*,*,#3369,.F.);
#4837=ORIENTED_EDGE('',*,*,#3735,.T.);
#4838=ORIENTED_EDGE('',*,*,#3556,.T.);
#4839=ORIENTED_EDGE('',*,*,#3737,.F.);
#4840=ORIENTED_EDGE('',*,*,#3359,.F.);
#4841=ORIENTED_EDGE('',*,*,#3738,.T.);
#4842=ORIENTED_EDGE('',*,*,#3547,.T.);
#4843=ORIENTED_EDGE('',*,*,#3736,.F.);
#4844=ORIENTED_EDGE('',*,*,#3368,.F.);
#4845=ORIENTED_EDGE('',*,*,#3737,.T.);
#4846=ORIENTED_EDGE('',*,*,#3555,.T.);
#4847=ORIENTED_EDGE('',*,*,#3739,.F.);
#4848=ORIENTED_EDGE('',*,*,#3360,.F.);
#4849=ORIENTED_EDGE('',*,*,#3740,.T.);
#4850=ORIENTED_EDGE('',*,*,#3548,.T.);
#4851=ORIENTED_EDGE('',*,*,#3738,.F.);
#4852=ORIENTED_EDGE('',*,*,#3367,.F.);
#4853=ORIENTED_EDGE('',*,*,#3739,.T.);
#4854=ORIENTED_EDGE('',*,*,#3554,.T.);
#4855=ORIENTED_EDGE('',*,*,#3741,.F.);
#4856=ORIENTED_EDGE('',*,*,#3361,.F.);
#4857=ORIENTED_EDGE('',*,*,#3742,.T.);
#4858=ORIENTED_EDGE('',*,*,#3549,.T.);
#4859=ORIENTED_EDGE('',*,*,#3740,.F.);
#4860=ORIENTED_EDGE('',*,*,#3366,.F.);
#4861=ORIENTED_EDGE('',*,*,#3741,.T.);
#4862=ORIENTED_EDGE('',*,*,#3553,.T.);
#4863=ORIENTED_EDGE('',*,*,#3743,.F.);
#4864=ORIENTED_EDGE('',*,*,#3362,.F.);
#4865=ORIENTED_EDGE('',*,*,#3744,.T.);
#4866=ORIENTED_EDGE('',*,*,#3550,.T.);
#4867=ORIENTED_EDGE('',*,*,#3742,.F.);
#4868=ORIENTED_EDGE('',*,*,#3365,.F.);
#4869=ORIENTED_EDGE('',*,*,#3743,.T.);
#4870=ORIENTED_EDGE('',*,*,#3552,.T.);
#4871=ORIENTED_EDGE('',*,*,#3745,.F.);
#4872=ORIENTED_EDGE('',*,*,#3363,.F.);
#4873=ORIENTED_EDGE('',*,*,#3745,.T.);
#4874=ORIENTED_EDGE('',*,*,#3551,.T.);
#4875=ORIENTED_EDGE('',*,*,#3744,.F.);
#4876=ORIENTED_EDGE('',*,*,#3364,.F.);
#4877=ORIENTED_EDGE('',*,*,#3746,.T.);
#4878=ORIENTED_EDGE('',*,*,#3559,.T.);
#4879=ORIENTED_EDGE('',*,*,#3747,.F.);
#4880=ORIENTED_EDGE('',*,*,#3372,.F.);
#4881=ORIENTED_EDGE('',*,*,#3748,.T.);
#4882=ORIENTED_EDGE('',*,*,#3560,.T.);
#4883=ORIENTED_EDGE('',*,*,#3746,.F.);
#4884=ORIENTED_EDGE('',*,*,#3387,.F.);
#4885=ORIENTED_EDGE('',*,*,#3747,.T.);
#4886=ORIENTED_EDGE('',*,*,#3574,.T.);
#4887=ORIENTED_EDGE('',*,*,#3749,.F.);
#4888=ORIENTED_EDGE('',*,*,#3373,.F.);
#4889=ORIENTED_EDGE('',*,*,#3750,.T.);
#4890=ORIENTED_EDGE('',*,*,#3561,.T.);
#4891=ORIENTED_EDGE('',*,*,#3748,.F.);
#4892=ORIENTED_EDGE('',*,*,#3386,.F.);
#4893=ORIENTED_EDGE('',*,*,#3749,.T.);
#4894=ORIENTED_EDGE('',*,*,#3573,.T.);
#4895=ORIENTED_EDGE('',*,*,#3751,.F.);
#4896=ORIENTED_EDGE('',*,*,#3374,.F.);
#4897=ORIENTED_EDGE('',*,*,#3752,.T.);
#4898=ORIENTED_EDGE('',*,*,#3562,.T.);
#4899=ORIENTED_EDGE('',*,*,#3750,.F.);
#4900=ORIENTED_EDGE('',*,*,#3385,.F.);
#4901=ORIENTED_EDGE('',*,*,#3751,.T.);
#4902=ORIENTED_EDGE('',*,*,#3572,.T.);
#4903=ORIENTED_EDGE('',*,*,#3753,.F.);
#4904=ORIENTED_EDGE('',*,*,#3375,.F.);
#4905=ORIENTED_EDGE('',*,*,#3754,.T.);
#4906=ORIENTED_EDGE('',*,*,#3563,.T.);
#4907=ORIENTED_EDGE('',*,*,#3752,.F.);
#4908=ORIENTED_EDGE('',*,*,#3384,.F.);
#4909=ORIENTED_EDGE('',*,*,#3753,.T.);
#4910=ORIENTED_EDGE('',*,*,#3571,.T.);
#4911=ORIENTED_EDGE('',*,*,#3755,.F.);
#4912=ORIENTED_EDGE('',*,*,#3376,.F.);
#4913=ORIENTED_EDGE('',*,*,#3756,.T.);
#4914=ORIENTED_EDGE('',*,*,#3564,.T.);
#4915=ORIENTED_EDGE('',*,*,#3754,.F.);
#4916=ORIENTED_EDGE('',*,*,#3383,.F.);
#4917=ORIENTED_EDGE('',*,*,#3755,.T.);
#4918=ORIENTED_EDGE('',*,*,#3570,.T.);
#4919=ORIENTED_EDGE('',*,*,#3757,.F.);
#4920=ORIENTED_EDGE('',*,*,#3377,.F.);
#4921=ORIENTED_EDGE('',*,*,#3758,.T.);
#4922=ORIENTED_EDGE('',*,*,#3565,.T.);
#4923=ORIENTED_EDGE('',*,*,#3756,.F.);
#4924=ORIENTED_EDGE('',*,*,#3382,.F.);
#4925=ORIENTED_EDGE('',*,*,#3757,.T.);
#4926=ORIENTED_EDGE('',*,*,#3569,.T.);
#4927=ORIENTED_EDGE('',*,*,#3759,.F.);
#4928=ORIENTED_EDGE('',*,*,#3378,.F.);
#4929=ORIENTED_EDGE('',*,*,#3760,.T.);
#4930=ORIENTED_EDGE('',*,*,#3566,.T.);
#4931=ORIENTED_EDGE('',*,*,#3758,.F.);
#4932=ORIENTED_EDGE('',*,*,#3381,.F.);
#4933=ORIENTED_EDGE('',*,*,#3759,.T.);
#4934=ORIENTED_EDGE('',*,*,#3568,.T.);
#4935=ORIENTED_EDGE('',*,*,#3761,.F.);
#4936=ORIENTED_EDGE('',*,*,#3379,.F.);
#4937=ORIENTED_EDGE('',*,*,#3761,.T.);
#4938=ORIENTED_EDGE('',*,*,#3567,.T.);
#4939=ORIENTED_EDGE('',*,*,#3760,.F.);
#4940=ORIENTED_EDGE('',*,*,#3380,.F.);
#4941=ORIENTED_EDGE('',*,*,#3762,.T.);
#4942=ORIENTED_EDGE('',*,*,#3575,.T.);
#4943=ORIENTED_EDGE('',*,*,#3763,.F.);
#4944=ORIENTED_EDGE('',*,*,#3388,.F.);
#4945=ORIENTED_EDGE('',*,*,#3764,.T.);
#4946=ORIENTED_EDGE('',*,*,#3576,.T.);
#4947=ORIENTED_EDGE('',*,*,#3762,.F.);
#4948=ORIENTED_EDGE('',*,*,#3403,.F.);
#4949=ORIENTED_EDGE('',*,*,#3763,.T.);
#4950=ORIENTED_EDGE('',*,*,#3590,.T.);
#4951=ORIENTED_EDGE('',*,*,#3765,.F.);
#4952=ORIENTED_EDGE('',*,*,#3389,.F.);
#4953=ORIENTED_EDGE('',*,*,#3766,.T.);
#4954=ORIENTED_EDGE('',*,*,#3577,.T.);
#4955=ORIENTED_EDGE('',*,*,#3764,.F.);
#4956=ORIENTED_EDGE('',*,*,#3402,.F.);
#4957=ORIENTED_EDGE('',*,*,#3765,.T.);
#4958=ORIENTED_EDGE('',*,*,#3589,.T.);
#4959=ORIENTED_EDGE('',*,*,#3767,.F.);
#4960=ORIENTED_EDGE('',*,*,#3390,.F.);
#4961=ORIENTED_EDGE('',*,*,#3768,.T.);
#4962=ORIENTED_EDGE('',*,*,#3578,.T.);
#4963=ORIENTED_EDGE('',*,*,#3766,.F.);
#4964=ORIENTED_EDGE('',*,*,#3401,.F.);
#4965=ORIENTED_EDGE('',*,*,#3767,.T.);
#4966=ORIENTED_EDGE('',*,*,#3588,.T.);
#4967=ORIENTED_EDGE('',*,*,#3769,.F.);
#4968=ORIENTED_EDGE('',*,*,#3391,.F.);
#4969=ORIENTED_EDGE('',*,*,#3770,.T.);
#4970=ORIENTED_EDGE('',*,*,#3579,.T.);
#4971=ORIENTED_EDGE('',*,*,#3768,.F.);
#4972=ORIENTED_EDGE('',*,*,#3400,.F.);
#4973=ORIENTED_EDGE('',*,*,#3769,.T.);
#4974=ORIENTED_EDGE('',*,*,#3587,.T.);
#4975=ORIENTED_EDGE('',*,*,#3771,.F.);
#4976=ORIENTED_EDGE('',*,*,#3392,.F.);
#4977=ORIENTED_EDGE('',*,*,#3772,.T.);
#4978=ORIENTED_EDGE('',*,*,#3580,.T.);
#4979=ORIENTED_EDGE('',*,*,#3770,.F.);
#4980=ORIENTED_EDGE('',*,*,#3399,.F.);
#4981=ORIENTED_EDGE('',*,*,#3771,.T.);
#4982=ORIENTED_EDGE('',*,*,#3586,.T.);
#4983=ORIENTED_EDGE('',*,*,#3773,.F.);
#4984=ORIENTED_EDGE('',*,*,#3393,.F.);
#4985=ORIENTED_EDGE('',*,*,#3774,.T.);
#4986=ORIENTED_EDGE('',*,*,#3581,.T.);
#4987=ORIENTED_EDGE('',*,*,#3772,.F.);
#4988=ORIENTED_EDGE('',*,*,#3398,.F.);
#4989=ORIENTED_EDGE('',*,*,#3773,.T.);
#4990=ORIENTED_EDGE('',*,*,#3585,.T.);
#4991=ORIENTED_EDGE('',*,*,#3775,.F.);
#4992=ORIENTED_EDGE('',*,*,#3394,.F.);
#4993=ORIENTED_EDGE('',*,*,#3776,.T.);
#4994=ORIENTED_EDGE('',*,*,#3582,.T.);
#4995=ORIENTED_EDGE('',*,*,#3774,.F.);
#4996=ORIENTED_EDGE('',*,*,#3397,.F.);
#4997=ORIENTED_EDGE('',*,*,#3775,.T.);
#4998=ORIENTED_EDGE('',*,*,#3584,.T.);
#4999=ORIENTED_EDGE('',*,*,#3777,.F.);
#5000=ORIENTED_EDGE('',*,*,#3395,.F.);
#5001=ORIENTED_EDGE('',*,*,#3777,.T.);
#5002=ORIENTED_EDGE('',*,*,#3583,.T.);
#5003=ORIENTED_EDGE('',*,*,#3776,.F.);
#5004=ORIENTED_EDGE('',*,*,#3396,.F.);
#5005=ORIENTED_EDGE('',*,*,#3778,.T.);
#5006=ORIENTED_EDGE('',*,*,#3591,.T.);
#5007=ORIENTED_EDGE('',*,*,#3779,.F.);
#5008=ORIENTED_EDGE('',*,*,#3404,.F.);
#5009=ORIENTED_EDGE('',*,*,#3780,.T.);
#5010=ORIENTED_EDGE('',*,*,#3592,.T.);
#5011=ORIENTED_EDGE('',*,*,#3778,.F.);
#5012=ORIENTED_EDGE('',*,*,#3419,.F.);
#5013=ORIENTED_EDGE('',*,*,#3779,.T.);
#5014=ORIENTED_EDGE('',*,*,#3606,.T.);
#5015=ORIENTED_EDGE('',*,*,#3781,.F.);
#5016=ORIENTED_EDGE('',*,*,#3405,.F.);
#5017=ORIENTED_EDGE('',*,*,#3782,.T.);
#5018=ORIENTED_EDGE('',*,*,#3593,.T.);
#5019=ORIENTED_EDGE('',*,*,#3780,.F.);
#5020=ORIENTED_EDGE('',*,*,#3418,.F.);
#5021=ORIENTED_EDGE('',*,*,#3781,.T.);
#5022=ORIENTED_EDGE('',*,*,#3605,.T.);
#5023=ORIENTED_EDGE('',*,*,#3783,.F.);
#5024=ORIENTED_EDGE('',*,*,#3406,.F.);
#5025=ORIENTED_EDGE('',*,*,#3784,.T.);
#5026=ORIENTED_EDGE('',*,*,#3594,.T.);
#5027=ORIENTED_EDGE('',*,*,#3782,.F.);
#5028=ORIENTED_EDGE('',*,*,#3417,.F.);
#5029=ORIENTED_EDGE('',*,*,#3783,.T.);
#5030=ORIENTED_EDGE('',*,*,#3604,.T.);
#5031=ORIENTED_EDGE('',*,*,#3785,.F.);
#5032=ORIENTED_EDGE('',*,*,#3407,.F.);
#5033=ORIENTED_EDGE('',*,*,#3786,.T.);
#5034=ORIENTED_EDGE('',*,*,#3595,.T.);
#5035=ORIENTED_EDGE('',*,*,#3784,.F.);
#5036=ORIENTED_EDGE('',*,*,#3416,.F.);
#5037=ORIENTED_EDGE('',*,*,#3785,.T.);
#5038=ORIENTED_EDGE('',*,*,#3603,.T.);
#5039=ORIENTED_EDGE('',*,*,#3787,.F.);
#5040=ORIENTED_EDGE('',*,*,#3408,.F.);
#5041=ORIENTED_EDGE('',*,*,#3788,.T.);
#5042=ORIENTED_EDGE('',*,*,#3596,.T.);
#5043=ORIENTED_EDGE('',*,*,#3786,.F.);
#5044=ORIENTED_EDGE('',*,*,#3415,.F.);
#5045=ORIENTED_EDGE('',*,*,#3787,.T.);
#5046=ORIENTED_EDGE('',*,*,#3602,.T.);
#5047=ORIENTED_EDGE('',*,*,#3789,.F.);
#5048=ORIENTED_EDGE('',*,*,#3409,.F.);
#5049=ORIENTED_EDGE('',*,*,#3790,.T.);
#5050=ORIENTED_EDGE('',*,*,#3597,.T.);
#5051=ORIENTED_EDGE('',*,*,#3788,.F.);
#5052=ORIENTED_EDGE('',*,*,#3414,.F.);
#5053=ORIENTED_EDGE('',*,*,#3789,.T.);
#5054=ORIENTED_EDGE('',*,*,#3601,.T.);
#5055=ORIENTED_EDGE('',*,*,#3791,.F.);
#5056=ORIENTED_EDGE('',*,*,#3410,.F.);
#5057=ORIENTED_EDGE('',*,*,#3792,.T.);
#5058=ORIENTED_EDGE('',*,*,#3598,.T.);
#5059=ORIENTED_EDGE('',*,*,#3790,.F.);
#5060=ORIENTED_EDGE('',*,*,#3413,.F.);
#5061=ORIENTED_EDGE('',*,*,#3791,.T.);
#5062=ORIENTED_EDGE('',*,*,#3600,.T.);
#5063=ORIENTED_EDGE('',*,*,#3793,.F.);
#5064=ORIENTED_EDGE('',*,*,#3411,.F.);
#5065=ORIENTED_EDGE('',*,*,#3793,.T.);
#5066=ORIENTED_EDGE('',*,*,#3599,.T.);
#5067=ORIENTED_EDGE('',*,*,#3792,.F.);
#5068=ORIENTED_EDGE('',*,*,#3412,.F.);
#5069=ORIENTED_EDGE('',*,*,#3794,.T.);
#5070=ORIENTED_EDGE('',*,*,#3607,.T.);
#5071=ORIENTED_EDGE('',*,*,#3795,.F.);
#5072=ORIENTED_EDGE('',*,*,#3420,.F.);
#5073=ORIENTED_EDGE('',*,*,#3796,.T.);
#5074=ORIENTED_EDGE('',*,*,#3608,.T.);
#5075=ORIENTED_EDGE('',*,*,#3794,.F.);
#5076=ORIENTED_EDGE('',*,*,#3435,.F.);
#5077=ORIENTED_EDGE('',*,*,#3795,.T.);
#5078=ORIENTED_EDGE('',*,*,#3622,.T.);
#5079=ORIENTED_EDGE('',*,*,#3797,.F.);
#5080=ORIENTED_EDGE('',*,*,#3421,.F.);
#5081=ORIENTED_EDGE('',*,*,#3798,.T.);
#5082=ORIENTED_EDGE('',*,*,#3609,.T.);
#5083=ORIENTED_EDGE('',*,*,#3796,.F.);
#5084=ORIENTED_EDGE('',*,*,#3434,.F.);
#5085=ORIENTED_EDGE('',*,*,#3797,.T.);
#5086=ORIENTED_EDGE('',*,*,#3621,.T.);
#5087=ORIENTED_EDGE('',*,*,#3799,.F.);
#5088=ORIENTED_EDGE('',*,*,#3422,.F.);
#5089=ORIENTED_EDGE('',*,*,#3800,.T.);
#5090=ORIENTED_EDGE('',*,*,#3610,.T.);
#5091=ORIENTED_EDGE('',*,*,#3798,.F.);
#5092=ORIENTED_EDGE('',*,*,#3433,.F.);
#5093=ORIENTED_EDGE('',*,*,#3799,.T.);
#5094=ORIENTED_EDGE('',*,*,#3620,.T.);
#5095=ORIENTED_EDGE('',*,*,#3801,.F.);
#5096=ORIENTED_EDGE('',*,*,#3423,.F.);
#5097=ORIENTED_EDGE('',*,*,#3802,.T.);
#5098=ORIENTED_EDGE('',*,*,#3611,.T.);
#5099=ORIENTED_EDGE('',*,*,#3800,.F.);
#5100=ORIENTED_EDGE('',*,*,#3432,.F.);
#5101=ORIENTED_EDGE('',*,*,#3801,.T.);
#5102=ORIENTED_EDGE('',*,*,#3619,.T.);
#5103=ORIENTED_EDGE('',*,*,#3803,.F.);
#5104=ORIENTED_EDGE('',*,*,#3424,.F.);
#5105=ORIENTED_EDGE('',*,*,#3804,.T.);
#5106=ORIENTED_EDGE('',*,*,#3612,.T.);
#5107=ORIENTED_EDGE('',*,*,#3802,.F.);
#5108=ORIENTED_EDGE('',*,*,#3431,.F.);
#5109=ORIENTED_EDGE('',*,*,#3803,.T.);
#5110=ORIENTED_EDGE('',*,*,#3618,.T.);
#5111=ORIENTED_EDGE('',*,*,#3805,.F.);
#5112=ORIENTED_EDGE('',*,*,#3425,.F.);
#5113=ORIENTED_EDGE('',*,*,#3806,.T.);
#5114=ORIENTED_EDGE('',*,*,#3613,.T.);
#5115=ORIENTED_EDGE('',*,*,#3804,.F.);
#5116=ORIENTED_EDGE('',*,*,#3430,.F.);
#5117=ORIENTED_EDGE('',*,*,#3805,.T.);
#5118=ORIENTED_EDGE('',*,*,#3617,.T.);
#5119=ORIENTED_EDGE('',*,*,#3807,.F.);
#5120=ORIENTED_EDGE('',*,*,#3426,.F.);
#5121=ORIENTED_EDGE('',*,*,#3808,.T.);
#5122=ORIENTED_EDGE('',*,*,#3614,.T.);
#5123=ORIENTED_EDGE('',*,*,#3806,.F.);
#5124=ORIENTED_EDGE('',*,*,#3429,.F.);
#5125=ORIENTED_EDGE('',*,*,#3807,.T.);
#5126=ORIENTED_EDGE('',*,*,#3616,.T.);
#5127=ORIENTED_EDGE('',*,*,#3809,.F.);
#5128=ORIENTED_EDGE('',*,*,#3427,.F.);
#5129=ORIENTED_EDGE('',*,*,#3809,.T.);
#5130=ORIENTED_EDGE('',*,*,#3615,.T.);
#5131=ORIENTED_EDGE('',*,*,#3808,.F.);
#5132=ORIENTED_EDGE('',*,*,#3428,.F.);
#5133=ORIENTED_EDGE('',*,*,#3623,.F.);
#5134=ORIENTED_EDGE('',*,*,#3810,.T.);
#5135=ORIENTED_EDGE('',*,*,#3436,.T.);
#5136=ORIENTED_EDGE('',*,*,#3810,.F.);
#5137=ORIENTED_EDGE('',*,*,#3624,.F.);
#5138=ORIENTED_EDGE('',*,*,#3811,.T.);
#5139=ORIENTED_EDGE('',*,*,#3437,.T.);
#5140=ORIENTED_EDGE('',*,*,#3811,.F.);
#5141=ORIENTED_EDGE('',*,*,#3625,.F.);
#5142=ORIENTED_EDGE('',*,*,#3812,.T.);
#5143=ORIENTED_EDGE('',*,*,#3438,.T.);
#5144=ORIENTED_EDGE('',*,*,#3812,.F.);
#5145=ORIENTED_EDGE('',*,*,#3626,.F.);
#5146=ORIENTED_EDGE('',*,*,#3813,.T.);
#5147=ORIENTED_EDGE('',*,*,#3439,.T.);
#5148=ORIENTED_EDGE('',*,*,#3813,.F.);
#5149=ORIENTED_EDGE('',*,*,#3627,.F.);
#5150=ORIENTED_EDGE('',*,*,#3814,.T.);
#5151=ORIENTED_EDGE('',*,*,#3440,.T.);
#5152=ORIENTED_EDGE('',*,*,#3814,.F.);
#5153=ORIENTED_EDGE('',*,*,#3628,.F.);
#5154=ORIENTED_EDGE('',*,*,#3815,.T.);
#5155=ORIENTED_EDGE('',*,*,#3441,.T.);
#5156=ORIENTED_EDGE('',*,*,#3815,.F.);
#5157=ORIENTED_EDGE('',*,*,#3629,.F.);
#5158=ORIENTED_EDGE('',*,*,#3816,.T.);
#5159=ORIENTED_EDGE('',*,*,#3442,.T.);
#5160=ORIENTED_EDGE('',*,*,#3816,.F.);
#5161=ORIENTED_EDGE('',*,*,#3630,.F.);
#5162=ORIENTED_EDGE('',*,*,#3817,.T.);
#5163=ORIENTED_EDGE('',*,*,#3443,.T.);
#5164=ORIENTED_EDGE('',*,*,#3817,.F.);
#5165=ORIENTED_EDGE('',*,*,#3631,.F.);
#5166=ORIENTED_EDGE('',*,*,#3818,.T.);
#5167=ORIENTED_EDGE('',*,*,#3444,.T.);
#5168=ORIENTED_EDGE('',*,*,#3818,.F.);
#5169=ORIENTED_EDGE('',*,*,#3632,.F.);
#5170=ORIENTED_EDGE('',*,*,#3819,.T.);
#5171=ORIENTED_EDGE('',*,*,#3445,.T.);
#5172=ORIENTED_EDGE('',*,*,#3819,.F.);
#5173=ORIENTED_EDGE('',*,*,#3633,.F.);
#5174=ORIENTED_EDGE('',*,*,#3820,.T.);
#5175=ORIENTED_EDGE('',*,*,#3446,.T.);
#5176=ORIENTED_EDGE('',*,*,#3820,.F.);
#5177=ORIENTED_EDGE('',*,*,#3634,.F.);
#5178=ORIENTED_EDGE('',*,*,#3821,.T.);
#5179=ORIENTED_EDGE('',*,*,#3447,.T.);
#5180=ORIENTED_EDGE('',*,*,#3821,.F.);
#5181=ORIENTED_EDGE('',*,*,#3635,.F.);
#5182=ORIENTED_EDGE('',*,*,#3822,.T.);
#5183=ORIENTED_EDGE('',*,*,#3448,.T.);
#5184=ORIENTED_EDGE('',*,*,#3822,.F.);
#5185=ORIENTED_EDGE('',*,*,#3636,.F.);
#5186=ORIENTED_EDGE('',*,*,#3823,.T.);
#5187=ORIENTED_EDGE('',*,*,#3449,.T.);
#5188=ORIENTED_EDGE('',*,*,#3823,.F.);
#5189=ORIENTED_EDGE('',*,*,#3637,.F.);
#5190=ORIENTED_EDGE('',*,*,#3824,.T.);
#5191=ORIENTED_EDGE('',*,*,#3450,.T.);
#5192=ORIENTED_EDGE('',*,*,#3824,.F.);
#5193=ORIENTED_EDGE('',*,*,#3638,.F.);
#5194=ORIENTED_EDGE('',*,*,#3825,.T.);
#5195=ORIENTED_EDGE('',*,*,#3451,.T.);
#5196=ORIENTED_EDGE('',*,*,#3825,.F.);
#5197=ORIENTED_EDGE('',*,*,#3639,.F.);
#5198=ORIENTED_EDGE('',*,*,#3826,.T.);
#5199=ORIENTED_EDGE('',*,*,#3452,.T.);
#5200=ORIENTED_EDGE('',*,*,#3826,.F.);
#5201=ORIENTED_EDGE('',*,*,#3640,.F.);
#5202=ORIENTED_EDGE('',*,*,#3827,.T.);
#5203=ORIENTED_EDGE('',*,*,#3453,.T.);
#5204=ORIENTED_EDGE('',*,*,#3827,.F.);
#5205=ORIENTED_EDGE('',*,*,#3641,.F.);
#5206=ORIENTED_EDGE('',*,*,#3828,.T.);
#5207=ORIENTED_EDGE('',*,*,#3454,.T.);
#5208=ORIENTED_EDGE('',*,*,#3828,.F.);
#5209=ORIENTED_EDGE('',*,*,#3642,.F.);
#5210=ORIENTED_EDGE('',*,*,#3829,.T.);
#5211=ORIENTED_EDGE('',*,*,#3455,.T.);
#5212=ORIENTED_EDGE('',*,*,#3829,.F.);
#5213=ORIENTED_EDGE('',*,*,#3643,.F.);
#5214=ORIENTED_EDGE('',*,*,#3830,.T.);
#5215=ORIENTED_EDGE('',*,*,#3456,.T.);
#5216=ORIENTED_EDGE('',*,*,#3830,.F.);
#5217=ORIENTED_EDGE('',*,*,#3644,.F.);
#5218=ORIENTED_EDGE('',*,*,#3831,.T.);
#5219=ORIENTED_EDGE('',*,*,#3457,.T.);
#5220=ORIENTED_EDGE('',*,*,#3831,.F.);
#5221=ORIENTED_EDGE('',*,*,#3645,.F.);
#5222=ORIENTED_EDGE('',*,*,#3832,.T.);
#5223=ORIENTED_EDGE('',*,*,#3458,.T.);
#5224=ORIENTED_EDGE('',*,*,#3832,.F.);
#5225=ORIENTED_EDGE('',*,*,#3646,.F.);
#5226=ORIENTED_EDGE('',*,*,#3833,.T.);
#5227=ORIENTED_EDGE('',*,*,#3459,.T.);
#5228=ORIENTED_EDGE('',*,*,#3833,.F.);
#5229=ORIENTED_EDGE('',*,*,#3647,.F.);
#5230=ORIENTED_EDGE('',*,*,#3834,.T.);
#5231=ORIENTED_EDGE('',*,*,#3460,.T.);
#5232=ORIENTED_EDGE('',*,*,#3834,.F.);
#5233=ORIENTED_EDGE('',*,*,#3648,.F.);
#5234=ORIENTED_EDGE('',*,*,#3835,.T.);
#5235=ORIENTED_EDGE('',*,*,#3461,.T.);
#5236=ORIENTED_EDGE('',*,*,#3835,.F.);
#5237=ORIENTED_EDGE('',*,*,#3649,.F.);
#5238=ORIENTED_EDGE('',*,*,#3836,.T.);
#5239=ORIENTED_EDGE('',*,*,#3462,.T.);
#5240=ORIENTED_EDGE('',*,*,#3836,.F.);
#5241=ORIENTED_EDGE('',*,*,#3650,.F.);
#5242=ORIENTED_EDGE('',*,*,#3837,.T.);
#5243=ORIENTED_EDGE('',*,*,#3463,.T.);
#5244=ORIENTED_EDGE('',*,*,#3837,.F.);
#5245=ORIENTED_EDGE('',*,*,#3651,.F.);
#5246=ORIENTED_EDGE('',*,*,#3838,.T.);
#5247=ORIENTED_EDGE('',*,*,#3464,.T.);
#5248=ORIENTED_EDGE('',*,*,#3838,.F.);
#5249=ORIENTED_EDGE('',*,*,#3652,.F.);
#5250=ORIENTED_EDGE('',*,*,#3839,.T.);
#5251=ORIENTED_EDGE('',*,*,#3465,.T.);
#5252=ORIENTED_EDGE('',*,*,#3839,.F.);
#5253=ORIENTED_EDGE('',*,*,#3653,.F.);
#5254=ORIENTED_EDGE('',*,*,#3840,.T.);
#5255=ORIENTED_EDGE('',*,*,#3466,.T.);
#5256=ORIENTED_EDGE('',*,*,#3840,.F.);
#5257=ORIENTED_EDGE('',*,*,#3654,.F.);
#5258=ORIENTED_EDGE('',*,*,#3841,.T.);
#5259=ORIENTED_EDGE('',*,*,#3467,.T.);
#5260=ORIENTED_EDGE('',*,*,#3841,.F.);
#5261=ORIENTED_EDGE('',*,*,#3655,.F.);
#5262=ORIENTED_EDGE('',*,*,#3842,.T.);
#5263=ORIENTED_EDGE('',*,*,#3468,.T.);
#5264=ORIENTED_EDGE('',*,*,#3842,.F.);
#5265=ORIENTED_EDGE('',*,*,#3656,.F.);
#5266=ORIENTED_EDGE('',*,*,#3843,.T.);
#5267=ORIENTED_EDGE('',*,*,#3469,.T.);
#5268=ORIENTED_EDGE('',*,*,#3843,.F.);
#5269=ORIENTED_EDGE('',*,*,#3657,.F.);
#5270=ORIENTED_EDGE('',*,*,#3844,.T.);
#5271=ORIENTED_EDGE('',*,*,#3470,.T.);
#5272=ORIENTED_EDGE('',*,*,#3844,.F.);
#5273=ORIENTED_EDGE('',*,*,#3658,.F.);
#5274=ORIENTED_EDGE('',*,*,#3845,.T.);
#5275=ORIENTED_EDGE('',*,*,#3471,.T.);
#5276=ORIENTED_EDGE('',*,*,#3845,.F.);
#5277=ORIENTED_EDGE('',*,*,#3659,.F.);
#5278=ORIENTED_EDGE('',*,*,#3846,.T.);
#5279=ORIENTED_EDGE('',*,*,#3472,.T.);
#5280=ORIENTED_EDGE('',*,*,#3846,.F.);
#5281=ORIENTED_EDGE('',*,*,#3660,.F.);
#5282=ORIENTED_EDGE('',*,*,#3847,.T.);
#5283=ORIENTED_EDGE('',*,*,#3473,.T.);
#5284=ORIENTED_EDGE('',*,*,#3847,.F.);
#5285=ORIENTED_EDGE('',*,*,#3661,.F.);
#5286=ORIENTED_EDGE('',*,*,#3848,.T.);
#5287=ORIENTED_EDGE('',*,*,#3474,.T.);
#5288=ORIENTED_EDGE('',*,*,#3848,.F.);
#5289=ORIENTED_EDGE('',*,*,#3662,.F.);
#5290=ORIENTED_EDGE('',*,*,#3849,.T.);
#5291=ORIENTED_EDGE('',*,*,#3475,.T.);
#5292=ORIENTED_EDGE('',*,*,#3849,.F.);
#5293=ORIENTED_EDGE('',*,*,#3663,.F.);
#5294=ORIENTED_EDGE('',*,*,#3850,.T.);
#5295=ORIENTED_EDGE('',*,*,#3476,.T.);
#5296=ORIENTED_EDGE('',*,*,#3850,.F.);
#5297=ORIENTED_EDGE('',*,*,#3664,.F.);
#5298=ORIENTED_EDGE('',*,*,#3851,.T.);
#5299=ORIENTED_EDGE('',*,*,#3477,.T.);
#5300=ORIENTED_EDGE('',*,*,#3851,.F.);
#5301=ORIENTED_EDGE('',*,*,#3665,.F.);
#5302=ORIENTED_EDGE('',*,*,#3852,.T.);
#5303=ORIENTED_EDGE('',*,*,#3478,.T.);
#5304=ORIENTED_EDGE('',*,*,#3852,.F.);
#5305=ORIENTED_EDGE('',*,*,#3666,.F.);
#5306=ORIENTED_EDGE('',*,*,#3853,.T.);
#5307=ORIENTED_EDGE('',*,*,#3479,.T.);
#5308=ORIENTED_EDGE('',*,*,#3853,.F.);
#5309=ORIENTED_EDGE('',*,*,#3667,.F.);
#5310=ORIENTED_EDGE('',*,*,#3854,.T.);
#5311=ORIENTED_EDGE('',*,*,#3480,.T.);
#5312=ORIENTED_EDGE('',*,*,#3854,.F.);
#5313=ORIENTED_EDGE('',*,*,#3481,.T.);
#5314=ORIENTED_EDGE('',*,*,#3855,.T.);
#5315=ORIENTED_EDGE('',*,*,#3668,.F.);
#5316=ORIENTED_EDGE('',*,*,#3856,.F.);
#5317=ORIENTED_EDGE('',*,*,#3482,.T.);
#5318=ORIENTED_EDGE('',*,*,#3856,.T.);
#5319=ORIENTED_EDGE('',*,*,#3671,.F.);
#5320=ORIENTED_EDGE('',*,*,#3857,.F.);
#5321=ORIENTED_EDGE('',*,*,#3483,.T.);
#5322=ORIENTED_EDGE('',*,*,#3857,.T.);
#5323=ORIENTED_EDGE('',*,*,#3670,.F.);
#5324=ORIENTED_EDGE('',*,*,#3858,.F.);
#5325=ORIENTED_EDGE('',*,*,#3484,.T.);
#5326=ORIENTED_EDGE('',*,*,#3858,.T.);
#5327=ORIENTED_EDGE('',*,*,#3669,.F.);
#5328=ORIENTED_EDGE('',*,*,#3855,.F.);
#5329=ORIENTED_EDGE('',*,*,#3672,.F.);
#5330=ORIENTED_EDGE('',*,*,#3859,.T.);
#5331=ORIENTED_EDGE('',*,*,#3485,.T.);
#5332=ORIENTED_EDGE('',*,*,#3859,.F.);
#5333=ORIENTED_EDGE('',*,*,#3673,.F.);
#5334=ORIENTED_EDGE('',*,*,#3860,.T.);
#5335=ORIENTED_EDGE('',*,*,#3486,.T.);
#5336=ORIENTED_EDGE('',*,*,#3860,.F.);
#5337=ORIENTED_EDGE('',*,*,#3674,.F.);
#5338=ORIENTED_EDGE('',*,*,#3861,.T.);
#5339=ORIENTED_EDGE('',*,*,#3487,.T.);
#5340=ORIENTED_EDGE('',*,*,#3861,.F.);
#5341=ORIENTED_EDGE('',*,*,#3675,.F.);
#5342=ORIENTED_EDGE('',*,*,#3862,.T.);
#5343=ORIENTED_EDGE('',*,*,#3488,.T.);
#5344=ORIENTED_EDGE('',*,*,#3862,.F.);
#5345=ORIENTED_EDGE('',*,*,#3489,.T.);
#5346=ORIENTED_EDGE('',*,*,#3863,.T.);
#5347=ORIENTED_EDGE('',*,*,#3676,.F.);
#5348=ORIENTED_EDGE('',*,*,#3864,.F.);
#5349=ORIENTED_EDGE('',*,*,#3490,.T.);
#5350=ORIENTED_EDGE('',*,*,#3864,.T.);
#5351=ORIENTED_EDGE('',*,*,#3679,.F.);
#5352=ORIENTED_EDGE('',*,*,#3865,.F.);
#5353=ORIENTED_EDGE('',*,*,#3491,.T.);
#5354=ORIENTED_EDGE('',*,*,#3865,.T.);
#5355=ORIENTED_EDGE('',*,*,#3678,.F.);
#5356=ORIENTED_EDGE('',*,*,#3866,.F.);
#5357=ORIENTED_EDGE('',*,*,#3492,.T.);
#5358=ORIENTED_EDGE('',*,*,#3866,.T.);
#5359=ORIENTED_EDGE('',*,*,#3677,.F.);
#5360=ORIENTED_EDGE('',*,*,#3863,.F.);
#5361=ORIENTED_EDGE('',*,*,#3867,.F.);
#5362=ORIENTED_EDGE('',*,*,#3868,.T.);
#5363=ORIENTED_EDGE('',*,*,#3869,.F.);
#5364=ORIENTED_EDGE('',*,*,#3870,.F.);
#5365=ORIENTED_EDGE('',*,*,#3871,.F.);
#5366=ORIENTED_EDGE('',*,*,#3872,.T.);
#5367=ORIENTED_EDGE('',*,*,#3873,.F.);
#5368=ORIENTED_EDGE('',*,*,#3868,.F.);
#5369=ORIENTED_EDGE('',*,*,#3874,.F.);
#5370=ORIENTED_EDGE('',*,*,#3875,.F.);
#5371=ORIENTED_EDGE('',*,*,#3876,.F.);
#5372=ORIENTED_EDGE('',*,*,#3872,.F.);
#5373=ORIENTED_EDGE('',*,*,#3869,.T.);
#5374=ORIENTED_EDGE('',*,*,#3873,.T.);
#5375=ORIENTED_EDGE('',*,*,#3876,.T.);
#5376=ORIENTED_EDGE('',*,*,#3877,.F.);
#5377=ORIENTED_EDGE('',*,*,#3878,.F.);
#5378=ORIENTED_EDGE('',*,*,#3879,.T.);
#5379=ORIENTED_EDGE('',*,*,#3880,.F.);
#5380=ORIENTED_EDGE('',*,*,#3881,.F.);
#5381=ORIENTED_EDGE('',*,*,#3874,.T.);
#5382=ORIENTED_EDGE('',*,*,#3871,.T.);
#5383=ORIENTED_EDGE('',*,*,#3867,.T.);
#5384=ORIENTED_EDGE('',*,*,#3882,.F.);
#5385=ORIENTED_EDGE('',*,*,#3883,.F.);
#5386=ORIENTED_EDGE('',*,*,#3884,.F.);
#5387=ORIENTED_EDGE('',*,*,#3885,.T.);
#5388=ORIENTED_EDGE('',*,*,#3886,.F.);
#5389=ORIENTED_EDGE('',*,*,#3887,.T.);
#5390=ORIENTED_EDGE('',*,*,#3888,.T.);
#5391=ORIENTED_EDGE('',*,*,#3889,.T.);
#5392=ORIENTED_EDGE('',*,*,#3890,.T.);
#5393=ORIENTED_EDGE('',*,*,#3888,.F.);
#5394=ORIENTED_EDGE('',*,*,#3891,.F.);
#5395=ORIENTED_EDGE('',*,*,#3892,.F.);
#5396=ORIENTED_EDGE('',*,*,#3893,.T.);
#5397=ORIENTED_EDGE('',*,*,#3870,.T.);
#5398=ORIENTED_EDGE('',*,*,#3881,.T.);
#5399=ORIENTED_EDGE('',*,*,#3894,.F.);
#5400=ORIENTED_EDGE('',*,*,#3891,.T.);
#5401=ORIENTED_EDGE('',*,*,#3887,.F.);
#5402=ORIENTED_EDGE('',*,*,#3895,.T.);
#5403=ORIENTED_EDGE('',*,*,#3896,.F.);
#5404=ORIENTED_EDGE('',*,*,#3897,.T.);
#5405=ORIENTED_EDGE('',*,*,#3898,.F.);
#5406=ORIENTED_EDGE('',*,*,#3877,.T.);
#5407=ORIENTED_EDGE('',*,*,#3875,.T.);
#5408=ORIENTED_EDGE('',*,*,#3886,.T.);
#5409=ORIENTED_EDGE('',*,*,#3899,.T.);
#5410=ORIENTED_EDGE('',*,*,#3900,.T.);
#5411=ORIENTED_EDGE('',*,*,#3901,.T.);
#5412=ORIENTED_EDGE('',*,*,#3882,.T.);
#5413=ORIENTED_EDGE('',*,*,#3902,.T.);
#5414=ORIENTED_EDGE('',*,*,#3903,.T.);
#5415=ORIENTED_EDGE('',*,*,#3904,.T.);
#5416=ORIENTED_EDGE('',*,*,#3905,.T.);
#5417=ORIENTED_EDGE('',*,*,#3894,.T.);
#5418=ORIENTED_EDGE('',*,*,#3880,.T.);
#5419=ORIENTED_EDGE('',*,*,#3906,.T.);
#5420=ORIENTED_EDGE('',*,*,#3892,.T.);
#5421=ORIENTED_EDGE('',*,*,#3898,.T.);
#5422=ORIENTED_EDGE('',*,*,#3907,.T.);
#5423=ORIENTED_EDGE('',*,*,#3908,.T.);
#5424=ORIENTED_EDGE('',*,*,#3878,.T.);
#5425=ORIENTED_EDGE('',*,*,#3907,.F.);
#5426=ORIENTED_EDGE('',*,*,#3897,.F.);
#5427=ORIENTED_EDGE('',*,*,#3909,.F.);
#5428=ORIENTED_EDGE('',*,*,#3910,.T.);
#5429=ORIENTED_EDGE('',*,*,#3896,.T.);
#5430=ORIENTED_EDGE('',*,*,#3911,.T.);
#5431=ORIENTED_EDGE('',*,*,#3912,.T.);
#5432=ORIENTED_EDGE('',*,*,#3909,.T.);
#5433=ORIENTED_EDGE('',*,*,#3890,.F.);
#5434=ORIENTED_EDGE('',*,*,#3913,.T.);
#5435=ORIENTED_EDGE('',*,*,#3911,.F.);
#5436=ORIENTED_EDGE('',*,*,#3895,.F.);
#5437=ORIENTED_EDGE('',*,*,#3914,.F.);
#5438=ORIENTED_EDGE('',*,*,#3915,.T.);
#5439=ORIENTED_EDGE('',*,*,#3899,.F.);
#5440=ORIENTED_EDGE('',*,*,#3885,.F.);
#5441=ORIENTED_EDGE('',*,*,#3916,.F.);
#5442=ORIENTED_EDGE('',*,*,#3883,.T.);
#5443=ORIENTED_EDGE('',*,*,#3901,.F.);
#5444=ORIENTED_EDGE('',*,*,#3917,.F.);
#5445=ORIENTED_EDGE('',*,*,#3918,.F.);
#5446=ORIENTED_EDGE('',*,*,#3917,.T.);
#5447=ORIENTED_EDGE('',*,*,#3900,.F.);
#5448=ORIENTED_EDGE('',*,*,#3915,.F.);
#5449=ORIENTED_EDGE('',*,*,#3903,.F.);
#5450=ORIENTED_EDGE('',*,*,#3919,.T.);
#5451=ORIENTED_EDGE('',*,*,#3920,.T.);
#5452=ORIENTED_EDGE('',*,*,#3919,.F.);
#5453=ORIENTED_EDGE('',*,*,#3904,.F.);
#5454=ORIENTED_EDGE('',*,*,#3921,.T.);
#5455=ORIENTED_EDGE('',*,*,#3922,.T.);
#5456=ORIENTED_EDGE('',*,*,#3921,.F.);
#5457=ORIENTED_EDGE('',*,*,#3905,.F.);
#5458=ORIENTED_EDGE('',*,*,#3923,.T.);
#5459=ORIENTED_EDGE('',*,*,#3924,.T.);
#5460=ORIENTED_EDGE('',*,*,#3923,.F.);
#5461=ORIENTED_EDGE('',*,*,#3902,.F.);
#5462=ORIENTED_EDGE('',*,*,#3925,.T.);
#5463=ORIENTED_EDGE('',*,*,#3926,.T.);
#5464=ORIENTED_EDGE('',*,*,#3925,.F.);
#5465=ORIENTED_EDGE('',*,*,#3914,.T.);
#5466=ORIENTED_EDGE('',*,*,#3884,.T.);
#5467=ORIENTED_EDGE('',*,*,#3916,.T.);
#5468=ORIENTED_EDGE('',*,*,#3918,.T.);
#5469=ORIENTED_EDGE('',*,*,#3889,.F.);
#5470=ORIENTED_EDGE('',*,*,#3893,.F.);
#5471=ORIENTED_EDGE('',*,*,#3906,.F.);
#5472=ORIENTED_EDGE('',*,*,#3879,.F.);
#5473=ORIENTED_EDGE('',*,*,#3908,.F.);
#5474=ORIENTED_EDGE('',*,*,#3910,.F.);
#5475=ORIENTED_EDGE('',*,*,#3912,.F.);
#5476=ORIENTED_EDGE('',*,*,#3913,.F.);
#5477=ORIENTED_EDGE('',*,*,#3926,.F.);
#5478=ORIENTED_EDGE('',*,*,#3924,.F.);
#5479=ORIENTED_EDGE('',*,*,#3922,.F.);
#5480=ORIENTED_EDGE('',*,*,#3920,.F.);
#5481=ORIENTED_EDGE('',*,*,#3927,.F.);
#5482=ORIENTED_EDGE('',*,*,#3928,.T.);
#5483=ORIENTED_EDGE('',*,*,#3929,.T.);
#5484=ORIENTED_EDGE('',*,*,#3930,.F.);
#5485=ORIENTED_EDGE('',*,*,#3931,.F.);
#5486=ORIENTED_EDGE('',*,*,#3932,.T.);
#5487=ORIENTED_EDGE('',*,*,#3933,.T.);
#5488=ORIENTED_EDGE('',*,*,#3928,.F.);
#5489=ORIENTED_EDGE('',*,*,#3934,.F.);
#5490=ORIENTED_EDGE('',*,*,#3935,.T.);
#5491=ORIENTED_EDGE('',*,*,#3936,.T.);
#5492=ORIENTED_EDGE('',*,*,#3932,.F.);
#5493=ORIENTED_EDGE('',*,*,#3937,.F.);
#5494=ORIENTED_EDGE('',*,*,#3930,.T.);
#5495=ORIENTED_EDGE('',*,*,#3938,.T.);
#5496=ORIENTED_EDGE('',*,*,#3935,.F.);
#5497=ORIENTED_EDGE('',*,*,#3938,.F.);
#5498=ORIENTED_EDGE('',*,*,#3929,.F.);
#5499=ORIENTED_EDGE('',*,*,#3933,.F.);
#5500=ORIENTED_EDGE('',*,*,#3936,.F.);
#5501=ORIENTED_EDGE('',*,*,#3939,.F.);
#5502=ORIENTED_EDGE('',*,*,#3940,.F.);
#5503=ORIENTED_EDGE('',*,*,#3941,.F.);
#5504=ORIENTED_EDGE('',*,*,#3942,.F.);
#5505=ORIENTED_EDGE('',*,*,#3941,.T.);
#5506=ORIENTED_EDGE('',*,*,#3943,.T.);
#5507=ORIENTED_EDGE('',*,*,#3944,.F.);
#5508=ORIENTED_EDGE('',*,*,#3945,.F.);
#5509=ORIENTED_EDGE('',*,*,#3940,.T.);
#5510=ORIENTED_EDGE('',*,*,#3946,.T.);
#5511=ORIENTED_EDGE('',*,*,#3947,.F.);
#5512=ORIENTED_EDGE('',*,*,#3943,.F.);
#5513=ORIENTED_EDGE('',*,*,#3948,.T.);
#5514=ORIENTED_EDGE('',*,*,#3949,.T.);
#5515=ORIENTED_EDGE('',*,*,#3950,.T.);
#5516=ORIENTED_EDGE('',*,*,#3951,.F.);
#5517=ORIENTED_EDGE('',*,*,#3952,.T.);
#5518=ORIENTED_EDGE('',*,*,#3953,.T.);
#5519=ORIENTED_EDGE('',*,*,#3954,.T.);
#5520=ORIENTED_EDGE('',*,*,#3949,.F.);
#5521=ORIENTED_EDGE('',*,*,#3955,.T.);
#5522=ORIENTED_EDGE('',*,*,#3956,.T.);
#5523=ORIENTED_EDGE('',*,*,#3957,.T.);
#5524=ORIENTED_EDGE('',*,*,#3953,.F.);
#5525=ORIENTED_EDGE('',*,*,#3958,.T.);
#5526=ORIENTED_EDGE('',*,*,#3956,.F.);
#5527=ORIENTED_EDGE('',*,*,#3959,.T.);
#5528=ORIENTED_EDGE('',*,*,#3951,.T.);
#5529=ORIENTED_EDGE('',*,*,#3958,.F.);
#5530=ORIENTED_EDGE('',*,*,#3960,.F.);
#5531=ORIENTED_EDGE('',*,*,#3961,.T.);
#5532=ORIENTED_EDGE('',*,*,#3962,.T.);
#5533=ORIENTED_EDGE('',*,*,#3950,.F.);
#5534=ORIENTED_EDGE('',*,*,#3963,.F.);
#5535=ORIENTED_EDGE('',*,*,#3964,.T.);
#5536=ORIENTED_EDGE('',*,*,#3960,.T.);
#5537=ORIENTED_EDGE('',*,*,#3965,.F.);
#5538=ORIENTED_EDGE('',*,*,#3966,.F.);
#5539=ORIENTED_EDGE('',*,*,#3967,.F.);
#5540=ORIENTED_EDGE('',*,*,#3968,.F.);
#5541=ORIENTED_EDGE('',*,*,#3969,.F.);
#5542=ORIENTED_EDGE('',*,*,#3970,.F.);
#5543=ORIENTED_EDGE('',*,*,#3971,.F.);
#5544=ORIENTED_EDGE('',*,*,#3972,.F.);
#5545=ORIENTED_EDGE('',*,*,#3973,.T.);
#5546=ORIENTED_EDGE('',*,*,#3974,.T.);
#5547=ORIENTED_EDGE('',*,*,#3975,.T.);
#5548=ORIENTED_EDGE('',*,*,#3976,.T.);
#5549=ORIENTED_EDGE('',*,*,#3977,.T.);
#5550=ORIENTED_EDGE('',*,*,#3978,.T.);
#5551=ORIENTED_EDGE('',*,*,#3979,.T.);
#5552=ORIENTED_EDGE('',*,*,#3980,.T.);
#5553=ORIENTED_EDGE('',*,*,#3981,.T.);
#5554=ORIENTED_EDGE('',*,*,#3982,.T.);
#5555=ORIENTED_EDGE('',*,*,#3983,.T.);
#5556=ORIENTED_EDGE('',*,*,#3984,.T.);
#5557=ORIENTED_EDGE('',*,*,#3985,.T.);
#5558=ORIENTED_EDGE('',*,*,#3986,.T.);
#5559=ORIENTED_EDGE('',*,*,#3987,.T.);
#5560=ORIENTED_EDGE('',*,*,#3988,.T.);
#5561=ORIENTED_EDGE('',*,*,#3989,.T.);
#5562=ORIENTED_EDGE('',*,*,#3990,.T.);
#5563=ORIENTED_EDGE('',*,*,#3991,.T.);
#5564=ORIENTED_EDGE('',*,*,#3992,.T.);
#5565=ORIENTED_EDGE('',*,*,#3993,.T.);
#5566=ORIENTED_EDGE('',*,*,#3994,.T.);
#5567=ORIENTED_EDGE('',*,*,#3995,.T.);
#5568=ORIENTED_EDGE('',*,*,#3996,.T.);
#5569=ORIENTED_EDGE('',*,*,#3997,.T.);
#5570=ORIENTED_EDGE('',*,*,#3998,.T.);
#5571=ORIENTED_EDGE('',*,*,#3999,.T.);
#5572=ORIENTED_EDGE('',*,*,#4000,.T.);
#5573=ORIENTED_EDGE('',*,*,#4001,.T.);
#5574=ORIENTED_EDGE('',*,*,#4002,.T.);
#5575=ORIENTED_EDGE('',*,*,#4003,.T.);
#5576=ORIENTED_EDGE('',*,*,#4004,.T.);
#5577=ORIENTED_EDGE('',*,*,#4005,.T.);
#5578=ORIENTED_EDGE('',*,*,#4006,.T.);
#5579=ORIENTED_EDGE('',*,*,#4007,.T.);
#5580=ORIENTED_EDGE('',*,*,#4008,.T.);
#5581=ORIENTED_EDGE('',*,*,#4009,.T.);
#5582=ORIENTED_EDGE('',*,*,#4010,.T.);
#5583=ORIENTED_EDGE('',*,*,#4011,.T.);
#5584=ORIENTED_EDGE('',*,*,#4012,.T.);
#5585=ORIENTED_EDGE('',*,*,#4013,.T.);
#5586=ORIENTED_EDGE('',*,*,#4014,.T.);
#5587=ORIENTED_EDGE('',*,*,#4015,.T.);
#5588=ORIENTED_EDGE('',*,*,#4016,.T.);
#5589=ORIENTED_EDGE('',*,*,#3944,.T.);
#5590=ORIENTED_EDGE('',*,*,#3947,.T.);
#5591=ORIENTED_EDGE('',*,*,#4017,.T.);
#5592=ORIENTED_EDGE('',*,*,#4018,.T.);
#5593=ORIENTED_EDGE('',*,*,#4019,.T.);
#5594=ORIENTED_EDGE('',*,*,#4020,.T.);
#5595=ORIENTED_EDGE('',*,*,#4021,.T.);
#5596=ORIENTED_EDGE('',*,*,#4022,.T.);
#5597=ORIENTED_EDGE('',*,*,#4023,.T.);
#5598=ORIENTED_EDGE('',*,*,#4024,.T.);
#5599=ORIENTED_EDGE('',*,*,#4025,.T.);
#5600=ORIENTED_EDGE('',*,*,#4026,.T.);
#5601=ORIENTED_EDGE('',*,*,#4027,.T.);
#5602=ORIENTED_EDGE('',*,*,#4028,.T.);
#5603=ORIENTED_EDGE('',*,*,#4029,.T.);
#5604=ORIENTED_EDGE('',*,*,#4030,.T.);
#5605=ORIENTED_EDGE('',*,*,#4031,.T.);
#5606=ORIENTED_EDGE('',*,*,#4032,.T.);
#5607=ORIENTED_EDGE('',*,*,#4033,.T.);
#5608=ORIENTED_EDGE('',*,*,#4034,.T.);
#5609=ORIENTED_EDGE('',*,*,#3948,.F.);
#5610=ORIENTED_EDGE('',*,*,#3959,.F.);
#5611=ORIENTED_EDGE('',*,*,#3955,.F.);
#5612=ORIENTED_EDGE('',*,*,#3952,.F.);
#5613=ORIENTED_EDGE('',*,*,#4035,.F.);
#5614=ORIENTED_EDGE('',*,*,#4036,.F.);
#5615=ORIENTED_EDGE('',*,*,#4037,.F.);
#5616=ORIENTED_EDGE('',*,*,#3969,.T.);
#5617=ORIENTED_EDGE('',*,*,#4038,.T.);
#5618=ORIENTED_EDGE('',*,*,#4039,.T.);
#5619=ORIENTED_EDGE('',*,*,#4036,.T.);
#5620=ORIENTED_EDGE('',*,*,#4040,.T.);
#5621=ORIENTED_EDGE('',*,*,#4041,.F.);
#5622=ORIENTED_EDGE('',*,*,#4042,.F.);
#5623=ORIENTED_EDGE('',*,*,#4043,.F.);
#5624=ORIENTED_EDGE('',*,*,#3967,.T.);
#5625=ORIENTED_EDGE('',*,*,#4044,.T.);
#5626=ORIENTED_EDGE('',*,*,#4045,.T.);
#5627=ORIENTED_EDGE('',*,*,#4042,.T.);
#5628=ORIENTED_EDGE('',*,*,#4046,.T.);
#5629=ORIENTED_EDGE('',*,*,#4035,.T.);
#5630=ORIENTED_EDGE('',*,*,#3968,.T.);
#5631=ORIENTED_EDGE('',*,*,#4043,.T.);
#5632=ORIENTED_EDGE('',*,*,#4047,.T.);
#5633=ORIENTED_EDGE('',*,*,#4048,.F.);
#5634=ORIENTED_EDGE('',*,*,#4049,.F.);
#5635=ORIENTED_EDGE('',*,*,#4050,.F.);
#5636=ORIENTED_EDGE('',*,*,#3971,.T.);
#5637=ORIENTED_EDGE('',*,*,#4051,.T.);
#5638=ORIENTED_EDGE('',*,*,#4052,.T.);
#5639=ORIENTED_EDGE('',*,*,#4049,.T.);
#5640=ORIENTED_EDGE('',*,*,#4053,.T.);
#5641=ORIENTED_EDGE('',*,*,#4054,.F.);
#5642=ORIENTED_EDGE('',*,*,#4055,.F.);
#5643=ORIENTED_EDGE('',*,*,#4056,.F.);
#5644=ORIENTED_EDGE('',*,*,#3965,.T.);
#5645=ORIENTED_EDGE('',*,*,#4057,.T.);
#5646=ORIENTED_EDGE('',*,*,#4058,.T.);
#5647=ORIENTED_EDGE('',*,*,#4055,.T.);
#5648=ORIENTED_EDGE('',*,*,#4059,.T.);
#5649=ORIENTED_EDGE('',*,*,#4041,.T.);
#5650=ORIENTED_EDGE('',*,*,#3966,.T.);
#5651=ORIENTED_EDGE('',*,*,#4056,.T.);
#5652=ORIENTED_EDGE('',*,*,#4060,.T.);
#5653=ORIENTED_EDGE('',*,*,#4054,.T.);
#5654=ORIENTED_EDGE('',*,*,#3972,.T.);
#5655=ORIENTED_EDGE('',*,*,#4050,.T.);
#5656=ORIENTED_EDGE('',*,*,#4061,.T.);
#5657=ORIENTED_EDGE('',*,*,#4048,.T.);
#5658=ORIENTED_EDGE('',*,*,#3970,.T.);
#5659=ORIENTED_EDGE('',*,*,#4037,.T.);
#5660=ORIENTED_EDGE('',*,*,#4062,.T.);
#5661=ORIENTED_EDGE('',*,*,#4040,.F.);
#5662=ORIENTED_EDGE('',*,*,#4047,.F.);
#5663=ORIENTED_EDGE('',*,*,#4045,.F.);
#5664=ORIENTED_EDGE('',*,*,#4063,.T.);
#5665=ORIENTED_EDGE('',*,*,#4046,.F.);
#5666=ORIENTED_EDGE('',*,*,#4060,.F.);
#5667=ORIENTED_EDGE('',*,*,#4058,.F.);
#5668=ORIENTED_EDGE('',*,*,#4064,.T.);
#5669=ORIENTED_EDGE('',*,*,#4038,.F.);
#5670=ORIENTED_EDGE('',*,*,#4063,.F.);
#5671=ORIENTED_EDGE('',*,*,#4044,.F.);
#5672=ORIENTED_EDGE('',*,*,#4064,.F.);
#5673=ORIENTED_EDGE('',*,*,#4057,.F.);
#5674=ORIENTED_EDGE('',*,*,#4065,.F.);
#5675=ORIENTED_EDGE('',*,*,#4051,.F.);
#5676=ORIENTED_EDGE('',*,*,#4066,.F.);
#5677=ORIENTED_EDGE('',*,*,#4067,.F.);
#5678=ORIENTED_EDGE('',*,*,#4068,.F.);
#5679=ORIENTED_EDGE('',*,*,#4069,.F.);
#5680=ORIENTED_EDGE('',*,*,#4070,.F.);
#5681=ORIENTED_EDGE('',*,*,#4071,.F.);
#5682=ORIENTED_EDGE('',*,*,#4072,.F.);
#5683=ORIENTED_EDGE('',*,*,#4073,.F.);
#5684=ORIENTED_EDGE('',*,*,#4074,.F.);
#5685=ORIENTED_EDGE('',*,*,#4075,.F.);
#5686=ORIENTED_EDGE('',*,*,#4076,.F.);
#5687=ORIENTED_EDGE('',*,*,#4077,.F.);
#5688=ORIENTED_EDGE('',*,*,#4078,.F.);
#5689=ORIENTED_EDGE('',*,*,#4079,.F.);
#5690=ORIENTED_EDGE('',*,*,#4080,.F.);
#5691=ORIENTED_EDGE('',*,*,#4081,.F.);
#5692=ORIENTED_EDGE('',*,*,#4082,.F.);
#5693=ORIENTED_EDGE('',*,*,#4083,.F.);
#5694=ORIENTED_EDGE('',*,*,#3961,.F.);
#5695=ORIENTED_EDGE('',*,*,#3964,.F.);
#5696=ORIENTED_EDGE('',*,*,#4084,.F.);
#5697=ORIENTED_EDGE('',*,*,#4085,.F.);
#5698=ORIENTED_EDGE('',*,*,#4086,.F.);
#5699=ORIENTED_EDGE('',*,*,#4087,.F.);
#5700=ORIENTED_EDGE('',*,*,#4088,.F.);
#5701=ORIENTED_EDGE('',*,*,#4089,.F.);
#5702=ORIENTED_EDGE('',*,*,#4090,.F.);
#5703=ORIENTED_EDGE('',*,*,#4091,.F.);
#5704=ORIENTED_EDGE('',*,*,#4092,.F.);
#5705=ORIENTED_EDGE('',*,*,#4093,.F.);
#5706=ORIENTED_EDGE('',*,*,#4094,.F.);
#5707=ORIENTED_EDGE('',*,*,#4095,.F.);
#5708=ORIENTED_EDGE('',*,*,#4096,.F.);
#5709=ORIENTED_EDGE('',*,*,#4097,.F.);
#5710=ORIENTED_EDGE('',*,*,#4098,.F.);
#5711=ORIENTED_EDGE('',*,*,#4099,.F.);
#5712=ORIENTED_EDGE('',*,*,#4100,.F.);
#5713=ORIENTED_EDGE('',*,*,#4101,.F.);
#5714=ORIENTED_EDGE('',*,*,#4102,.F.);
#5715=ORIENTED_EDGE('',*,*,#4103,.F.);
#5716=ORIENTED_EDGE('',*,*,#4104,.F.);
#5717=ORIENTED_EDGE('',*,*,#4105,.F.);
#5718=ORIENTED_EDGE('',*,*,#4106,.F.);
#5719=ORIENTED_EDGE('',*,*,#4107,.F.);
#5720=ORIENTED_EDGE('',*,*,#4108,.F.);
#5721=ORIENTED_EDGE('',*,*,#4109,.F.);
#5722=ORIENTED_EDGE('',*,*,#4110,.F.);
#5723=ORIENTED_EDGE('',*,*,#4111,.F.);
#5724=ORIENTED_EDGE('',*,*,#4112,.F.);
#5725=ORIENTED_EDGE('',*,*,#4113,.F.);
#5726=ORIENTED_EDGE('',*,*,#4114,.F.);
#5727=ORIENTED_EDGE('',*,*,#4115,.F.);
#5728=ORIENTED_EDGE('',*,*,#4116,.F.);
#5729=ORIENTED_EDGE('',*,*,#4117,.F.);
#5730=ORIENTED_EDGE('',*,*,#4118,.F.);
#5731=ORIENTED_EDGE('',*,*,#4119,.F.);
#5732=ORIENTED_EDGE('',*,*,#4120,.F.);
#5733=ORIENTED_EDGE('',*,*,#4121,.F.);
#5734=ORIENTED_EDGE('',*,*,#4122,.F.);
#5735=ORIENTED_EDGE('',*,*,#4123,.F.);
#5736=ORIENTED_EDGE('',*,*,#4124,.F.);
#5737=ORIENTED_EDGE('',*,*,#4125,.F.);
#5738=ORIENTED_EDGE('',*,*,#4126,.F.);
#5739=ORIENTED_EDGE('',*,*,#4127,.F.);
#5740=ORIENTED_EDGE('',*,*,#4128,.F.);
#5741=ORIENTED_EDGE('',*,*,#3927,.T.);
#5742=ORIENTED_EDGE('',*,*,#3937,.T.);
#5743=ORIENTED_EDGE('',*,*,#3934,.T.);
#5744=ORIENTED_EDGE('',*,*,#3931,.T.);
#5745=ORIENTED_EDGE('',*,*,#4122,.T.);
#5746=ORIENTED_EDGE('',*,*,#4129,.T.);
#5747=ORIENTED_EDGE('',*,*,#4034,.F.);
#5748=ORIENTED_EDGE('',*,*,#4130,.F.);
#5749=ORIENTED_EDGE('',*,*,#4123,.T.);
#5750=ORIENTED_EDGE('',*,*,#4130,.T.);
#5751=ORIENTED_EDGE('',*,*,#4033,.F.);
#5752=ORIENTED_EDGE('',*,*,#4131,.F.);
#5753=ORIENTED_EDGE('',*,*,#4124,.T.);
#5754=ORIENTED_EDGE('',*,*,#4131,.T.);
#5755=ORIENTED_EDGE('',*,*,#4032,.F.);
#5756=ORIENTED_EDGE('',*,*,#4132,.F.);
#5757=ORIENTED_EDGE('',*,*,#4125,.T.);
#5758=ORIENTED_EDGE('',*,*,#4132,.T.);
#5759=ORIENTED_EDGE('',*,*,#4031,.F.);
#5760=ORIENTED_EDGE('',*,*,#4133,.F.);
#5761=ORIENTED_EDGE('',*,*,#4126,.T.);
#5762=ORIENTED_EDGE('',*,*,#4133,.T.);
#5763=ORIENTED_EDGE('',*,*,#4030,.F.);
#5764=ORIENTED_EDGE('',*,*,#4134,.F.);
#5765=ORIENTED_EDGE('',*,*,#4127,.T.);
#5766=ORIENTED_EDGE('',*,*,#4134,.T.);
#5767=ORIENTED_EDGE('',*,*,#4029,.F.);
#5768=ORIENTED_EDGE('',*,*,#4135,.F.);
#5769=ORIENTED_EDGE('',*,*,#4128,.T.);
#5770=ORIENTED_EDGE('',*,*,#4135,.T.);
#5771=ORIENTED_EDGE('',*,*,#4028,.F.);
#5772=ORIENTED_EDGE('',*,*,#4136,.F.);
#5773=ORIENTED_EDGE('',*,*,#4121,.T.);
#5774=ORIENTED_EDGE('',*,*,#4136,.T.);
#5775=ORIENTED_EDGE('',*,*,#4027,.F.);
#5776=ORIENTED_EDGE('',*,*,#4129,.F.);
#5777=ORIENTED_EDGE('',*,*,#4114,.T.);
#5778=ORIENTED_EDGE('',*,*,#4137,.T.);
#5779=ORIENTED_EDGE('',*,*,#4026,.F.);
#5780=ORIENTED_EDGE('',*,*,#4138,.F.);
#5781=ORIENTED_EDGE('',*,*,#4115,.T.);
#5782=ORIENTED_EDGE('',*,*,#4138,.T.);
#5783=ORIENTED_EDGE('',*,*,#4025,.F.);
#5784=ORIENTED_EDGE('',*,*,#4139,.F.);
#5785=ORIENTED_EDGE('',*,*,#4116,.T.);
#5786=ORIENTED_EDGE('',*,*,#4139,.T.);
#5787=ORIENTED_EDGE('',*,*,#4024,.F.);
#5788=ORIENTED_EDGE('',*,*,#4140,.F.);
#5789=ORIENTED_EDGE('',*,*,#4117,.T.);
#5790=ORIENTED_EDGE('',*,*,#4140,.T.);
#5791=ORIENTED_EDGE('',*,*,#4023,.F.);
#5792=ORIENTED_EDGE('',*,*,#4141,.F.);
#5793=ORIENTED_EDGE('',*,*,#4118,.T.);
#5794=ORIENTED_EDGE('',*,*,#4141,.T.);
#5795=ORIENTED_EDGE('',*,*,#4022,.F.);
#5796=ORIENTED_EDGE('',*,*,#4142,.F.);
#5797=ORIENTED_EDGE('',*,*,#4119,.T.);
#5798=ORIENTED_EDGE('',*,*,#4142,.T.);
#5799=ORIENTED_EDGE('',*,*,#4021,.F.);
#5800=ORIENTED_EDGE('',*,*,#4143,.F.);
#5801=ORIENTED_EDGE('',*,*,#4120,.T.);
#5802=ORIENTED_EDGE('',*,*,#4143,.T.);
#5803=ORIENTED_EDGE('',*,*,#4020,.F.);
#5804=ORIENTED_EDGE('',*,*,#4144,.F.);
#5805=ORIENTED_EDGE('',*,*,#4113,.T.);
#5806=ORIENTED_EDGE('',*,*,#4144,.T.);
#5807=ORIENTED_EDGE('',*,*,#4019,.F.);
#5808=ORIENTED_EDGE('',*,*,#4137,.F.);
#5809=ORIENTED_EDGE('',*,*,#4018,.F.);
#5810=ORIENTED_EDGE('',*,*,#4145,.T.);
#5811=ORIENTED_EDGE('',*,*,#4112,.T.);
#5812=ORIENTED_EDGE('',*,*,#4145,.F.);
#5813=ORIENTED_EDGE('',*,*,#3939,.T.);
#5814=ORIENTED_EDGE('',*,*,#4146,.T.);
#5815=ORIENTED_EDGE('',*,*,#4017,.F.);
#5816=ORIENTED_EDGE('',*,*,#3946,.F.);
#5817=ORIENTED_EDGE('',*,*,#3942,.T.);
#5818=ORIENTED_EDGE('',*,*,#3945,.T.);
#5819=ORIENTED_EDGE('',*,*,#4016,.F.);
#5820=ORIENTED_EDGE('',*,*,#4146,.F.);
#5821=ORIENTED_EDGE('',*,*,#4015,.F.);
#5822=ORIENTED_EDGE('',*,*,#4147,.T.);
#5823=ORIENTED_EDGE('',*,*,#4111,.T.);
#5824=ORIENTED_EDGE('',*,*,#4147,.F.);
#5825=ORIENTED_EDGE('',*,*,#4014,.F.);
#5826=ORIENTED_EDGE('',*,*,#4148,.T.);
#5827=ORIENTED_EDGE('',*,*,#4110,.T.);
#5828=ORIENTED_EDGE('',*,*,#4148,.F.);
#5829=ORIENTED_EDGE('',*,*,#4103,.T.);
#5830=ORIENTED_EDGE('',*,*,#4149,.T.);
#5831=ORIENTED_EDGE('',*,*,#4013,.F.);
#5832=ORIENTED_EDGE('',*,*,#4150,.F.);
#5833=ORIENTED_EDGE('',*,*,#4104,.T.);
#5834=ORIENTED_EDGE('',*,*,#4150,.T.);
#5835=ORIENTED_EDGE('',*,*,#4012,.F.);
#5836=ORIENTED_EDGE('',*,*,#4151,.F.);
#5837=ORIENTED_EDGE('',*,*,#4105,.T.);
#5838=ORIENTED_EDGE('',*,*,#4151,.T.);
#5839=ORIENTED_EDGE('',*,*,#4011,.F.);
#5840=ORIENTED_EDGE('',*,*,#4152,.F.);
#5841=ORIENTED_EDGE('',*,*,#4106,.T.);
#5842=ORIENTED_EDGE('',*,*,#4152,.T.);
#5843=ORIENTED_EDGE('',*,*,#4010,.F.);
#5844=ORIENTED_EDGE('',*,*,#4153,.F.);
#5845=ORIENTED_EDGE('',*,*,#4107,.T.);
#5846=ORIENTED_EDGE('',*,*,#4153,.T.);
#5847=ORIENTED_EDGE('',*,*,#4009,.F.);
#5848=ORIENTED_EDGE('',*,*,#4154,.F.);
#5849=ORIENTED_EDGE('',*,*,#4108,.T.);
#5850=ORIENTED_EDGE('',*,*,#4154,.T.);
#5851=ORIENTED_EDGE('',*,*,#4008,.F.);
#5852=ORIENTED_EDGE('',*,*,#4155,.F.);
#5853=ORIENTED_EDGE('',*,*,#4109,.T.);
#5854=ORIENTED_EDGE('',*,*,#4155,.T.);
#5855=ORIENTED_EDGE('',*,*,#4007,.F.);
#5856=ORIENTED_EDGE('',*,*,#4156,.F.);
#5857=ORIENTED_EDGE('',*,*,#4102,.T.);
#5858=ORIENTED_EDGE('',*,*,#4156,.T.);
#5859=ORIENTED_EDGE('',*,*,#4006,.F.);
#5860=ORIENTED_EDGE('',*,*,#4149,.F.);
#5861=ORIENTED_EDGE('',*,*,#4095,.T.);
#5862=ORIENTED_EDGE('',*,*,#4157,.T.);
#5863=ORIENTED_EDGE('',*,*,#4005,.F.);
#5864=ORIENTED_EDGE('',*,*,#4158,.F.);
#5865=ORIENTED_EDGE('',*,*,#4096,.T.);
#5866=ORIENTED_EDGE('',*,*,#4158,.T.);
#5867=ORIENTED_EDGE('',*,*,#4004,.F.);
#5868=ORIENTED_EDGE('',*,*,#4159,.F.);
#5869=ORIENTED_EDGE('',*,*,#4097,.T.);
#5870=ORIENTED_EDGE('',*,*,#4159,.T.);
#5871=ORIENTED_EDGE('',*,*,#4003,.F.);
#5872=ORIENTED_EDGE('',*,*,#4160,.F.);
#5873=ORIENTED_EDGE('',*,*,#4098,.T.);
#5874=ORIENTED_EDGE('',*,*,#4160,.T.);
#5875=ORIENTED_EDGE('',*,*,#4002,.F.);
#5876=ORIENTED_EDGE('',*,*,#4161,.F.);
#5877=ORIENTED_EDGE('',*,*,#4099,.T.);
#5878=ORIENTED_EDGE('',*,*,#4161,.T.);
#5879=ORIENTED_EDGE('',*,*,#4001,.F.);
#5880=ORIENTED_EDGE('',*,*,#4162,.F.);
#5881=ORIENTED_EDGE('',*,*,#4100,.T.);
#5882=ORIENTED_EDGE('',*,*,#4162,.T.);
#5883=ORIENTED_EDGE('',*,*,#4000,.F.);
#5884=ORIENTED_EDGE('',*,*,#4163,.F.);
#5885=ORIENTED_EDGE('',*,*,#4101,.T.);
#5886=ORIENTED_EDGE('',*,*,#4163,.T.);
#5887=ORIENTED_EDGE('',*,*,#3999,.F.);
#5888=ORIENTED_EDGE('',*,*,#4164,.F.);
#5889=ORIENTED_EDGE('',*,*,#4094,.T.);
#5890=ORIENTED_EDGE('',*,*,#4164,.T.);
#5891=ORIENTED_EDGE('',*,*,#3998,.F.);
#5892=ORIENTED_EDGE('',*,*,#4157,.F.);
#5893=ORIENTED_EDGE('',*,*,#4087,.T.);
#5894=ORIENTED_EDGE('',*,*,#4165,.T.);
#5895=ORIENTED_EDGE('',*,*,#3997,.F.);
#5896=ORIENTED_EDGE('',*,*,#4166,.F.);
#5897=ORIENTED_EDGE('',*,*,#4088,.T.);
#5898=ORIENTED_EDGE('',*,*,#4166,.T.);
#5899=ORIENTED_EDGE('',*,*,#3996,.F.);
#5900=ORIENTED_EDGE('',*,*,#4167,.F.);
#5901=ORIENTED_EDGE('',*,*,#4089,.T.);
#5902=ORIENTED_EDGE('',*,*,#4167,.T.);
#5903=ORIENTED_EDGE('',*,*,#3995,.F.);
#5904=ORIENTED_EDGE('',*,*,#4168,.F.);
#5905=ORIENTED_EDGE('',*,*,#4090,.T.);
#5906=ORIENTED_EDGE('',*,*,#4168,.T.);
#5907=ORIENTED_EDGE('',*,*,#3994,.F.);
#5908=ORIENTED_EDGE('',*,*,#4169,.F.);
#5909=ORIENTED_EDGE('',*,*,#4091,.T.);
#5910=ORIENTED_EDGE('',*,*,#4169,.T.);
#5911=ORIENTED_EDGE('',*,*,#3993,.F.);
#5912=ORIENTED_EDGE('',*,*,#4170,.F.);
#5913=ORIENTED_EDGE('',*,*,#4092,.T.);
#5914=ORIENTED_EDGE('',*,*,#4170,.T.);
#5915=ORIENTED_EDGE('',*,*,#3992,.F.);
#5916=ORIENTED_EDGE('',*,*,#4171,.F.);
#5917=ORIENTED_EDGE('',*,*,#4093,.T.);
#5918=ORIENTED_EDGE('',*,*,#4171,.T.);
#5919=ORIENTED_EDGE('',*,*,#3991,.F.);
#5920=ORIENTED_EDGE('',*,*,#4172,.F.);
#5921=ORIENTED_EDGE('',*,*,#4086,.T.);
#5922=ORIENTED_EDGE('',*,*,#4172,.T.);
#5923=ORIENTED_EDGE('',*,*,#3990,.F.);
#5924=ORIENTED_EDGE('',*,*,#4165,.F.);
#5925=ORIENTED_EDGE('',*,*,#3954,.F.);
#5926=ORIENTED_EDGE('',*,*,#4173,.F.);
#5927=ORIENTED_EDGE('',*,*,#4084,.T.);
#5928=ORIENTED_EDGE('',*,*,#3963,.T.);
#5929=ORIENTED_EDGE('',*,*,#3957,.F.);
#5930=ORIENTED_EDGE('',*,*,#3962,.F.);
#5931=ORIENTED_EDGE('',*,*,#4085,.T.);
#5932=ORIENTED_EDGE('',*,*,#4173,.T.);
#5933=ORIENTED_EDGE('',*,*,#4077,.T.);
#5934=ORIENTED_EDGE('',*,*,#4174,.T.);
#5935=ORIENTED_EDGE('',*,*,#3989,.F.);
#5936=ORIENTED_EDGE('',*,*,#4175,.F.);
#5937=ORIENTED_EDGE('',*,*,#4078,.T.);
#5938=ORIENTED_EDGE('',*,*,#4175,.T.);
#5939=ORIENTED_EDGE('',*,*,#3988,.F.);
#5940=ORIENTED_EDGE('',*,*,#4176,.F.);
#5941=ORIENTED_EDGE('',*,*,#4079,.T.);
#5942=ORIENTED_EDGE('',*,*,#4176,.T.);
#5943=ORIENTED_EDGE('',*,*,#3987,.F.);
#5944=ORIENTED_EDGE('',*,*,#4177,.F.);
#5945=ORIENTED_EDGE('',*,*,#4080,.T.);
#5946=ORIENTED_EDGE('',*,*,#4177,.T.);
#5947=ORIENTED_EDGE('',*,*,#3986,.F.);
#5948=ORIENTED_EDGE('',*,*,#4178,.F.);
#5949=ORIENTED_EDGE('',*,*,#4081,.T.);
#5950=ORIENTED_EDGE('',*,*,#4178,.T.);
#5951=ORIENTED_EDGE('',*,*,#3985,.F.);
#5952=ORIENTED_EDGE('',*,*,#4179,.F.);
#5953=ORIENTED_EDGE('',*,*,#4082,.T.);
#5954=ORIENTED_EDGE('',*,*,#4179,.T.);
#5955=ORIENTED_EDGE('',*,*,#3984,.F.);
#5956=ORIENTED_EDGE('',*,*,#4180,.F.);
#5957=ORIENTED_EDGE('',*,*,#4083,.T.);
#5958=ORIENTED_EDGE('',*,*,#4180,.T.);
#5959=ORIENTED_EDGE('',*,*,#3983,.F.);
#5960=ORIENTED_EDGE('',*,*,#4181,.F.);
#5961=ORIENTED_EDGE('',*,*,#4076,.T.);
#5962=ORIENTED_EDGE('',*,*,#4181,.T.);
#5963=ORIENTED_EDGE('',*,*,#3982,.F.);
#5964=ORIENTED_EDGE('',*,*,#4174,.F.);
#5965=ORIENTED_EDGE('',*,*,#4069,.T.);
#5966=ORIENTED_EDGE('',*,*,#4182,.T.);
#5967=ORIENTED_EDGE('',*,*,#3981,.F.);
#5968=ORIENTED_EDGE('',*,*,#4183,.F.);
#5969=ORIENTED_EDGE('',*,*,#4070,.T.);
#5970=ORIENTED_EDGE('',*,*,#4183,.T.);
#5971=ORIENTED_EDGE('',*,*,#3980,.F.);
#5972=ORIENTED_EDGE('',*,*,#4184,.F.);
#5973=ORIENTED_EDGE('',*,*,#4071,.T.);
#5974=ORIENTED_EDGE('',*,*,#4184,.T.);
#5975=ORIENTED_EDGE('',*,*,#3979,.F.);
#5976=ORIENTED_EDGE('',*,*,#4185,.F.);
#5977=ORIENTED_EDGE('',*,*,#4072,.T.);
#5978=ORIENTED_EDGE('',*,*,#4185,.T.);
#5979=ORIENTED_EDGE('',*,*,#3978,.F.);
#5980=ORIENTED_EDGE('',*,*,#4186,.F.);
#5981=ORIENTED_EDGE('',*,*,#4073,.T.);
#5982=ORIENTED_EDGE('',*,*,#4186,.T.);
#5983=ORIENTED_EDGE('',*,*,#3977,.F.);
#5984=ORIENTED_EDGE('',*,*,#4187,.F.);
#5985=ORIENTED_EDGE('',*,*,#4074,.T.);
#5986=ORIENTED_EDGE('',*,*,#4187,.T.);
#5987=ORIENTED_EDGE('',*,*,#3976,.F.);
#5988=ORIENTED_EDGE('',*,*,#4188,.F.);
#5989=ORIENTED_EDGE('',*,*,#4075,.T.);
#5990=ORIENTED_EDGE('',*,*,#4188,.T.);
#5991=ORIENTED_EDGE('',*,*,#3975,.F.);
#5992=ORIENTED_EDGE('',*,*,#4189,.F.);
#5993=ORIENTED_EDGE('',*,*,#4068,.T.);
#5994=ORIENTED_EDGE('',*,*,#4189,.T.);
#5995=ORIENTED_EDGE('',*,*,#3974,.F.);
#5996=ORIENTED_EDGE('',*,*,#4182,.F.);
#5997=ORIENTED_EDGE('',*,*,#3973,.F.);
#5998=ORIENTED_EDGE('',*,*,#4190,.T.);
#5999=ORIENTED_EDGE('',*,*,#4067,.T.);
#6000=ORIENTED_EDGE('',*,*,#4190,.F.);
#6001=ORIENTED_EDGE('',*,*,#4052,.F.);
#6002=ORIENTED_EDGE('',*,*,#4065,.T.);
#6003=ORIENTED_EDGE('',*,*,#4059,.F.);
#6004=ORIENTED_EDGE('',*,*,#4061,.F.);
#6005=ORIENTED_EDGE('',*,*,#4039,.F.);
#6006=ORIENTED_EDGE('',*,*,#4066,.T.);
#6007=ORIENTED_EDGE('',*,*,#4053,.F.);
#6008=ORIENTED_EDGE('',*,*,#4062,.F.);
#6009=ORIENTED_EDGE('',*,*,#4191,.T.);
#6010=ORIENTED_EDGE('',*,*,#4192,.T.);
#6011=ORIENTED_EDGE('',*,*,#4193,.T.);
#6012=ORIENTED_EDGE('',*,*,#4194,.T.);
#6013=ORIENTED_EDGE('',*,*,#4195,.F.);
#6014=ORIENTED_EDGE('',*,*,#4196,.F.);
#6015=ORIENTED_EDGE('',*,*,#4197,.F.);
#6016=ORIENTED_EDGE('',*,*,#4198,.F.);
#6017=ORIENTED_EDGE('',*,*,#4199,.T.);
#6018=ORIENTED_EDGE('',*,*,#4200,.T.);
#6019=ORIENTED_EDGE('',*,*,#4194,.F.);
#6020=ORIENTED_EDGE('',*,*,#4201,.F.);
#6021=ORIENTED_EDGE('',*,*,#4202,.T.);
#6022=ORIENTED_EDGE('',*,*,#4201,.T.);
#6023=ORIENTED_EDGE('',*,*,#4193,.F.);
#6024=ORIENTED_EDGE('',*,*,#4203,.F.);
#6025=ORIENTED_EDGE('',*,*,#4204,.T.);
#6026=ORIENTED_EDGE('',*,*,#4203,.T.);
#6027=ORIENTED_EDGE('',*,*,#4192,.F.);
#6028=ORIENTED_EDGE('',*,*,#4205,.F.);
#6029=ORIENTED_EDGE('',*,*,#4206,.T.);
#6030=ORIENTED_EDGE('',*,*,#4205,.T.);
#6031=ORIENTED_EDGE('',*,*,#4191,.F.);
#6032=ORIENTED_EDGE('',*,*,#4200,.F.);
#6033=ORIENTED_EDGE('',*,*,#4197,.T.);
#6034=ORIENTED_EDGE('',*,*,#4207,.F.);
#6035=ORIENTED_EDGE('',*,*,#4208,.T.);
#6036=ORIENTED_EDGE('',*,*,#4209,.T.);
#6037=ORIENTED_EDGE('',*,*,#4196,.T.);
#6038=ORIENTED_EDGE('',*,*,#4210,.F.);
#6039=ORIENTED_EDGE('',*,*,#4211,.T.);
#6040=ORIENTED_EDGE('',*,*,#4207,.T.);
#6041=ORIENTED_EDGE('',*,*,#4195,.T.);
#6042=ORIENTED_EDGE('',*,*,#4212,.F.);
#6043=ORIENTED_EDGE('',*,*,#4213,.T.);
#6044=ORIENTED_EDGE('',*,*,#4210,.T.);
#6045=ORIENTED_EDGE('',*,*,#4198,.T.);
#6046=ORIENTED_EDGE('',*,*,#4209,.F.);
#6047=ORIENTED_EDGE('',*,*,#4214,.T.);
#6048=ORIENTED_EDGE('',*,*,#4212,.T.);
#6049=ORIENTED_EDGE('',*,*,#4211,.F.);
#6050=ORIENTED_EDGE('',*,*,#4213,.F.);
#6051=ORIENTED_EDGE('',*,*,#4214,.F.);
#6052=ORIENTED_EDGE('',*,*,#4208,.F.);
#6053=ORIENTED_EDGE('',*,*,#4206,.F.);
#6054=ORIENTED_EDGE('',*,*,#4199,.F.);
#6055=ORIENTED_EDGE('',*,*,#4202,.F.);
#6056=ORIENTED_EDGE('',*,*,#4204,.F.);
#6057=PLANE('',#6510);
#6058=PLANE('',#6511);
#6059=PLANE('',#6512);
#6060=PLANE('',#6513);
#6061=PLANE('',#6514);
#6062=PLANE('',#6670);
#6063=PLANE('',#6841);
#6064=PLANE('',#6842);
#6065=PLANE('',#6849);
#6066=PLANE('',#6850);
#6067=PLANE('',#6858);
#6068=PLANE('',#6859);
#6069=PLANE('',#6866);
#6070=PLANE('',#6867);
#6071=PLANE('',#6879);
#6072=PLANE('',#6880);
#6073=PLANE('',#6887);
#6074=PLANE('',#6888);
#6075=PLANE('',#6895);
#6076=PLANE('',#6896);
#6077=PLANE('',#6903);
#6078=PLANE('',#6904);
#6079=PLANE('',#6911);
#6080=PLANE('',#6912);
#6081=PLANE('',#6919);
#6082=PLANE('',#6920);
#6083=PLANE('',#6927);
#6084=PLANE('',#6928);
#6085=PLANE('',#6935);
#6086=PLANE('',#6936);
#6087=PLANE('',#6943);
#6088=PLANE('',#6944);
#6089=PLANE('',#6951);
#6090=PLANE('',#6952);
#6091=PLANE('',#7002);
#6092=PLANE('',#7004);
#6093=PLANE('',#7010);
#6094=PLANE('',#7012);
#6095=PLANE('',#7013);
#6096=PLANE('',#7014);
#6097=PLANE('',#7015);
#6098=PLANE('',#7016);
#6099=PLANE('',#7017);
#6100=PLANE('',#7021);
#6101=PLANE('',#7022);
#6102=PLANE('',#7034);
#6103=PLANE('',#7037);
#6104=PLANE('',#7038);
#6105=PLANE('',#7039);
#6106=PLANE('',#7040);
#6107=PLANE('',#7049);
#6108=PLANE('',#7050);
#6109=PLANE('',#7051);
#6110=PLANE('',#7052);
#6111=PLANE('',#7053);
#6112=PLANE('',#7054);
#6113=PLANE('',#7055);
#6114=PLANE('',#7056);
#6115=PLANE('',#7057);
#6116=PLANE('',#7058);
#6117=PLANE('',#7059);
#6118=PLANE('',#7060);
#6119=PLANE('',#7061);
#6120=PLANE('',#7062);
#6121=PLANE('',#7063);
#6122=PLANE('',#7064);
#6123=PLANE('',#7129);
#6124=PLANE('',#7130);
#6125=PLANE('',#7131);
#6126=PLANE('',#7164);
#6127=PLANE('',#7166);
#6128=PLANE('',#7168);
#6129=PLANE('',#7170);
#6130=PLANE('',#7172);
#6131=PLANE('',#7174);
#6132=PLANE('',#7176);
#6133=PLANE('',#7178);
#6134=PLANE('',#7181);
#6135=PLANE('',#7182);
#6136=PLANE('',#7185);
#6137=PLANE('',#7187);
#6138=PLANE('',#7189);
#6139=PLANE('',#7191);
#6140=PLANE('',#7193);
#6141=PLANE('',#7195);
#6142=PLANE('',#7197);
#6143=PLANE('',#7199);
#6144=PLANE('',#7201);
#6145=PLANE('',#7203);
#6146=PLANE('',#7205);
#6147=PLANE('',#7207);
#6148=PLANE('',#7209);
#6149=PLANE('',#7210);
#6150=PLANE('',#7211);
#6151=PLANE('',#7213);
#6152=PLANE('',#7215);
#6153=PLANE('',#7217);
#6154=PLANE('',#7219);
#6155=PLANE('',#7221);
#6156=PLANE('',#7223);
#6157=PLANE('',#7225);
#6158=PLANE('',#7228);
#6159=PLANE('',#7229);
#6160=PLANE('',#7230);
#6161=PLANE('',#7231);
#6162=PLANE('',#7232);
#6163=PLANE('',#7233);
#6164=PLANE('',#7234);
#6165=PLANE('',#7235);
#6166=PLANE('',#7236);
#6167=PLANE('',#7237);
#6168=PLANE('',#7238);
#6169=PLANE('',#7239);
#6170=PLANE('',#7240);
#6171=ADVANCED_FACE('',(#832),#6057,.T.);
#6172=ADVANCED_FACE('',(#833),#6058,.T.);
#6173=ADVANCED_FACE('',(#834),#6059,.T.);
#6174=ADVANCED_FACE('',(#835),#6060,.T.);
#6175=ADVANCED_FACE('',(#836,#234,#235,#236,#237,#238,#239,#240,#241,#242,
#243,#244,#245,#246,#247,#248,#249,#250,#251,#252,#253,#254,#255,#256,#257,
#258,#259,#260,#261,#262,#263,#264,#265,#266,#267,#268,#269,#270,#271,#272,
#273,#274,#275,#276,#277,#278,#279,#280,#281,#282,#283,#284,#285,#286,#287,
#288,#289,#290,#291,#292,#293,#294,#295,#296,#297,#298,#299,#300,#301,#302,
#303,#304,#305,#306,#307,#308,#309),#6061,.F.);
#6176=ADVANCED_FACE('',(#837,#310,#311,#312,#313,#314,#315,#316,#317,#318,
#319,#320,#321,#322,#323,#324,#325,#326,#327,#328,#329,#330,#331,#332,#333,
#334,#335,#336,#337,#338,#339,#340,#341,#342,#343,#344,#345,#346,#347,#348,
#349,#350,#351,#352,#353,#354,#355,#356,#357,#358,#359,#360,#361,#362,#363,
#364,#365,#366,#367,#368,#369,#370,#371,#372,#373,#374,#375,#376,#377,#378,
#379,#380,#381,#382,#383,#384,#385),#6062,.T.);
#6177=ADVANCED_FACE('',(#838),#31,.F.);
#6178=ADVANCED_FACE('',(#839),#32,.F.);
#6179=ADVANCED_FACE('',(#840),#33,.F.);
#6180=ADVANCED_FACE('',(#841),#34,.F.);
#6181=ADVANCED_FACE('',(#842),#35,.F.);
#6182=ADVANCED_FACE('',(#843),#36,.F.);
#6183=ADVANCED_FACE('',(#844),#37,.F.);
#6184=ADVANCED_FACE('',(#845),#38,.F.);
#6185=ADVANCED_FACE('',(#846),#39,.F.);
#6186=ADVANCED_FACE('',(#847),#40,.F.);
#6187=ADVANCED_FACE('',(#848),#41,.F.);
#6188=ADVANCED_FACE('',(#849),#42,.F.);
#6189=ADVANCED_FACE('',(#850),#43,.F.);
#6190=ADVANCED_FACE('',(#851),#44,.T.);
#6191=ADVANCED_FACE('',(#852),#45,.T.);
#6192=ADVANCED_FACE('',(#853),#6063,.T.);
#6193=ADVANCED_FACE('',(#854),#6064,.T.);
#6194=ADVANCED_FACE('',(#855),#46,.T.);
#6195=ADVANCED_FACE('',(#856),#47,.T.);
#6196=ADVANCED_FACE('',(#857),#48,.F.);
#6197=ADVANCED_FACE('',(#858),#49,.F.);
#6198=ADVANCED_FACE('',(#859),#50,.T.);
#6199=ADVANCED_FACE('',(#860),#51,.T.);
#6200=ADVANCED_FACE('',(#861),#6065,.T.);
#6201=ADVANCED_FACE('',(#862),#6066,.T.);
#6202=ADVANCED_FACE('',(#863),#52,.T.);
#6203=ADVANCED_FACE('',(#864),#53,.T.);
#6204=ADVANCED_FACE('',(#865),#54,.F.);
#6205=ADVANCED_FACE('',(#866),#55,.F.);
#6206=ADVANCED_FACE('',(#867),#56,.F.);
#6207=ADVANCED_FACE('',(#868),#57,.T.);
#6208=ADVANCED_FACE('',(#869),#58,.T.);
#6209=ADVANCED_FACE('',(#870),#6067,.T.);
#6210=ADVANCED_FACE('',(#871),#6068,.T.);
#6211=ADVANCED_FACE('',(#872),#59,.T.);
#6212=ADVANCED_FACE('',(#873),#60,.T.);
#6213=ADVANCED_FACE('',(#874),#61,.F.);
#6214=ADVANCED_FACE('',(#875),#62,.F.);
#6215=ADVANCED_FACE('',(#876),#63,.T.);
#6216=ADVANCED_FACE('',(#877),#64,.T.);
#6217=ADVANCED_FACE('',(#878),#6069,.T.);
#6218=ADVANCED_FACE('',(#879),#6070,.T.);
#6219=ADVANCED_FACE('',(#880),#65,.T.);
#6220=ADVANCED_FACE('',(#881),#66,.T.);
#6221=ADVANCED_FACE('',(#882),#67,.F.);
#6222=ADVANCED_FACE('',(#883),#68,.F.);
#6223=ADVANCED_FACE('',(#884),#69,.F.);
#6224=ADVANCED_FACE('',(#885),#70,.F.);
#6225=ADVANCED_FACE('',(#886),#71,.F.);
#6226=ADVANCED_FACE('',(#887),#72,.F.);
#6227=ADVANCED_FACE('',(#888),#73,.F.);
#6228=ADVANCED_FACE('',(#889),#74,.T.);
#6229=ADVANCED_FACE('',(#890),#75,.T.);
#6230=ADVANCED_FACE('',(#891),#6071,.T.);
#6231=ADVANCED_FACE('',(#892),#6072,.T.);
#6232=ADVANCED_FACE('',(#893),#76,.T.);
#6233=ADVANCED_FACE('',(#894),#77,.T.);
#6234=ADVANCED_FACE('',(#895),#78,.F.);
#6235=ADVANCED_FACE('',(#896),#79,.F.);
#6236=ADVANCED_FACE('',(#897),#80,.T.);
#6237=ADVANCED_FACE('',(#898),#81,.T.);
#6238=ADVANCED_FACE('',(#899),#6073,.T.);
#6239=ADVANCED_FACE('',(#900),#6074,.T.);
#6240=ADVANCED_FACE('',(#901),#82,.T.);
#6241=ADVANCED_FACE('',(#902),#83,.T.);
#6242=ADVANCED_FACE('',(#903),#84,.F.);
#6243=ADVANCED_FACE('',(#904),#85,.F.);
#6244=ADVANCED_FACE('',(#905),#86,.T.);
#6245=ADVANCED_FACE('',(#906),#87,.T.);
#6246=ADVANCED_FACE('',(#907),#6075,.T.);
#6247=ADVANCED_FACE('',(#908),#6076,.T.);
#6248=ADVANCED_FACE('',(#909),#88,.T.);
#6249=ADVANCED_FACE('',(#910),#89,.T.);
#6250=ADVANCED_FACE('',(#911),#90,.F.);
#6251=ADVANCED_FACE('',(#912),#91,.F.);
#6252=ADVANCED_FACE('',(#913),#92,.T.);
#6253=ADVANCED_FACE('',(#914),#93,.T.);
#6254=ADVANCED_FACE('',(#915),#6077,.T.);
#6255=ADVANCED_FACE('',(#916),#6078,.T.);
#6256=ADVANCED_FACE('',(#917),#94,.T.);
#6257=ADVANCED_FACE('',(#918),#95,.T.);
#6258=ADVANCED_FACE('',(#919),#96,.F.);
#6259=ADVANCED_FACE('',(#920),#97,.F.);
#6260=ADVANCED_FACE('',(#921),#98,.T.);
#6261=ADVANCED_FACE('',(#922),#99,.T.);
#6262=ADVANCED_FACE('',(#923),#6079,.T.);
#6263=ADVANCED_FACE('',(#924),#6080,.T.);
#6264=ADVANCED_FACE('',(#925),#100,.T.);
#6265=ADVANCED_FACE('',(#926),#101,.T.);
#6266=ADVANCED_FACE('',(#927),#102,.F.);
#6267=ADVANCED_FACE('',(#928),#103,.F.);
#6268=ADVANCED_FACE('',(#929),#104,.T.);
#6269=ADVANCED_FACE('',(#930),#105,.T.);
#6270=ADVANCED_FACE('',(#931),#6081,.T.);
#6271=ADVANCED_FACE('',(#932),#6082,.T.);
#6272=ADVANCED_FACE('',(#933),#106,.T.);
#6273=ADVANCED_FACE('',(#934),#107,.T.);
#6274=ADVANCED_FACE('',(#935),#108,.F.);
#6275=ADVANCED_FACE('',(#936),#109,.F.);
#6276=ADVANCED_FACE('',(#937),#110,.T.);
#6277=ADVANCED_FACE('',(#938),#111,.T.);
#6278=ADVANCED_FACE('',(#939),#6083,.T.);
#6279=ADVANCED_FACE('',(#940),#6084,.T.);
#6280=ADVANCED_FACE('',(#941),#112,.T.);
#6281=ADVANCED_FACE('',(#942),#113,.T.);
#6282=ADVANCED_FACE('',(#943),#114,.F.);
#6283=ADVANCED_FACE('',(#944),#115,.F.);
#6284=ADVANCED_FACE('',(#945),#116,.T.);
#6285=ADVANCED_FACE('',(#946),#117,.T.);
#6286=ADVANCED_FACE('',(#947),#6085,.T.);
#6287=ADVANCED_FACE('',(#948),#6086,.T.);
#6288=ADVANCED_FACE('',(#949),#118,.T.);
#6289=ADVANCED_FACE('',(#950),#119,.T.);
#6290=ADVANCED_FACE('',(#951),#120,.F.);
#6291=ADVANCED_FACE('',(#952),#121,.F.);
#6292=ADVANCED_FACE('',(#953),#122,.T.);
#6293=ADVANCED_FACE('',(#954),#123,.T.);
#6294=ADVANCED_FACE('',(#955),#6087,.T.);
#6295=ADVANCED_FACE('',(#956),#6088,.T.);
#6296=ADVANCED_FACE('',(#957),#124,.T.);
#6297=ADVANCED_FACE('',(#958),#125,.T.);
#6298=ADVANCED_FACE('',(#959),#126,.F.);
#6299=ADVANCED_FACE('',(#960),#127,.F.);
#6300=ADVANCED_FACE('',(#961),#128,.T.);
#6301=ADVANCED_FACE('',(#962),#129,.T.);
#6302=ADVANCED_FACE('',(#963),#6089,.T.);
#6303=ADVANCED_FACE('',(#964),#6090,.T.);
#6304=ADVANCED_FACE('',(#965),#130,.T.);
#6305=ADVANCED_FACE('',(#966),#131,.T.);
#6306=ADVANCED_FACE('',(#967),#132,.F.);
#6307=ADVANCED_FACE('',(#968),#133,.F.);
#6308=ADVANCED_FACE('',(#969),#134,.F.);
#6309=ADVANCED_FACE('',(#970),#135,.F.);
#6310=ADVANCED_FACE('',(#971),#136,.F.);
#6311=ADVANCED_FACE('',(#972),#137,.F.);
#6312=ADVANCED_FACE('',(#973),#138,.F.);
#6313=ADVANCED_FACE('',(#974),#139,.F.);
#6314=ADVANCED_FACE('',(#975),#140,.F.);
#6315=ADVANCED_FACE('',(#976),#141,.F.);
#6316=ADVANCED_FACE('',(#977),#142,.F.);
#6317=ADVANCED_FACE('',(#978),#143,.F.);
#6318=ADVANCED_FACE('',(#979),#144,.F.);
#6319=ADVANCED_FACE('',(#980),#145,.F.);
#6320=ADVANCED_FACE('',(#981),#146,.F.);
#6321=ADVANCED_FACE('',(#982),#147,.F.);
#6322=ADVANCED_FACE('',(#983),#148,.F.);
#6323=ADVANCED_FACE('',(#984),#149,.F.);
#6324=ADVANCED_FACE('',(#985),#150,.F.);
#6325=ADVANCED_FACE('',(#986),#151,.F.);
#6326=ADVANCED_FACE('',(#987),#152,.F.);
#6327=ADVANCED_FACE('',(#988),#153,.F.);
#6328=ADVANCED_FACE('',(#989),#154,.F.);
#6329=ADVANCED_FACE('',(#990),#155,.F.);
#6330=ADVANCED_FACE('',(#991),#156,.F.);
#6331=ADVANCED_FACE('',(#992),#157,.F.);
#6332=ADVANCED_FACE('',(#993),#158,.F.);
#6333=ADVANCED_FACE('',(#994),#159,.F.);
#6334=ADVANCED_FACE('',(#995),#160,.F.);
#6335=ADVANCED_FACE('',(#996),#161,.F.);
#6336=ADVANCED_FACE('',(#997),#162,.F.);
#6337=ADVANCED_FACE('',(#998),#163,.F.);
#6338=ADVANCED_FACE('',(#999),#164,.F.);
#6339=ADVANCED_FACE('',(#1000),#165,.F.);
#6340=ADVANCED_FACE('',(#1001),#166,.F.);
#6341=ADVANCED_FACE('',(#1002),#167,.F.);
#6342=ADVANCED_FACE('',(#1003),#168,.F.);
#6343=ADVANCED_FACE('',(#1004),#169,.F.);
#6344=ADVANCED_FACE('',(#1005),#170,.F.);
#6345=ADVANCED_FACE('',(#1006),#171,.F.);
#6346=ADVANCED_FACE('',(#1007),#172,.F.);
#6347=ADVANCED_FACE('',(#1008),#173,.F.);
#6348=ADVANCED_FACE('',(#1009),#174,.F.);
#6349=ADVANCED_FACE('',(#1010),#175,.F.);
#6350=ADVANCED_FACE('',(#1011),#176,.F.);
#6351=ADVANCED_FACE('',(#1012),#177,.F.);
#6352=ADVANCED_FACE('',(#1013),#178,.F.);
#6353=ADVANCED_FACE('',(#1014),#6091,.T.);
#6354=ADVANCED_FACE('',(#1015),#179,.F.);
#6355=ADVANCED_FACE('',(#1016),#6092,.T.);
#6356=ADVANCED_FACE('',(#1017),#180,.F.);
#6357=ADVANCED_FACE('',(#1018),#181,.F.);
#6358=ADVANCED_FACE('',(#1019),#182,.F.);
#6359=ADVANCED_FACE('',(#1020),#183,.F.);
#6360=ADVANCED_FACE('',(#1021),#184,.F.);
#6361=ADVANCED_FACE('',(#1022),#6093,.T.);
#6362=ADVANCED_FACE('',(#1023),#185,.F.);
#6363=ADVANCED_FACE('',(#1024),#6094,.T.);
#6364=ADVANCED_FACE('',(#1025),#6095,.F.);
#6365=ADVANCED_FACE('',(#1026),#6096,.F.);
#6366=ADVANCED_FACE('',(#1027),#6097,.F.);
#6367=ADVANCED_FACE('',(#1028),#6098,.T.);
#6368=ADVANCED_FACE('',(#1029),#6099,.T.);
#6369=ADVANCED_FACE('',(#1030),#186,.T.);
#6370=ADVANCED_FACE('',(#1031),#6100,.T.);
#6371=ADVANCED_FACE('',(#1032,#386,#387,#388,#389),#6101,.T.);
#6372=ADVANCED_FACE('',(#1033),#187,.T.);
#6373=ADVANCED_FACE('',(#1034),#188,.T.);
#6374=ADVANCED_FACE('',(#1035),#6102,.T.);
#6375=ADVANCED_FACE('',(#1036),#189,.T.);
#6376=ADVANCED_FACE('',(#1037),#6103,.T.);
#6377=ADVANCED_FACE('',(#1038),#6104,.T.);
#6378=ADVANCED_FACE('',(#1039),#6105,.T.);
#6379=ADVANCED_FACE('',(#1040),#6106,.T.);
#6380=ADVANCED_FACE('',(#1041),#190,.F.);
#6381=ADVANCED_FACE('',(#1042),#191,.F.);
#6382=ADVANCED_FACE('',(#1043),#192,.F.);
#6383=ADVANCED_FACE('',(#1044),#193,.F.);
#6384=ADVANCED_FACE('',(#1045),#6107,.T.);
#6385=ADVANCED_FACE('',(#1046,#390,#391,#392,#393),#6108,.F.);
#6386=ADVANCED_FACE('',(#1047),#6109,.F.);
#6387=ADVANCED_FACE('',(#1048),#6110,.F.);
#6388=ADVANCED_FACE('',(#1049),#6111,.F.);
#6389=ADVANCED_FACE('',(#1050),#6112,.F.);
#6390=ADVANCED_FACE('',(#1051,#394),#6113,.F.);
#6391=ADVANCED_FACE('',(#1052),#6114,.T.);
#6392=ADVANCED_FACE('',(#1053),#6115,.T.);
#6393=ADVANCED_FACE('',(#1054),#6116,.T.);
#6394=ADVANCED_FACE('',(#1055),#6117,.T.);
#6395=ADVANCED_FACE('',(#1056),#6118,.T.);
#6396=ADVANCED_FACE('',(#1057),#6119,.T.);
#6397=ADVANCED_FACE('',(#1058),#6120,.T.);
#6398=ADVANCED_FACE('',(#1059),#6121,.T.);
#6399=ADVANCED_FACE('',(#1060,#395,#396,#397,#398,#399,#400,#401,#402,#403,
#404,#405,#406,#407),#6122,.T.);
#6400=ADVANCED_FACE('',(#1061),#15,.T.);
#6401=ADVANCED_FACE('',(#1062),#194,.T.);
#6402=ADVANCED_FACE('',(#1063),#16,.T.);
#6403=ADVANCED_FACE('',(#1064),#195,.T.);
#6404=ADVANCED_FACE('',(#1065),#196,.T.);
#6405=ADVANCED_FACE('',(#1066),#17,.T.);
#6406=ADVANCED_FACE('',(#1067),#197,.T.);
#6407=ADVANCED_FACE('',(#1068),#18,.T.);
#6408=ADVANCED_FACE('',(#1069),#198,.T.);
#6409=ADVANCED_FACE('',(#1070),#199,.T.);
#6410=ADVANCED_FACE('',(#1071),#200,.T.);
#6411=ADVANCED_FACE('',(#1072),#201,.T.);
#6412=ADVANCED_FACE('',(#1073),#6123,.T.);
#6413=ADVANCED_FACE('',(#1074),#6124,.T.);
#6414=ADVANCED_FACE('',(#1075,#408,#409,#410,#411,#412,#413,#414,#415,#416,
#417,#418,#419,#420),#6125,.F.);
#6415=ADVANCED_FACE('',(#1076),#6126,.T.);
#6416=ADVANCED_FACE('',(#1077),#202,.F.);
#6417=ADVANCED_FACE('',(#1078),#6127,.T.);
#6418=ADVANCED_FACE('',(#1079),#203,.F.);
#6419=ADVANCED_FACE('',(#1080),#6128,.T.);
#6420=ADVANCED_FACE('',(#1081),#204,.F.);
#6421=ADVANCED_FACE('',(#1082),#6129,.T.);
#6422=ADVANCED_FACE('',(#1083),#205,.F.);
#6423=ADVANCED_FACE('',(#1084),#6130,.T.);
#6424=ADVANCED_FACE('',(#1085),#206,.F.);
#6425=ADVANCED_FACE('',(#1086),#6131,.T.);
#6426=ADVANCED_FACE('',(#1087),#207,.F.);
#6427=ADVANCED_FACE('',(#1088),#6132,.T.);
#6428=ADVANCED_FACE('',(#1089),#208,.F.);
#6429=ADVANCED_FACE('',(#1090),#6133,.T.);
#6430=ADVANCED_FACE('',(#1091),#209,.F.);
#6431=ADVANCED_FACE('',(#1092),#210,.F.);
#6432=ADVANCED_FACE('',(#1093),#6134,.T.);
#6433=ADVANCED_FACE('',(#1094),#6135,.T.);
#6434=ADVANCED_FACE('',(#1095),#211,.F.);
#6435=ADVANCED_FACE('',(#1096),#212,.F.);
#6436=ADVANCED_FACE('',(#1097),#6136,.T.);
#6437=ADVANCED_FACE('',(#1098),#213,.F.);
#6438=ADVANCED_FACE('',(#1099),#6137,.T.);
#6439=ADVANCED_FACE('',(#1100),#214,.F.);
#6440=ADVANCED_FACE('',(#1101),#6138,.T.);
#6441=ADVANCED_FACE('',(#1102),#215,.F.);
#6442=ADVANCED_FACE('',(#1103),#6139,.T.);
#6443=ADVANCED_FACE('',(#1104),#216,.F.);
#6444=ADVANCED_FACE('',(#1105),#6140,.T.);
#6445=ADVANCED_FACE('',(#1106),#217,.F.);
#6446=ADVANCED_FACE('',(#1107),#6141,.T.);
#6447=ADVANCED_FACE('',(#1108),#218,.F.);
#6448=ADVANCED_FACE('',(#1109),#6142,.T.);
#6449=ADVANCED_FACE('',(#1110),#219,.F.);
#6450=ADVANCED_FACE('',(#1111),#6143,.T.);
#6451=ADVANCED_FACE('',(#1112),#220,.F.);
#6452=ADVANCED_FACE('',(#1113),#6144,.T.);
#6453=ADVANCED_FACE('',(#1114),#221,.F.);
#6454=ADVANCED_FACE('',(#1115),#6145,.T.);
#6455=ADVANCED_FACE('',(#1116),#222,.F.);
#6456=ADVANCED_FACE('',(#1117),#6146,.T.);
#6457=ADVANCED_FACE('',(#1118),#223,.F.);
#6458=ADVANCED_FACE('',(#1119),#6147,.T.);
#6459=ADVANCED_FACE('',(#1120),#224,.F.);
#6460=ADVANCED_FACE('',(#1121),#6148,.T.);
#6461=ADVANCED_FACE('',(#1122),#6149,.T.);
#6462=ADVANCED_FACE('',(#1123),#6150,.T.);
#6463=ADVANCED_FACE('',(#1124),#225,.F.);
#6464=ADVANCED_FACE('',(#1125),#6151,.T.);
#6465=ADVANCED_FACE('',(#1126),#226,.F.);
#6466=ADVANCED_FACE('',(#1127),#6152,.T.);
#6467=ADVANCED_FACE('',(#1128),#227,.F.);
#6468=ADVANCED_FACE('',(#1129),#6153,.T.);
#6469=ADVANCED_FACE('',(#1130),#228,.F.);
#6470=ADVANCED_FACE('',(#1131),#6154,.T.);
#6471=ADVANCED_FACE('',(#1132),#229,.F.);
#6472=ADVANCED_FACE('',(#1133),#6155,.T.);
#6473=ADVANCED_FACE('',(#1134),#230,.F.);
#6474=ADVANCED_FACE('',(#1135),#6156,.T.);
#6475=ADVANCED_FACE('',(#1136),#231,.F.);
#6476=ADVANCED_FACE('',(#1137),#6157,.T.);
#6477=ADVANCED_FACE('',(#1138),#232,.F.);
#6478=ADVANCED_FACE('',(#1139),#233,.F.);
#6479=ADVANCED_FACE('',(#1140),#6158,.T.);
#6480=ADVANCED_FACE('',(#1141),#6159,.T.);
#6481=ADVANCED_FACE('',(#1142,#421),#6160,.T.);
#6482=ADVANCED_FACE('',(#1143),#6161,.T.);
#6483=ADVANCED_FACE('',(#1144),#6162,.T.);
#6484=ADVANCED_FACE('',(#1145),#6163,.T.);
#6485=ADVANCED_FACE('',(#1146),#6164,.T.);
#6486=ADVANCED_FACE('',(#1147),#6165,.T.);
#6487=ADVANCED_FACE('',(#1148),#6166,.T.);
#6488=ADVANCED_FACE('',(#1149),#6167,.T.);
#6489=ADVANCED_FACE('',(#1150),#6168,.T.);
#6490=ADVANCED_FACE('',(#1151),#6169,.T.);
#6491=ADVANCED_FACE('',(#1152),#6170,.T.);
#6492=CLOSED_SHELL('',(#6171,#6172,#6173,#6174,#6175,#6176,#6177,#6178,
#6179,#6180,#6181,#6182,#6183,#6184,#6185,#6186,#6187,#6188,#6189,#6190,
#6191,#6192,#6193,#6194,#6195,#6196,#6197,#6198,#6199,#6200,#6201,#6202,
#6203,#6204,#6205,#6206,#6207,#6208,#6209,#6210,#6211,#6212,#6213,#6214,
#6215,#6216,#6217,#6218,#6219,#6220,#6221,#6222,#6223,#6224,#6225,#6226,
#6227,#6228,#6229,#6230,#6231,#6232,#6233,#6234,#6235,#6236,#6237,#6238,
#6239,#6240,#6241,#6242,#6243,#6244,#6245,#6246,#6247,#6248,#6249,#6250,
#6251,#6252,#6253,#6254,#6255,#6256,#6257,#6258,#6259,#6260,#6261,#6262,
#6263,#6264,#6265,#6266,#6267,#6268,#6269,#6270,#6271,#6272,#6273,#6274,
#6275,#6276,#6277,#6278,#6279,#6280,#6281,#6282,#6283,#6284,#6285,#6286,
#6287,#6288,#6289,#6290,#6291,#6292,#6293,#6294,#6295,#6296,#6297,#6298,
#6299,#6300,#6301,#6302,#6303,#6304,#6305,#6306,#6307,#6308,#6309,#6310,
#6311,#6312,#6313,#6314,#6315,#6316,#6317,#6318,#6319,#6320,#6321,#6322,
#6323,#6324,#6325,#6326,#6327,#6328,#6329,#6330,#6331,#6332,#6333,#6334,
#6335,#6336,#6337,#6338,#6339,#6340,#6341,#6342,#6343,#6344,#6345,#6346,
#6347,#6348,#6349,#6350,#6351,#6352,#6353,#6354,#6355,#6356,#6357,#6358,
#6359,#6360,#6361,#6362,#6363));
#6493=CLOSED_SHELL('',(#6364,#6365,#6366,#6367,#6368,#6369,#6370,#6371,
#6372,#6373,#6374,#6375,#6376,#6377,#6378,#6379,#6380,#6381,#6382,#6383,
#6384,#6385));
#6494=CLOSED_SHELL('',(#6386,#6387,#6388,#6389,#6390,#6391,#6392,#6393,
#6394,#6395,#6396,#6397,#6398,#6399,#6400,#6401,#6402,#6403,#6404,#6405,
#6406,#6407,#6408,#6409,#6410,#6411,#6412,#6413,#6414,#6415,#6416,#6417,
#6418,#6419,#6420,#6421,#6422,#6423,#6424,#6425,#6426,#6427,#6428,#6429,
#6430,#6431,#6432,#6433,#6434,#6435,#6436,#6437,#6438,#6439,#6440,#6441,
#6442,#6443,#6444,#6445,#6446,#6447,#6448,#6449,#6450,#6451,#6452,#6453,
#6454,#6455,#6456,#6457,#6458,#6459,#6460,#6461,#6462,#6463,#6464,#6465,
#6466,#6467,#6468,#6469,#6470,#6471,#6472,#6473,#6474,#6475,#6476,#6477,
#6478,#6479,#6480));
#6495=CLOSED_SHELL('',(#6481,#6482,#6483,#6484,#6485,#6486,#6487,#6488,
#6489,#6490,#6491));
#6496=DERIVED_UNIT_ELEMENT(#6498,1.);
#6497=DERIVED_UNIT_ELEMENT(#11083,-3.);
#6498=(
MASS_UNIT()
NAMED_UNIT(*)
SI_UNIT(.KILO.,.GRAM.)
);
#6499=DERIVED_UNIT((#6496,#6497));
#6500=MEASURE_REPRESENTATION_ITEM('density measure',
POSITIVE_RATIO_MEASURE(7850.),#6499);
#6501=PROPERTY_DEFINITION_REPRESENTATION(#6506,#6503);
#6502=PROPERTY_DEFINITION_REPRESENTATION(#6507,#6504);
#6503=REPRESENTATION('material name',(#6505),#11080);
#6504=REPRESENTATION('density',(#6500),#11080);
#6505=DESCRIPTIVE_REPRESENTATION_ITEM('Steel','Steel');
#6506=PROPERTY_DEFINITION('material property','material name',#11095);
#6507=PROPERTY_DEFINITION('material property','density of part',#11095);
#6508=AXIS2_PLACEMENT_3D('',#9221,#7242,#7243);
#6509=AXIS2_PLACEMENT_3D('',#9222,#7244,#7245);
#6510=AXIS2_PLACEMENT_3D('',#9223,#7246,#7247);
#6511=AXIS2_PLACEMENT_3D('',#9232,#7252,#7253);
#6512=AXIS2_PLACEMENT_3D('',#9238,#7257,#7258);
#6513=AXIS2_PLACEMENT_3D('',#9244,#7262,#7263);
#6514=AXIS2_PLACEMENT_3D('',#9247,#7266,#7267);
#6515=AXIS2_PLACEMENT_3D('',#9249,#7268,#7269);
#6516=AXIS2_PLACEMENT_3D('',#9251,#7270,#7271);
#6517=AXIS2_PLACEMENT_3D('',#9253,#7272,#7273);
#6518=AXIS2_PLACEMENT_3D('',#9255,#7274,#7275);
#6519=AXIS2_PLACEMENT_3D('',#9257,#7276,#7277);
#6520=AXIS2_PLACEMENT_3D('',#9259,#7278,#7279);
#6521=AXIS2_PLACEMENT_3D('',#9261,#7280,#7281);
#6522=AXIS2_PLACEMENT_3D('',#9263,#7282,#7283);
#6523=AXIS2_PLACEMENT_3D('',#9265,#7284,#7285);
#6524=AXIS2_PLACEMENT_3D('',#9267,#7286,#7287);
#6525=AXIS2_PLACEMENT_3D('',#9269,#7288,#7289);
#6526=AXIS2_PLACEMENT_3D('',#9271,#7290,#7291);
#6527=AXIS2_PLACEMENT_3D('',#9274,#7292,#7293);
#6528=AXIS2_PLACEMENT_3D('',#9276,#7294,#7295);
#6529=AXIS2_PLACEMENT_3D('',#9280,#7297,#7298);
#6530=AXIS2_PLACEMENT_3D('',#9282,#7299,#7300);
#6531=AXIS2_PLACEMENT_3D('',#9284,#7301,#7302);
#6532=AXIS2_PLACEMENT_3D('',#9288,#7304,#7305);
#6533=AXIS2_PLACEMENT_3D('',#9290,#7306,#7307);
#6534=AXIS2_PLACEMENT_3D('',#9292,#7308,#7309);
#6535=AXIS2_PLACEMENT_3D('',#9296,#7311,#7312);
#6536=AXIS2_PLACEMENT_3D('',#9298,#7313,#7314);
#6537=AXIS2_PLACEMENT_3D('',#9300,#7315,#7316);
#6538=AXIS2_PLACEMENT_3D('',#9303,#7318,#7319);
#6539=AXIS2_PLACEMENT_3D('',#9305,#7320,#7321);
#6540=AXIS2_PLACEMENT_3D('',#9308,#7322,#7323);
#6541=AXIS2_PLACEMENT_3D('',#9310,#7324,#7325);
#6542=AXIS2_PLACEMENT_3D('',#9314,#7327,#7328);
#6543=AXIS2_PLACEMENT_3D('',#9316,#7329,#7330);
#6544=AXIS2_PLACEMENT_3D('',#9318,#7331,#7332);
#6545=AXIS2_PLACEMENT_3D('',#9322,#7334,#7335);
#6546=AXIS2_PLACEMENT_3D('',#9324,#7336,#7337);
#6547=AXIS2_PLACEMENT_3D('',#9326,#7338,#7339);
#6548=AXIS2_PLACEMENT_3D('',#9330,#7341,#7342);
#6549=AXIS2_PLACEMENT_3D('',#9332,#7343,#7344);
#6550=AXIS2_PLACEMENT_3D('',#9334,#7345,#7346);
#6551=AXIS2_PLACEMENT_3D('',#9337,#7348,#7349);
#6552=AXIS2_PLACEMENT_3D('',#9339,#7350,#7351);
#6553=AXIS2_PLACEMENT_3D('',#9341,#7352,#7353);
#6554=AXIS2_PLACEMENT_3D('',#9343,#7354,#7355);
#6555=AXIS2_PLACEMENT_3D('',#9345,#7356,#7357);
#6556=AXIS2_PLACEMENT_3D('',#9347,#7358,#7359);
#6557=AXIS2_PLACEMENT_3D('',#9350,#7360,#7361);
#6558=AXIS2_PLACEMENT_3D('',#9352,#7362,#7363);
#6559=AXIS2_PLACEMENT_3D('',#9356,#7365,#7366);
#6560=AXIS2_PLACEMENT_3D('',#9358,#7367,#7368);
#6561=AXIS2_PLACEMENT_3D('',#9360,#7369,#7370);
#6562=AXIS2_PLACEMENT_3D('',#9364,#7372,#7373);
#6563=AXIS2_PLACEMENT_3D('',#9366,#7374,#7375);
#6564=AXIS2_PLACEMENT_3D('',#9368,#7376,#7377);
#6565=AXIS2_PLACEMENT_3D('',#9372,#7379,#7380);
#6566=AXIS2_PLACEMENT_3D('',#9374,#7381,#7382);
#6567=AXIS2_PLACEMENT_3D('',#9376,#7383,#7384);
#6568=AXIS2_PLACEMENT_3D('',#9379,#7386,#7387);
#6569=AXIS2_PLACEMENT_3D('',#9382,#7388,#7389);
#6570=AXIS2_PLACEMENT_3D('',#9384,#7390,#7391);
#6571=AXIS2_PLACEMENT_3D('',#9388,#7393,#7394);
#6572=AXIS2_PLACEMENT_3D('',#9390,#7395,#7396);
#6573=AXIS2_PLACEMENT_3D('',#9392,#7397,#7398);
#6574=AXIS2_PLACEMENT_3D('',#9396,#7400,#7401);
#6575=AXIS2_PLACEMENT_3D('',#9398,#7402,#7403);
#6576=AXIS2_PLACEMENT_3D('',#9400,#7404,#7405);
#6577=AXIS2_PLACEMENT_3D('',#9404,#7407,#7408);
#6578=AXIS2_PLACEMENT_3D('',#9406,#7409,#7410);
#6579=AXIS2_PLACEMENT_3D('',#9408,#7411,#7412);
#6580=AXIS2_PLACEMENT_3D('',#9411,#7414,#7415);
#6581=AXIS2_PLACEMENT_3D('',#9414,#7416,#7417);
#6582=AXIS2_PLACEMENT_3D('',#9416,#7418,#7419);
#6583=AXIS2_PLACEMENT_3D('',#9420,#7421,#7422);
#6584=AXIS2_PLACEMENT_3D('',#9422,#7423,#7424);
#6585=AXIS2_PLACEMENT_3D('',#9424,#7425,#7426);
#6586=AXIS2_PLACEMENT_3D('',#9428,#7428,#7429);
#6587=AXIS2_PLACEMENT_3D('',#9430,#7430,#7431);
#6588=AXIS2_PLACEMENT_3D('',#9432,#7432,#7433);
#6589=AXIS2_PLACEMENT_3D('',#9436,#7435,#7436);
#6590=AXIS2_PLACEMENT_3D('',#9438,#7437,#7438);
#6591=AXIS2_PLACEMENT_3D('',#9440,#7439,#7440);
#6592=AXIS2_PLACEMENT_3D('',#9443,#7442,#7443);
#6593=AXIS2_PLACEMENT_3D('',#9446,#7444,#7445);
#6594=AXIS2_PLACEMENT_3D('',#9448,#7446,#7447);
#6595=AXIS2_PLACEMENT_3D('',#9452,#7449,#7450);
#6596=AXIS2_PLACEMENT_3D('',#9454,#7451,#7452);
#6597=AXIS2_PLACEMENT_3D('',#9456,#7453,#7454);
#6598=AXIS2_PLACEMENT_3D('',#9460,#7456,#7457);
#6599=AXIS2_PLACEMENT_3D('',#9462,#7458,#7459);
#6600=AXIS2_PLACEMENT_3D('',#9464,#7460,#7461);
#6601=AXIS2_PLACEMENT_3D('',#9468,#7463,#7464);
#6602=AXIS2_PLACEMENT_3D('',#9470,#7465,#7466);
#6603=AXIS2_PLACEMENT_3D('',#9472,#7467,#7468);
#6604=AXIS2_PLACEMENT_3D('',#9475,#7470,#7471);
#6605=AXIS2_PLACEMENT_3D('',#9478,#7472,#7473);
#6606=AXIS2_PLACEMENT_3D('',#9480,#7474,#7475);
#6607=AXIS2_PLACEMENT_3D('',#9484,#7477,#7478);
#6608=AXIS2_PLACEMENT_3D('',#9486,#7479,#7480);
#6609=AXIS2_PLACEMENT_3D('',#9488,#7481,#7482);
#6610=AXIS2_PLACEMENT_3D('',#9492,#7484,#7485);
#6611=AXIS2_PLACEMENT_3D('',#9494,#7486,#7487);
#6612=AXIS2_PLACEMENT_3D('',#9496,#7488,#7489);
#6613=AXIS2_PLACEMENT_3D('',#9500,#7491,#7492);
#6614=AXIS2_PLACEMENT_3D('',#9502,#7493,#7494);
#6615=AXIS2_PLACEMENT_3D('',#9504,#7495,#7496);
#6616=AXIS2_PLACEMENT_3D('',#9507,#7498,#7499);
#6617=AXIS2_PLACEMENT_3D('',#9509,#7500,#7501);
#6618=AXIS2_PLACEMENT_3D('',#9511,#7502,#7503);
#6619=AXIS2_PLACEMENT_3D('',#9513,#7504,#7505);
#6620=AXIS2_PLACEMENT_3D('',#9515,#7506,#7507);
#6621=AXIS2_PLACEMENT_3D('',#9517,#7508,#7509);
#6622=AXIS2_PLACEMENT_3D('',#9519,#7510,#7511);
#6623=AXIS2_PLACEMENT_3D('',#9521,#7512,#7513);
#6624=AXIS2_PLACEMENT_3D('',#9523,#7514,#7515);
#6625=AXIS2_PLACEMENT_3D('',#9525,#7516,#7517);
#6626=AXIS2_PLACEMENT_3D('',#9527,#7518,#7519);
#6627=AXIS2_PLACEMENT_3D('',#9529,#7520,#7521);
#6628=AXIS2_PLACEMENT_3D('',#9531,#7522,#7523);
#6629=AXIS2_PLACEMENT_3D('',#9533,#7524,#7525);
#6630=AXIS2_PLACEMENT_3D('',#9535,#7526,#7527);
#6631=AXIS2_PLACEMENT_3D('',#9537,#7528,#7529);
#6632=AXIS2_PLACEMENT_3D('',#9539,#7530,#7531);
#6633=AXIS2_PLACEMENT_3D('',#9541,#7532,#7533);
#6634=AXIS2_PLACEMENT_3D('',#9543,#7534,#7535);
#6635=AXIS2_PLACEMENT_3D('',#9545,#7536,#7537);
#6636=AXIS2_PLACEMENT_3D('',#9547,#7538,#7539);
#6637=AXIS2_PLACEMENT_3D('',#9549,#7540,#7541);
#6638=AXIS2_PLACEMENT_3D('',#9551,#7542,#7543);
#6639=AXIS2_PLACEMENT_3D('',#9553,#7544,#7545);
#6640=AXIS2_PLACEMENT_3D('',#9555,#7546,#7547);
#6641=AXIS2_PLACEMENT_3D('',#9557,#7548,#7549);
#6642=AXIS2_PLACEMENT_3D('',#9559,#7550,#7551);
#6643=AXIS2_PLACEMENT_3D('',#9561,#7552,#7553);
#6644=AXIS2_PLACEMENT_3D('',#9563,#7554,#7555);
#6645=AXIS2_PLACEMENT_3D('',#9565,#7556,#7557);
#6646=AXIS2_PLACEMENT_3D('',#9567,#7558,#7559);
#6647=AXIS2_PLACEMENT_3D('',#9569,#7560,#7561);
#6648=AXIS2_PLACEMENT_3D('',#9571,#7562,#7563);
#6649=AXIS2_PLACEMENT_3D('',#9573,#7564,#7565);
#6650=AXIS2_PLACEMENT_3D('',#9575,#7566,#7567);
#6651=AXIS2_PLACEMENT_3D('',#9577,#7568,#7569);
#6652=AXIS2_PLACEMENT_3D('',#9579,#7570,#7571);
#6653=AXIS2_PLACEMENT_3D('',#9581,#7572,#7573);
#6654=AXIS2_PLACEMENT_3D('',#9583,#7574,#7575);
#6655=AXIS2_PLACEMENT_3D('',#9585,#7576,#7577);
#6656=AXIS2_PLACEMENT_3D('',#9587,#7578,#7579);
#6657=AXIS2_PLACEMENT_3D('',#9589,#7580,#7581);
#6658=AXIS2_PLACEMENT_3D('',#9591,#7582,#7583);
#6659=AXIS2_PLACEMENT_3D('',#9593,#7584,#7585);
#6660=AXIS2_PLACEMENT_3D('',#9595,#7586,#7587);
#6661=AXIS2_PLACEMENT_3D('',#9597,#7588,#7589);
#6662=AXIS2_PLACEMENT_3D('',#9600,#7590,#7591);
#6663=AXIS2_PLACEMENT_3D('',#9604,#7593,#7594);
#6664=AXIS2_PLACEMENT_3D('',#9607,#7596,#7597);
#6665=AXIS2_PLACEMENT_3D('',#9609,#7598,#7599);
#6666=AXIS2_PLACEMENT_3D('',#9611,#7600,#7601);
#6667=AXIS2_PLACEMENT_3D('',#9613,#7602,#7603);
#6668=AXIS2_PLACEMENT_3D('',#9616,#7604,#7605);
#6669=AXIS2_PLACEMENT_3D('',#9620,#7607,#7608);
#6670=AXIS2_PLACEMENT_3D('',#9622,#7610,#7611);
#6671=AXIS2_PLACEMENT_3D('',#9624,#7612,#7613);
#6672=AXIS2_PLACEMENT_3D('',#9626,#7614,#7615);
#6673=AXIS2_PLACEMENT_3D('',#9628,#7616,#7617);
#6674=AXIS2_PLACEMENT_3D('',#9630,#7618,#7619);
#6675=AXIS2_PLACEMENT_3D('',#9632,#7620,#7621);
#6676=AXIS2_PLACEMENT_3D('',#9634,#7622,#7623);
#6677=AXIS2_PLACEMENT_3D('',#9636,#7624,#7625);
#6678=AXIS2_PLACEMENT_3D('',#9638,#7626,#7627);
#6679=AXIS2_PLACEMENT_3D('',#9640,#7628,#7629);
#6680=AXIS2_PLACEMENT_3D('',#9642,#7630,#7631);
#6681=AXIS2_PLACEMENT_3D('',#9644,#7632,#7633);
#6682=AXIS2_PLACEMENT_3D('',#9646,#7634,#7635);
#6683=AXIS2_PLACEMENT_3D('',#9649,#7636,#7637);
#6684=AXIS2_PLACEMENT_3D('',#9651,#7638,#7639);
#6685=AXIS2_PLACEMENT_3D('',#9655,#7641,#7642);
#6686=AXIS2_PLACEMENT_3D('',#9657,#7643,#7644);
#6687=AXIS2_PLACEMENT_3D('',#9659,#7645,#7646);
#6688=AXIS2_PLACEMENT_3D('',#9663,#7648,#7649);
#6689=AXIS2_PLACEMENT_3D('',#9665,#7650,#7651);
#6690=AXIS2_PLACEMENT_3D('',#9667,#7652,#7653);
#6691=AXIS2_PLACEMENT_3D('',#9671,#7655,#7656);
#6692=AXIS2_PLACEMENT_3D('',#9673,#7657,#7658);
#6693=AXIS2_PLACEMENT_3D('',#9675,#7659,#7660);
#6694=AXIS2_PLACEMENT_3D('',#9678,#7662,#7663);
#6695=AXIS2_PLACEMENT_3D('',#9680,#7664,#7665);
#6696=AXIS2_PLACEMENT_3D('',#9683,#7666,#7667);
#6697=AXIS2_PLACEMENT_3D('',#9685,#7668,#7669);
#6698=AXIS2_PLACEMENT_3D('',#9689,#7671,#7672);
#6699=AXIS2_PLACEMENT_3D('',#9691,#7673,#7674);
#6700=AXIS2_PLACEMENT_3D('',#9693,#7675,#7676);
#6701=AXIS2_PLACEMENT_3D('',#9697,#7678,#7679);
#6702=AXIS2_PLACEMENT_3D('',#9699,#7680,#7681);
#6703=AXIS2_PLACEMENT_3D('',#9701,#7682,#7683);
#6704=AXIS2_PLACEMENT_3D('',#9705,#7685,#7686);
#6705=AXIS2_PLACEMENT_3D('',#9707,#7687,#7688);
#6706=AXIS2_PLACEMENT_3D('',#9709,#7689,#7690);
#6707=AXIS2_PLACEMENT_3D('',#9712,#7692,#7693);
#6708=AXIS2_PLACEMENT_3D('',#9714,#7694,#7695);
#6709=AXIS2_PLACEMENT_3D('',#9716,#7696,#7697);
#6710=AXIS2_PLACEMENT_3D('',#9718,#7698,#7699);
#6711=AXIS2_PLACEMENT_3D('',#9720,#7700,#7701);
#6712=AXIS2_PLACEMENT_3D('',#9722,#7702,#7703);
#6713=AXIS2_PLACEMENT_3D('',#9725,#7704,#7705);
#6714=AXIS2_PLACEMENT_3D('',#9727,#7706,#7707);
#6715=AXIS2_PLACEMENT_3D('',#9731,#7709,#7710);
#6716=AXIS2_PLACEMENT_3D('',#9733,#7711,#7712);
#6717=AXIS2_PLACEMENT_3D('',#9735,#7713,#7714);
#6718=AXIS2_PLACEMENT_3D('',#9739,#7716,#7717);
#6719=AXIS2_PLACEMENT_3D('',#9741,#7718,#7719);
#6720=AXIS2_PLACEMENT_3D('',#9743,#7720,#7721);
#6721=AXIS2_PLACEMENT_3D('',#9747,#7723,#7724);
#6722=AXIS2_PLACEMENT_3D('',#9749,#7725,#7726);
#6723=AXIS2_PLACEMENT_3D('',#9751,#7727,#7728);
#6724=AXIS2_PLACEMENT_3D('',#9754,#7730,#7731);
#6725=AXIS2_PLACEMENT_3D('',#9757,#7732,#7733);
#6726=AXIS2_PLACEMENT_3D('',#9759,#7734,#7735);
#6727=AXIS2_PLACEMENT_3D('',#9763,#7737,#7738);
#6728=AXIS2_PLACEMENT_3D('',#9765,#7739,#7740);
#6729=AXIS2_PLACEMENT_3D('',#9767,#7741,#7742);
#6730=AXIS2_PLACEMENT_3D('',#9771,#7744,#7745);
#6731=AXIS2_PLACEMENT_3D('',#9773,#7746,#7747);
#6732=AXIS2_PLACEMENT_3D('',#9775,#7748,#7749);
#6733=AXIS2_PLACEMENT_3D('',#9779,#7751,#7752);
#6734=AXIS2_PLACEMENT_3D('',#9781,#7753,#7754);
#6735=AXIS2_PLACEMENT_3D('',#9783,#7755,#7756);
#6736=AXIS2_PLACEMENT_3D('',#9786,#7758,#7759);
#6737=AXIS2_PLACEMENT_3D('',#9789,#7760,#7761);
#6738=AXIS2_PLACEMENT_3D('',#9791,#7762,#7763);
#6739=AXIS2_PLACEMENT_3D('',#9795,#7765,#7766);
#6740=AXIS2_PLACEMENT_3D('',#9797,#7767,#7768);
#6741=AXIS2_PLACEMENT_3D('',#9799,#7769,#7770);
#6742=AXIS2_PLACEMENT_3D('',#9803,#7772,#7773);
#6743=AXIS2_PLACEMENT_3D('',#9805,#7774,#7775);
#6744=AXIS2_PLACEMENT_3D('',#9807,#7776,#7777);
#6745=AXIS2_PLACEMENT_3D('',#9811,#7779,#7780);
#6746=AXIS2_PLACEMENT_3D('',#9813,#7781,#7782);
#6747=AXIS2_PLACEMENT_3D('',#9815,#7783,#7784);
#6748=AXIS2_PLACEMENT_3D('',#9818,#7786,#7787);
#6749=AXIS2_PLACEMENT_3D('',#9821,#7788,#7789);
#6750=AXIS2_PLACEMENT_3D('',#9823,#7790,#7791);
#6751=AXIS2_PLACEMENT_3D('',#9827,#7793,#7794);
#6752=AXIS2_PLACEMENT_3D('',#9829,#7795,#7796);
#6753=AXIS2_PLACEMENT_3D('',#9831,#7797,#7798);
#6754=AXIS2_PLACEMENT_3D('',#9835,#7800,#7801);
#6755=AXIS2_PLACEMENT_3D('',#9837,#7802,#7803);
#6756=AXIS2_PLACEMENT_3D('',#9839,#7804,#7805);
#6757=AXIS2_PLACEMENT_3D('',#9843,#7807,#7808);
#6758=AXIS2_PLACEMENT_3D('',#9845,#7809,#7810);
#6759=AXIS2_PLACEMENT_3D('',#9847,#7811,#7812);
#6760=AXIS2_PLACEMENT_3D('',#9850,#7814,#7815);
#6761=AXIS2_PLACEMENT_3D('',#9853,#7816,#7817);
#6762=AXIS2_PLACEMENT_3D('',#9855,#7818,#7819);
#6763=AXIS2_PLACEMENT_3D('',#9859,#7821,#7822);
#6764=AXIS2_PLACEMENT_3D('',#9861,#7823,#7824);
#6765=AXIS2_PLACEMENT_3D('',#9863,#7825,#7826);
#6766=AXIS2_PLACEMENT_3D('',#9867,#7828,#7829);
#6767=AXIS2_PLACEMENT_3D('',#9869,#7830,#7831);
#6768=AXIS2_PLACEMENT_3D('',#9871,#7832,#7833);
#6769=AXIS2_PLACEMENT_3D('',#9875,#7835,#7836);
#6770=AXIS2_PLACEMENT_3D('',#9877,#7837,#7838);
#6771=AXIS2_PLACEMENT_3D('',#9879,#7839,#7840);
#6772=AXIS2_PLACEMENT_3D('',#9882,#7842,#7843);
#6773=AXIS2_PLACEMENT_3D('',#9884,#7844,#7845);
#6774=AXIS2_PLACEMENT_3D('',#9886,#7846,#7847);
#6775=AXIS2_PLACEMENT_3D('',#9888,#7848,#7849);
#6776=AXIS2_PLACEMENT_3D('',#9890,#7850,#7851);
#6777=AXIS2_PLACEMENT_3D('',#9892,#7852,#7853);
#6778=AXIS2_PLACEMENT_3D('',#9894,#7854,#7855);
#6779=AXIS2_PLACEMENT_3D('',#9896,#7856,#7857);
#6780=AXIS2_PLACEMENT_3D('',#9898,#7858,#7859);
#6781=AXIS2_PLACEMENT_3D('',#9900,#7860,#7861);
#6782=AXIS2_PLACEMENT_3D('',#9902,#7862,#7863);
#6783=AXIS2_PLACEMENT_3D('',#9904,#7864,#7865);
#6784=AXIS2_PLACEMENT_3D('',#9906,#7866,#7867);
#6785=AXIS2_PLACEMENT_3D('',#9908,#7868,#7869);
#6786=AXIS2_PLACEMENT_3D('',#9910,#7870,#7871);
#6787=AXIS2_PLACEMENT_3D('',#9912,#7872,#7873);
#6788=AXIS2_PLACEMENT_3D('',#9914,#7874,#7875);
#6789=AXIS2_PLACEMENT_3D('',#9916,#7876,#7877);
#6790=AXIS2_PLACEMENT_3D('',#9918,#7878,#7879);
#6791=AXIS2_PLACEMENT_3D('',#9920,#7880,#7881);
#6792=AXIS2_PLACEMENT_3D('',#9922,#7882,#7883);
#6793=AXIS2_PLACEMENT_3D('',#9924,#7884,#7885);
#6794=AXIS2_PLACEMENT_3D('',#9926,#7886,#7887);
#6795=AXIS2_PLACEMENT_3D('',#9928,#7888,#7889);
#6796=AXIS2_PLACEMENT_3D('',#9930,#7890,#7891);
#6797=AXIS2_PLACEMENT_3D('',#9932,#7892,#7893);
#6798=AXIS2_PLACEMENT_3D('',#9934,#7894,#7895);
#6799=AXIS2_PLACEMENT_3D('',#9936,#7896,#7897);
#6800=AXIS2_PLACEMENT_3D('',#9938,#7898,#7899);
#6801=AXIS2_PLACEMENT_3D('',#9940,#7900,#7901);
#6802=AXIS2_PLACEMENT_3D('',#9942,#7902,#7903);
#6803=AXIS2_PLACEMENT_3D('',#9944,#7904,#7905);
#6804=AXIS2_PLACEMENT_3D('',#9946,#7906,#7907);
#6805=AXIS2_PLACEMENT_3D('',#9948,#7908,#7909);
#6806=AXIS2_PLACEMENT_3D('',#9950,#7910,#7911);
#6807=AXIS2_PLACEMENT_3D('',#9952,#7912,#7913);
#6808=AXIS2_PLACEMENT_3D('',#9954,#7914,#7915);
#6809=AXIS2_PLACEMENT_3D('',#9956,#7916,#7917);
#6810=AXIS2_PLACEMENT_3D('',#9958,#7918,#7919);
#6811=AXIS2_PLACEMENT_3D('',#9960,#7920,#7921);
#6812=AXIS2_PLACEMENT_3D('',#9962,#7922,#7923);
#6813=AXIS2_PLACEMENT_3D('',#9964,#7924,#7925);
#6814=AXIS2_PLACEMENT_3D('',#9966,#7926,#7927);
#6815=AXIS2_PLACEMENT_3D('',#9968,#7928,#7929);
#6816=AXIS2_PLACEMENT_3D('',#9970,#7930,#7931);
#6817=AXIS2_PLACEMENT_3D('',#9972,#7932,#7933);
#6818=AXIS2_PLACEMENT_3D('',#9975,#7934,#7935);
#6819=AXIS2_PLACEMENT_3D('',#9979,#7937,#7938);
#6820=AXIS2_PLACEMENT_3D('',#9982,#7940,#7941);
#6821=AXIS2_PLACEMENT_3D('',#9984,#7942,#7943);
#6822=AXIS2_PLACEMENT_3D('',#9986,#7944,#7945);
#6823=AXIS2_PLACEMENT_3D('',#9988,#7946,#7947);
#6824=AXIS2_PLACEMENT_3D('',#9991,#7948,#7949);
#6825=AXIS2_PLACEMENT_3D('',#9995,#7951,#7952);
#6826=AXIS2_PLACEMENT_3D('',#9997,#7954,#7955);
#6827=AXIS2_PLACEMENT_3D('',#9999,#7957,#7958);
#6828=AXIS2_PLACEMENT_3D('',#10001,#7960,#7961);
#6829=AXIS2_PLACEMENT_3D('',#10003,#7963,#7964);
#6830=AXIS2_PLACEMENT_3D('',#10005,#7966,#7967);
#6831=AXIS2_PLACEMENT_3D('',#10007,#7969,#7970);
#6832=AXIS2_PLACEMENT_3D('',#10009,#7972,#7973);
#6833=AXIS2_PLACEMENT_3D('',#10011,#7975,#7976);
#6834=AXIS2_PLACEMENT_3D('',#10013,#7978,#7979);
#6835=AXIS2_PLACEMENT_3D('',#10015,#7981,#7982);
#6836=AXIS2_PLACEMENT_3D('',#10017,#7984,#7985);
#6837=AXIS2_PLACEMENT_3D('',#10019,#7987,#7988);
#6838=AXIS2_PLACEMENT_3D('',#10021,#7990,#7991);
#6839=AXIS2_PLACEMENT_3D('',#10024,#7994,#7995);
#6840=AXIS2_PLACEMENT_3D('',#10026,#7997,#7998);
#6841=AXIS2_PLACEMENT_3D('',#10028,#8000,#8001);
#6842=AXIS2_PLACEMENT_3D('',#10030,#8003,#8004);
#6843=AXIS2_PLACEMENT_3D('',#10032,#8006,#8007);
#6844=AXIS2_PLACEMENT_3D('',#10034,#8009,#8010);
#6845=AXIS2_PLACEMENT_3D('',#10036,#8012,#8013);
#6846=AXIS2_PLACEMENT_3D('',#10038,#8015,#8016);
#6847=AXIS2_PLACEMENT_3D('',#10040,#8018,#8019);
#6848=AXIS2_PLACEMENT_3D('',#10042,#8021,#8022);
#6849=AXIS2_PLACEMENT_3D('',#10044,#8024,#8025);
#6850=AXIS2_PLACEMENT_3D('',#10046,#8027,#8028);
#6851=AXIS2_PLACEMENT_3D('',#10048,#8030,#8031);
#6852=AXIS2_PLACEMENT_3D('',#10050,#8033,#8034);
#6853=AXIS2_PLACEMENT_3D('',#10052,#8036,#8037);
#6854=AXIS2_PLACEMENT_3D('',#10053,#8038,#8039);
#6855=AXIS2_PLACEMENT_3D('',#10055,#8041,#8042);
#6856=AXIS2_PLACEMENT_3D('',#10058,#8045,#8046);
#6857=AXIS2_PLACEMENT_3D('',#10060,#8048,#8049);
#6858=AXIS2_PLACEMENT_3D('',#10062,#8051,#8052);
#6859=AXIS2_PLACEMENT_3D('',#10064,#8054,#8055);
#6860=AXIS2_PLACEMENT_3D('',#10066,#8057,#8058);
#6861=AXIS2_PLACEMENT_3D('',#10068,#8060,#8061);
#6862=AXIS2_PLACEMENT_3D('',#10070,#8063,#8064);
#6863=AXIS2_PLACEMENT_3D('',#10072,#8066,#8067);
#6864=AXIS2_PLACEMENT_3D('',#10074,#8069,#8070);
#6865=AXIS2_PLACEMENT_3D('',#10076,#8072,#8073);
#6866=AXIS2_PLACEMENT_3D('',#10078,#8075,#8076);
#6867=AXIS2_PLACEMENT_3D('',#10080,#8078,#8079);
#6868=AXIS2_PLACEMENT_3D('',#10082,#8081,#8082);
#6869=AXIS2_PLACEMENT_3D('',#10084,#8084,#8085);
#6870=AXIS2_PLACEMENT_3D('',#10086,#8087,#8088);
#6871=AXIS2_PLACEMENT_3D('',#10087,#8089,#8090);
#6872=AXIS2_PLACEMENT_3D('',#10089,#8092,#8093);
#6873=AXIS2_PLACEMENT_3D('',#10091,#8095,#8096);
#6874=AXIS2_PLACEMENT_3D('',#10093,#8098,#8099);
#6875=AXIS2_PLACEMENT_3D('',#10095,#8101,#8102);
#6876=AXIS2_PLACEMENT_3D('',#10097,#8104,#8105);
#6877=AXIS2_PLACEMENT_3D('',#10100,#8108,#8109);
#6878=AXIS2_PLACEMENT_3D('',#10102,#8111,#8112);
#6879=AXIS2_PLACEMENT_3D('',#10104,#8114,#8115);
#6880=AXIS2_PLACEMENT_3D('',#10106,#8117,#8118);
#6881=AXIS2_PLACEMENT_3D('',#10108,#8120,#8121);
#6882=AXIS2_PLACEMENT_3D('',#10110,#8123,#8124);
#6883=AXIS2_PLACEMENT_3D('',#10112,#8126,#8127);
#6884=AXIS2_PLACEMENT_3D('',#10114,#8129,#8130);
#6885=AXIS2_PLACEMENT_3D('',#10116,#8132,#8133);
#6886=AXIS2_PLACEMENT_3D('',#10118,#8135,#8136);
#6887=AXIS2_PLACEMENT_3D('',#10120,#8138,#8139);
#6888=AXIS2_PLACEMENT_3D('',#10122,#8141,#8142);
#6889=AXIS2_PLACEMENT_3D('',#10124,#8144,#8145);
#6890=AXIS2_PLACEMENT_3D('',#10126,#8147,#8148);
#6891=AXIS2_PLACEMENT_3D('',#10128,#8150,#8151);
#6892=AXIS2_PLACEMENT_3D('',#10129,#8152,#8153);
#6893=AXIS2_PLACEMENT_3D('',#10132,#8156,#8157);
#6894=AXIS2_PLACEMENT_3D('',#10134,#8159,#8160);
#6895=AXIS2_PLACEMENT_3D('',#10136,#8162,#8163);
#6896=AXIS2_PLACEMENT_3D('',#10138,#8165,#8166);
#6897=AXIS2_PLACEMENT_3D('',#10140,#8168,#8169);
#6898=AXIS2_PLACEMENT_3D('',#10142,#8171,#8172);
#6899=AXIS2_PLACEMENT_3D('',#10144,#8174,#8175);
#6900=AXIS2_PLACEMENT_3D('',#10146,#8177,#8178);
#6901=AXIS2_PLACEMENT_3D('',#10148,#8180,#8181);
#6902=AXIS2_PLACEMENT_3D('',#10150,#8183,#8184);
#6903=AXIS2_PLACEMENT_3D('',#10152,#8186,#8187);
#6904=AXIS2_PLACEMENT_3D('',#10154,#8189,#8190);
#6905=AXIS2_PLACEMENT_3D('',#10156,#8192,#8193);
#6906=AXIS2_PLACEMENT_3D('',#10158,#8195,#8196);
#6907=AXIS2_PLACEMENT_3D('',#10160,#8198,#8199);
#6908=AXIS2_PLACEMENT_3D('',#10161,#8200,#8201);
#6909=AXIS2_PLACEMENT_3D('',#10164,#8204,#8205);
#6910=AXIS2_PLACEMENT_3D('',#10166,#8207,#8208);
#6911=AXIS2_PLACEMENT_3D('',#10168,#8210,#8211);
#6912=AXIS2_PLACEMENT_3D('',#10170,#8213,#8214);
#6913=AXIS2_PLACEMENT_3D('',#10172,#8216,#8217);
#6914=AXIS2_PLACEMENT_3D('',#10174,#8219,#8220);
#6915=AXIS2_PLACEMENT_3D('',#10176,#8222,#8223);
#6916=AXIS2_PLACEMENT_3D('',#10178,#8225,#8226);
#6917=AXIS2_PLACEMENT_3D('',#10180,#8228,#8229);
#6918=AXIS2_PLACEMENT_3D('',#10182,#8231,#8232);
#6919=AXIS2_PLACEMENT_3D('',#10184,#8234,#8235);
#6920=AXIS2_PLACEMENT_3D('',#10186,#8237,#8238);
#6921=AXIS2_PLACEMENT_3D('',#10188,#8240,#8241);
#6922=AXIS2_PLACEMENT_3D('',#10190,#8243,#8244);
#6923=AXIS2_PLACEMENT_3D('',#10192,#8246,#8247);
#6924=AXIS2_PLACEMENT_3D('',#10193,#8248,#8249);
#6925=AXIS2_PLACEMENT_3D('',#10196,#8252,#8253);
#6926=AXIS2_PLACEMENT_3D('',#10198,#8255,#8256);
#6927=AXIS2_PLACEMENT_3D('',#10200,#8258,#8259);
#6928=AXIS2_PLACEMENT_3D('',#10202,#8261,#8262);
#6929=AXIS2_PLACEMENT_3D('',#10204,#8264,#8265);
#6930=AXIS2_PLACEMENT_3D('',#10206,#8267,#8268);
#6931=AXIS2_PLACEMENT_3D('',#10208,#8270,#8271);
#6932=AXIS2_PLACEMENT_3D('',#10210,#8273,#8274);
#6933=AXIS2_PLACEMENT_3D('',#10212,#8276,#8277);
#6934=AXIS2_PLACEMENT_3D('',#10214,#8279,#8280);
#6935=AXIS2_PLACEMENT_3D('',#10216,#8282,#8283);
#6936=AXIS2_PLACEMENT_3D('',#10218,#8285,#8286);
#6937=AXIS2_PLACEMENT_3D('',#10220,#8288,#8289);
#6938=AXIS2_PLACEMENT_3D('',#10222,#8291,#8292);
#6939=AXIS2_PLACEMENT_3D('',#10224,#8294,#8295);
#6940=AXIS2_PLACEMENT_3D('',#10225,#8296,#8297);
#6941=AXIS2_PLACEMENT_3D('',#10228,#8300,#8301);
#6942=AXIS2_PLACEMENT_3D('',#10230,#8303,#8304);
#6943=AXIS2_PLACEMENT_3D('',#10232,#8306,#8307);
#6944=AXIS2_PLACEMENT_3D('',#10234,#8309,#8310);
#6945=AXIS2_PLACEMENT_3D('',#10236,#8312,#8313);
#6946=AXIS2_PLACEMENT_3D('',#10238,#8315,#8316);
#6947=AXIS2_PLACEMENT_3D('',#10240,#8318,#8319);
#6948=AXIS2_PLACEMENT_3D('',#10242,#8321,#8322);
#6949=AXIS2_PLACEMENT_3D('',#10244,#8324,#8325);
#6950=AXIS2_PLACEMENT_3D('',#10246,#8327,#8328);
#6951=AXIS2_PLACEMENT_3D('',#10248,#8330,#8331);
#6952=AXIS2_PLACEMENT_3D('',#10250,#8333,#8334);
#6953=AXIS2_PLACEMENT_3D('',#10252,#8336,#8337);
#6954=AXIS2_PLACEMENT_3D('',#10254,#8339,#8340);
#6955=AXIS2_PLACEMENT_3D('',#10256,#8342,#8343);
#6956=AXIS2_PLACEMENT_3D('',#10257,#8344,#8345);
#6957=AXIS2_PLACEMENT_3D('',#10259,#8347,#8348);
#6958=AXIS2_PLACEMENT_3D('',#10261,#8350,#8351);
#6959=AXIS2_PLACEMENT_3D('',#10263,#8353,#8354);
#6960=AXIS2_PLACEMENT_3D('',#10265,#8356,#8357);
#6961=AXIS2_PLACEMENT_3D('',#10267,#8359,#8360);
#6962=AXIS2_PLACEMENT_3D('',#10269,#8362,#8363);
#6963=AXIS2_PLACEMENT_3D('',#10271,#8365,#8366);
#6964=AXIS2_PLACEMENT_3D('',#10273,#8368,#8369);
#6965=AXIS2_PLACEMENT_3D('',#10275,#8371,#8372);
#6966=AXIS2_PLACEMENT_3D('',#10277,#8374,#8375);
#6967=AXIS2_PLACEMENT_3D('',#10279,#8377,#8378);
#6968=AXIS2_PLACEMENT_3D('',#10281,#8380,#8381);
#6969=AXIS2_PLACEMENT_3D('',#10283,#8383,#8384);
#6970=AXIS2_PLACEMENT_3D('',#10285,#8386,#8387);
#6971=AXIS2_PLACEMENT_3D('',#10287,#8389,#8390);
#6972=AXIS2_PLACEMENT_3D('',#10289,#8392,#8393);
#6973=AXIS2_PLACEMENT_3D('',#10291,#8395,#8396);
#6974=AXIS2_PLACEMENT_3D('',#10293,#8398,#8399);
#6975=AXIS2_PLACEMENT_3D('',#10295,#8401,#8402);
#6976=AXIS2_PLACEMENT_3D('',#10297,#8404,#8405);
#6977=AXIS2_PLACEMENT_3D('',#10299,#8407,#8408);
#6978=AXIS2_PLACEMENT_3D('',#10301,#8410,#8411);
#6979=AXIS2_PLACEMENT_3D('',#10303,#8413,#8414);
#6980=AXIS2_PLACEMENT_3D('',#10305,#8416,#8417);
#6981=AXIS2_PLACEMENT_3D('',#10307,#8419,#8420);
#6982=AXIS2_PLACEMENT_3D('',#10309,#8422,#8423);
#6983=AXIS2_PLACEMENT_3D('',#10311,#8425,#8426);
#6984=AXIS2_PLACEMENT_3D('',#10313,#8428,#8429);
#6985=AXIS2_PLACEMENT_3D('',#10315,#8431,#8432);
#6986=AXIS2_PLACEMENT_3D('',#10317,#8434,#8435);
#6987=AXIS2_PLACEMENT_3D('',#10319,#8437,#8438);
#6988=AXIS2_PLACEMENT_3D('',#10321,#8440,#8441);
#6989=AXIS2_PLACEMENT_3D('',#10323,#8443,#8444);
#6990=AXIS2_PLACEMENT_3D('',#10325,#8446,#8447);
#6991=AXIS2_PLACEMENT_3D('',#10327,#8449,#8450);
#6992=AXIS2_PLACEMENT_3D('',#10329,#8452,#8453);
#6993=AXIS2_PLACEMENT_3D('',#10331,#8455,#8456);
#6994=AXIS2_PLACEMENT_3D('',#10333,#8458,#8459);
#6995=AXIS2_PLACEMENT_3D('',#10335,#8461,#8462);
#6996=AXIS2_PLACEMENT_3D('',#10337,#8464,#8465);
#6997=AXIS2_PLACEMENT_3D('',#10339,#8467,#8468);
#6998=AXIS2_PLACEMENT_3D('',#10341,#8470,#8471);
#6999=AXIS2_PLACEMENT_3D('',#10343,#8473,#8474);
#7000=AXIS2_PLACEMENT_3D('',#10345,#8476,#8477);
#7001=AXIS2_PLACEMENT_3D('',#10347,#8479,#8480);
#7002=AXIS2_PLACEMENT_3D('',#10350,#8483,#8484);
#7003=AXIS2_PLACEMENT_3D('',#10352,#8486,#8487);
#7004=AXIS2_PLACEMENT_3D('',#10354,#8489,#8490);
#7005=AXIS2_PLACEMENT_3D('',#10355,#8491,#8492);
#7006=AXIS2_PLACEMENT_3D('',#10357,#8494,#8495);
#7007=AXIS2_PLACEMENT_3D('',#10359,#8497,#8498);
#7008=AXIS2_PLACEMENT_3D('',#10361,#8500,#8501);
#7009=AXIS2_PLACEMENT_3D('',#10363,#8503,#8504);
#7010=AXIS2_PLACEMENT_3D('',#10366,#8507,#8508);
#7011=AXIS2_PLACEMENT_3D('',#10368,#8510,#8511);
#7012=AXIS2_PLACEMENT_3D('',#10370,#8513,#8514);
#7013=AXIS2_PLACEMENT_3D('',#10371,#8515,#8516);
#7014=AXIS2_PLACEMENT_3D('',#10380,#8521,#8522);
#7015=AXIS2_PLACEMENT_3D('',#10386,#8526,#8527);
#7016=AXIS2_PLACEMENT_3D('',#10392,#8531,#8532);
#7017=AXIS2_PLACEMENT_3D('',#10402,#8538,#8539);
#7018=AXIS2_PLACEMENT_3D('',#10412,#8545,#8546);
#7019=AXIS2_PLACEMENT_3D('',#10415,#8547,#8548);
#7020=AXIS2_PLACEMENT_3D('',#10419,#8550,#8551);
#7021=AXIS2_PLACEMENT_3D('',#10421,#8553,#8554);
#7022=AXIS2_PLACEMENT_3D('',#10427,#8558,#8559);
#7023=AXIS2_PLACEMENT_3D('',#10428,#8560,#8561);
#7024=AXIS2_PLACEMENT_3D('',#10432,#8563,#8564);
#7025=AXIS2_PLACEMENT_3D('',#10435,#8566,#8567);
#7026=AXIS2_PLACEMENT_3D('',#10442,#8571,#8572);
#7027=AXIS2_PLACEMENT_3D('',#10444,#8573,#8574);
#7028=AXIS2_PLACEMENT_3D('',#10446,#8575,#8576);
#7029=AXIS2_PLACEMENT_3D('',#10448,#8577,#8578);
#7030=AXIS2_PLACEMENT_3D('',#10449,#8579,#8580);
#7031=AXIS2_PLACEMENT_3D('',#10450,#8581,#8582);
#7032=AXIS2_PLACEMENT_3D('',#10451,#8583,#8584);
#7033=AXIS2_PLACEMENT_3D('',#10454,#8586,#8587);
#7034=AXIS2_PLACEMENT_3D('',#10455,#8588,#8589);
#7035=AXIS2_PLACEMENT_3D('',#10459,#8592,#8593);
#7036=AXIS2_PLACEMENT_3D('',#10462,#8595,#8596);
#7037=AXIS2_PLACEMENT_3D('',#10463,#8597,#8598);
#7038=AXIS2_PLACEMENT_3D('',#10465,#8600,#8601);
#7039=AXIS2_PLACEMENT_3D('',#10469,#8604,#8605);
#7040=AXIS2_PLACEMENT_3D('',#10473,#8608,#8609);
#7041=AXIS2_PLACEMENT_3D('',#10475,#8611,#8612);
#7042=AXIS2_PLACEMENT_3D('',#10478,#8614,#8615);
#7043=AXIS2_PLACEMENT_3D('',#10479,#8616,#8617);
#7044=AXIS2_PLACEMENT_3D('',#10482,#8619,#8620);
#7045=AXIS2_PLACEMENT_3D('',#10483,#8621,#8622);
#7046=AXIS2_PLACEMENT_3D('',#10486,#8624,#8625);
#7047=AXIS2_PLACEMENT_3D('',#10487,#8626,#8627);
#7048=AXIS2_PLACEMENT_3D('',#10490,#8629,#8630);
#7049=AXIS2_PLACEMENT_3D('',#10491,#8631,#8632);
#7050=AXIS2_PLACEMENT_3D('',#10492,#8633,#8634);
#7051=AXIS2_PLACEMENT_3D('',#10493,#8635,#8636);
#7052=AXIS2_PLACEMENT_3D('',#10502,#8641,#8642);
#7053=AXIS2_PLACEMENT_3D('',#10508,#8646,#8647);
#7054=AXIS2_PLACEMENT_3D('',#10514,#8651,#8652);
#7055=AXIS2_PLACEMENT_3D('',#10517,#8655,#8656);
#7056=AXIS2_PLACEMENT_3D('',#10526,#8661,#8662);
#7057=AXIS2_PLACEMENT_3D('',#10532,#8666,#8667);
#7058=AXIS2_PLACEMENT_3D('',#10536,#8670,#8671);
#7059=AXIS2_PLACEMENT_3D('',#10545,#8676,#8677);
#7060=AXIS2_PLACEMENT_3D('',#10551,#8681,#8682);
#7061=AXIS2_PLACEMENT_3D('',#10557,#8686,#8687);
#7062=AXIS2_PLACEMENT_3D('',#10560,#8690,#8691);
#7063=AXIS2_PLACEMENT_3D('',#10566,#8695,#8696);
#7064=AXIS2_PLACEMENT_3D('',#10570,#8699,#8700);
#7065=AXIS2_PLACEMENT_3D('',#10573,#8701,#8702);
#7066=AXIS2_PLACEMENT_3D('',#10577,#8704,#8705);
#7067=AXIS2_PLACEMENT_3D('',#10581,#8707,#8708);
#7068=AXIS2_PLACEMENT_3D('',#10585,#8710,#8711);
#7069=AXIS2_PLACEMENT_3D('',#10588,#8713,#8714);
#7070=AXIS2_PLACEMENT_3D('',#10591,#8715,#8716);
#7071=AXIS2_PLACEMENT_3D('',#10595,#8718,#8719);
#7072=AXIS2_PLACEMENT_3D('',#10599,#8721,#8722);
#7073=AXIS2_PLACEMENT_3D('',#10603,#8724,#8725);
#7074=AXIS2_PLACEMENT_3D('',#10607,#8727,#8728);
#7075=AXIS2_PLACEMENT_3D('',#10611,#8730,#8731);
#7076=AXIS2_PLACEMENT_3D('',#10615,#8733,#8734);
#7077=AXIS2_PLACEMENT_3D('',#10619,#8736,#8737);
#7078=AXIS2_PLACEMENT_3D('',#10623,#8739,#8740);
#7079=AXIS2_PLACEMENT_3D('',#10627,#8742,#8743);
#7080=AXIS2_PLACEMENT_3D('',#10631,#8745,#8746);
#7081=AXIS2_PLACEMENT_3D('',#10635,#8748,#8749);
#7082=AXIS2_PLACEMENT_3D('',#10639,#8751,#8752);
#7083=AXIS2_PLACEMENT_3D('',#10643,#8754,#8755);
#7084=AXIS2_PLACEMENT_3D('',#10647,#8757,#8758);
#7085=AXIS2_PLACEMENT_3D('',#10651,#8760,#8761);
#7086=AXIS2_PLACEMENT_3D('',#10655,#8763,#8764);
#7087=AXIS2_PLACEMENT_3D('',#10659,#8766,#8767);
#7088=AXIS2_PLACEMENT_3D('',#10663,#8769,#8770);
#7089=AXIS2_PLACEMENT_3D('',#10667,#8772,#8773);
#7090=AXIS2_PLACEMENT_3D('',#10670,#8775,#8776);
#7091=AXIS2_PLACEMENT_3D('',#10672,#8777,#8778);
#7092=AXIS2_PLACEMENT_3D('',#10677,#8781,#8782);
#7093=AXIS2_PLACEMENT_3D('',#10680,#8783,#8784);
#7094=AXIS2_PLACEMENT_3D('',#10684,#8786,#8787);
#7095=AXIS2_PLACEMENT_3D('',#10688,#8789,#8790);
#7096=AXIS2_PLACEMENT_3D('',#10692,#8792,#8793);
#7097=AXIS2_PLACEMENT_3D('',#10696,#8795,#8796);
#7098=AXIS2_PLACEMENT_3D('',#10700,#8798,#8799);
#7099=AXIS2_PLACEMENT_3D('',#10704,#8801,#8802);
#7100=AXIS2_PLACEMENT_3D('',#10708,#8804,#8805);
#7101=AXIS2_PLACEMENT_3D('',#10710,#8807,#8808);
#7102=AXIS2_PLACEMENT_3D('',#10712,#8809,#8810);
#7103=AXIS2_PLACEMENT_3D('',#10714,#8811,#8812);
#7104=AXIS2_PLACEMENT_3D('',#10715,#8813,#8814);
#7105=AXIS2_PLACEMENT_3D('',#10716,#8815,#8816);
#7106=AXIS2_PLACEMENT_3D('',#10719,#8817,#8818);
#7107=AXIS2_PLACEMENT_3D('',#10722,#8821,#8822);
#7108=AXIS2_PLACEMENT_3D('',#10724,#8823,#8824);
#7109=AXIS2_PLACEMENT_3D('',#10726,#8825,#8826);
#7110=AXIS2_PLACEMENT_3D('',#10727,#8827,#8828);
#7111=AXIS2_PLACEMENT_3D('',#10728,#8829,#8830);
#7112=AXIS2_PLACEMENT_3D('',#10731,#8831,#8832);
#7113=AXIS2_PLACEMENT_3D('',#10734,#8835,#8836);
#7114=AXIS2_PLACEMENT_3D('',#10736,#8838,#8839);
#7115=AXIS2_PLACEMENT_3D('',#10738,#8840,#8841);
#7116=AXIS2_PLACEMENT_3D('',#10740,#8842,#8843);
#7117=AXIS2_PLACEMENT_3D('',#10741,#8844,#8845);
#7118=AXIS2_PLACEMENT_3D('',#10742,#8846,#8847);
#7119=AXIS2_PLACEMENT_3D('',#10745,#8848,#8849);
#7120=AXIS2_PLACEMENT_3D('',#10748,#8852,#8853);
#7121=AXIS2_PLACEMENT_3D('',#10750,#8854,#8855);
#7122=AXIS2_PLACEMENT_3D('',#10752,#8856,#8857);
#7123=AXIS2_PLACEMENT_3D('',#10753,#8858,#8859);
#7124=AXIS2_PLACEMENT_3D('',#10754,#8860,#8861);
#7125=AXIS2_PLACEMENT_3D('',#10757,#8862,#8863);
#7126=AXIS2_PLACEMENT_3D('',#10760,#8866,#8867);
#7127=AXIS2_PLACEMENT_3D('',#10762,#8869,#8870);
#7128=AXIS2_PLACEMENT_3D('',#10764,#8872,#8873);
#7129=AXIS2_PLACEMENT_3D('',#10766,#8875,#8876);
#7130=AXIS2_PLACEMENT_3D('',#10768,#8878,#8879);
#7131=AXIS2_PLACEMENT_3D('',#10770,#8881,#8882);
#7132=AXIS2_PLACEMENT_3D('',#10774,#8885,#8886);
#7133=AXIS2_PLACEMENT_3D('',#10777,#8887,#8888);
#7134=AXIS2_PLACEMENT_3D('',#10781,#8890,#8891);
#7135=AXIS2_PLACEMENT_3D('',#10785,#8893,#8894);
#7136=AXIS2_PLACEMENT_3D('',#10789,#8896,#8897);
#7137=AXIS2_PLACEMENT_3D('',#10793,#8899,#8900);
#7138=AXIS2_PLACEMENT_3D('',#10797,#8902,#8903);
#7139=AXIS2_PLACEMENT_3D('',#10801,#8905,#8906);
#7140=AXIS2_PLACEMENT_3D('',#10805,#8908,#8909);
#7141=AXIS2_PLACEMENT_3D('',#10812,#8913,#8914);
#7142=AXIS2_PLACEMENT_3D('',#10816,#8916,#8917);
#7143=AXIS2_PLACEMENT_3D('',#10820,#8919,#8920);
#7144=AXIS2_PLACEMENT_3D('',#10824,#8922,#8923);
#7145=AXIS2_PLACEMENT_3D('',#10828,#8925,#8926);
#7146=AXIS2_PLACEMENT_3D('',#10832,#8928,#8929);
#7147=AXIS2_PLACEMENT_3D('',#10836,#8931,#8932);
#7148=AXIS2_PLACEMENT_3D('',#10840,#8934,#8935);
#7149=AXIS2_PLACEMENT_3D('',#10844,#8937,#8938);
#7150=AXIS2_PLACEMENT_3D('',#10848,#8940,#8941);
#7151=AXIS2_PLACEMENT_3D('',#10852,#8943,#8944);
#7152=AXIS2_PLACEMENT_3D('',#10856,#8946,#8947);
#7153=AXIS2_PLACEMENT_3D('',#10859,#8949,#8950);
#7154=AXIS2_PLACEMENT_3D('',#10861,#8951,#8952);
#7155=AXIS2_PLACEMENT_3D('',#10863,#8953,#8954);
#7156=AXIS2_PLACEMENT_3D('',#10866,#8955,#8956);
#7157=AXIS2_PLACEMENT_3D('',#10870,#8958,#8959);
#7158=AXIS2_PLACEMENT_3D('',#10874,#8961,#8962);
#7159=AXIS2_PLACEMENT_3D('',#10878,#8964,#8965);
#7160=AXIS2_PLACEMENT_3D('',#10882,#8967,#8968);
#7161=AXIS2_PLACEMENT_3D('',#10886,#8970,#8971);
#7162=AXIS2_PLACEMENT_3D('',#10890,#8973,#8974);
#7163=AXIS2_PLACEMENT_3D('',#10894,#8976,#8977);
#7164=AXIS2_PLACEMENT_3D('',#10896,#8979,#8980);
#7165=AXIS2_PLACEMENT_3D('',#10899,#8983,#8984);
#7166=AXIS2_PLACEMENT_3D('',#10901,#8986,#8987);
#7167=AXIS2_PLACEMENT_3D('',#10903,#8989,#8990);
#7168=AXIS2_PLACEMENT_3D('',#10905,#8992,#8993);
#7169=AXIS2_PLACEMENT_3D('',#10907,#8995,#8996);
#7170=AXIS2_PLACEMENT_3D('',#10909,#8998,#8999);
#7171=AXIS2_PLACEMENT_3D('',#10911,#9001,#9002);
#7172=AXIS2_PLACEMENT_3D('',#10912,#9003,#9004);
#7173=AXIS2_PLACEMENT_3D('',#10915,#9007,#9008);
#7174=AXIS2_PLACEMENT_3D('',#10917,#9010,#9011);
#7175=AXIS2_PLACEMENT_3D('',#10919,#9013,#9014);
#7176=AXIS2_PLACEMENT_3D('',#10921,#9016,#9017);
#7177=AXIS2_PLACEMENT_3D('',#10923,#9019,#9020);
#7178=AXIS2_PLACEMENT_3D('',#10925,#9022,#9023);
#7179=AXIS2_PLACEMENT_3D('',#10927,#9025,#9026);
#7180=AXIS2_PLACEMENT_3D('',#10928,#9027,#9028);
#7181=AXIS2_PLACEMENT_3D('',#10930,#9030,#9031);
#7182=AXIS2_PLACEMENT_3D('',#10932,#9033,#9034);
#7183=AXIS2_PLACEMENT_3D('',#10933,#9035,#9036);
#7184=AXIS2_PLACEMENT_3D('',#10935,#9038,#9039);
#7185=AXIS2_PLACEMENT_3D('',#10937,#9041,#9042);
#7186=AXIS2_PLACEMENT_3D('',#10940,#9045,#9046);
#7187=AXIS2_PLACEMENT_3D('',#10942,#9048,#9049);
#7188=AXIS2_PLACEMENT_3D('',#10944,#9051,#9052);
#7189=AXIS2_PLACEMENT_3D('',#10946,#9054,#9055);
#7190=AXIS2_PLACEMENT_3D('',#10948,#9057,#9058);
#7191=AXIS2_PLACEMENT_3D('',#10950,#9060,#9061);
#7192=AXIS2_PLACEMENT_3D('',#10952,#9063,#9064);
#7193=AXIS2_PLACEMENT_3D('',#10953,#9065,#9066);
#7194=AXIS2_PLACEMENT_3D('',#10956,#9069,#9070);
#7195=AXIS2_PLACEMENT_3D('',#10958,#9072,#9073);
#7196=AXIS2_PLACEMENT_3D('',#10960,#9075,#9076);
#7197=AXIS2_PLACEMENT_3D('',#10962,#9078,#9079);
#7198=AXIS2_PLACEMENT_3D('',#10964,#9081,#9082);
#7199=AXIS2_PLACEMENT_3D('',#10966,#9084,#9085);
#7200=AXIS2_PLACEMENT_3D('',#10968,#9087,#9088);
#7201=AXIS2_PLACEMENT_3D('',#10969,#9089,#9090);
#7202=AXIS2_PLACEMENT_3D('',#10972,#9093,#9094);
#7203=AXIS2_PLACEMENT_3D('',#10974,#9096,#9097);
#7204=AXIS2_PLACEMENT_3D('',#10976,#9099,#9100);
#7205=AXIS2_PLACEMENT_3D('',#10978,#9102,#9103);
#7206=AXIS2_PLACEMENT_3D('',#10980,#9105,#9106);
#7207=AXIS2_PLACEMENT_3D('',#10982,#9108,#9109);
#7208=AXIS2_PLACEMENT_3D('',#10984,#9111,#9112);
#7209=AXIS2_PLACEMENT_3D('',#10985,#9113,#9114);
#7210=AXIS2_PLACEMENT_3D('',#10987,#9116,#9117);
#7211=AXIS2_PLACEMENT_3D('',#10988,#9118,#9119);
#7212=AXIS2_PLACEMENT_3D('',#10991,#9122,#9123);
#7213=AXIS2_PLACEMENT_3D('',#10993,#9125,#9126);
#7214=AXIS2_PLACEMENT_3D('',#10995,#9128,#9129);
#7215=AXIS2_PLACEMENT_3D('',#10997,#9131,#9132);
#7216=AXIS2_PLACEMENT_3D('',#10999,#9134,#9135);
#7217=AXIS2_PLACEMENT_3D('',#11001,#9137,#9138);
#7218=AXIS2_PLACEMENT_3D('',#11003,#9140,#9141);
#7219=AXIS2_PLACEMENT_3D('',#11004,#9142,#9143);
#7220=AXIS2_PLACEMENT_3D('',#11007,#9146,#9147);
#7221=AXIS2_PLACEMENT_3D('',#11009,#9149,#9150);
#7222=AXIS2_PLACEMENT_3D('',#11011,#9152,#9153);
#7223=AXIS2_PLACEMENT_3D('',#11013,#9155,#9156);
#7224=AXIS2_PLACEMENT_3D('',#11015,#9158,#9159);
#7225=AXIS2_PLACEMENT_3D('',#11017,#9161,#9162);
#7226=AXIS2_PLACEMENT_3D('',#11019,#9164,#9165);
#7227=AXIS2_PLACEMENT_3D('',#11020,#9166,#9167);
#7228=AXIS2_PLACEMENT_3D('',#11022,#9169,#9170);
#7229=AXIS2_PLACEMENT_3D('',#11023,#9171,#9172);
#7230=AXIS2_PLACEMENT_3D('',#11024,#9173,#9174);
#7231=AXIS2_PLACEMENT_3D('',#11041,#9183,#9184);
#7232=AXIS2_PLACEMENT_3D('',#11047,#9188,#9189);
#7233=AXIS2_PLACEMENT_3D('',#11051,#9192,#9193);
#7234=AXIS2_PLACEMENT_3D('',#11055,#9196,#9197);
#7235=AXIS2_PLACEMENT_3D('',#11057,#9199,#9200);
#7236=AXIS2_PLACEMENT_3D('',#11063,#9204,#9205);
#7237=AXIS2_PLACEMENT_3D('',#11067,#9208,#9209);
#7238=AXIS2_PLACEMENT_3D('',#11071,#9212,#9213);
#7239=AXIS2_PLACEMENT_3D('',#11073,#9215,#9216);
#7240=AXIS2_PLACEMENT_3D('',#11074,#9217,#9218);
#7241=AXIS2_PLACEMENT_3D('',#11075,#9219,#9220);
#7242=DIRECTION('axis',(0.,0.,1.));
#7243=DIRECTION('refdir',(1.,0.,0.));
#7244=DIRECTION('axis',(0.,0.,1.));
#7245=DIRECTION('refdir',(1.,0.,0.));
#7246=DIRECTION('center_axis',(-1.,0.,0.));
#7247=DIRECTION('ref_axis',(0.,1.,0.));
#7248=DIRECTION('',(0.,-1.,0.));
#7249=DIRECTION('',(0.,0.,-1.));
#7250=DIRECTION('',(0.,-1.,0.));
#7251=DIRECTION('',(0.,0.,-1.));
#7252=DIRECTION('center_axis',(0.,-1.,0.));
#7253=DIRECTION('ref_axis',(-1.,0.,0.));
#7254=DIRECTION('',(1.,0.,0.));
#7255=DIRECTION('',(0.,0.,-1.));
#7256=DIRECTION('',(1.,0.,0.));
#7257=DIRECTION('center_axis',(1.,0.,0.));
#7258=DIRECTION('ref_axis',(0.,-1.,0.));
#7259=DIRECTION('',(0.,1.,0.));
#7260=DIRECTION('',(0.,0.,-1.));
#7261=DIRECTION('',(0.,1.,0.));
#7262=DIRECTION('center_axis',(0.,1.,0.));
#7263=DIRECTION('ref_axis',(1.,0.,0.));
#7264=DIRECTION('',(-1.,0.,0.));
#7265=DIRECTION('',(-1.,0.,0.));
#7266=DIRECTION('center_axis',(0.,0.,1.));
#7267=DIRECTION('ref_axis',(1.,0.,0.));
#7268=DIRECTION('center_axis',(0.,0.,-1.));
#7269=DIRECTION('ref_axis',(0.,-1.,0.));
#7270=DIRECTION('center_axis',(0.,0.,-1.));
#7271=DIRECTION('ref_axis',(0.,-1.,0.));
#7272=DIRECTION('center_axis',(0.,0.,-1.));
#7273=DIRECTION('ref_axis',(0.,-1.,0.));
#7274=DIRECTION('center_axis',(0.,0.,-1.));
#7275=DIRECTION('ref_axis',(0.,-1.,0.));
#7276=DIRECTION('center_axis',(0.,0.,-1.));
#7277=DIRECTION('ref_axis',(0.,-1.,0.));
#7278=DIRECTION('center_axis',(0.,0.,-1.));
#7279=DIRECTION('ref_axis',(0.,-1.,0.));
#7280=DIRECTION('center_axis',(0.,0.,-1.));
#7281=DIRECTION('ref_axis',(0.,-1.,0.));
#7282=DIRECTION('center_axis',(0.,0.,-1.));
#7283=DIRECTION('ref_axis',(0.,-1.,0.));
#7284=DIRECTION('center_axis',(0.,0.,-1.));
#7285=DIRECTION('ref_axis',(0.,-1.,0.));
#7286=DIRECTION('center_axis',(0.,0.,-1.));
#7287=DIRECTION('ref_axis',(0.,-1.,0.));
#7288=DIRECTION('center_axis',(0.,0.,-1.));
#7289=DIRECTION('ref_axis',(0.,-1.,0.));
#7290=DIRECTION('center_axis',(0.,0.,-1.));
#7291=DIRECTION('ref_axis',(0.,-1.,0.));
#7292=DIRECTION('center_axis',(0.,0.,1.));
#7293=DIRECTION('ref_axis',(0.901030449373743,-0.433755840653876,0.));
#7294=DIRECTION('center_axis',(0.,0.,-1.));
#7295=DIRECTION('ref_axis',(0.504512505685048,-0.863404384751082,0.));
#7296=DIRECTION('',(-0.999999999999802,6.29363850016875E-7,0.));
#7297=DIRECTION('center_axis',(0.,0.,-1.));
#7298=DIRECTION('ref_axis',(-5.31366293845538E-6,-0.999999999985882,0.));
#7299=DIRECTION('center_axis',(0.,0.,1.));
#7300=DIRECTION('ref_axis',(0.504516781968886,0.863401885978806,0.));
#7301=DIRECTION('center_axis',(0.,0.,-1.));
#7302=DIRECTION('ref_axis',(0.901027997795931,0.433760933219967,0.));
#7303=DIRECTION('',(0.,-1.,0.));
#7304=DIRECTION('center_axis',(0.,0.,-1.));
#7305=DIRECTION('ref_axis',(0.999999999998304,1.84180859620156E-6,0.));
#7306=DIRECTION('center_axis',(0.,0.,1.));
#7307=DIRECTION('ref_axis',(-0.901031864884234,0.433752900236113,0.));
#7308=DIRECTION('center_axis',(0.,0.,-1.));
#7309=DIRECTION('ref_axis',(-0.504512505685048,0.863404384751082,0.));
#7310=DIRECTION('',(1.,0.,0.));
#7311=DIRECTION('center_axis',(0.,0.,-1.));
#7312=DIRECTION('ref_axis',(3.31364931702738E-6,0.99999999999451,0.));
#7313=DIRECTION('center_axis',(0.,0.,1.));
#7314=DIRECTION('ref_axis',(-0.504518364573895,-0.863400961203821,0.));
#7315=DIRECTION('center_axis',(0.,0.,-1.));
#7316=DIRECTION('ref_axis',(-0.901027997795931,-0.433760933219967,0.));
#7317=DIRECTION('',(0.,1.,0.));
#7318=DIRECTION('center_axis',(0.,0.,-1.));
#7319=DIRECTION('ref_axis',(-0.999999999998304,-1.84180865304656E-6,0.));
#7320=DIRECTION('center_axis',(0.,0.,-1.));
#7321=DIRECTION('ref_axis',(0.,-1.,0.));
#7322=DIRECTION('center_axis',(0.,0.,1.));
#7323=DIRECTION('ref_axis',(0.901030449373743,-0.433755840653876,0.));
#7324=DIRECTION('center_axis',(0.,0.,-1.));
#7325=DIRECTION('ref_axis',(0.504512505685048,-0.863404384751082,0.));
#7326=DIRECTION('',(-0.999999999999802,6.29363850016875E-7,0.));
#7327=DIRECTION('center_axis',(0.,0.,-1.));
#7328=DIRECTION('ref_axis',(-5.31366293845538E-6,-0.999999999985882,0.));
#7329=DIRECTION('center_axis',(0.,0.,1.));
#7330=DIRECTION('ref_axis',(0.504516781968886,0.863401885978806,0.));
#7331=DIRECTION('center_axis',(0.,0.,-1.));
#7332=DIRECTION('ref_axis',(0.901027997795931,0.433760933219967,0.));
#7333=DIRECTION('',(0.,-1.,0.));
#7334=DIRECTION('center_axis',(0.,0.,-1.));
#7335=DIRECTION('ref_axis',(0.999999999998304,1.84180859620156E-6,0.));
#7336=DIRECTION('center_axis',(0.,0.,1.));
#7337=DIRECTION('ref_axis',(-0.901031864884234,0.433752900236113,0.));
#7338=DIRECTION('center_axis',(0.,0.,-1.));
#7339=DIRECTION('ref_axis',(-0.504512505685048,0.863404384751082,0.));
#7340=DIRECTION('',(1.,0.,0.));
#7341=DIRECTION('center_axis',(0.,0.,-1.));
#7342=DIRECTION('ref_axis',(3.31364931702738E-6,0.99999999999451,0.));
#7343=DIRECTION('center_axis',(0.,0.,1.));
#7344=DIRECTION('ref_axis',(-0.504518364573895,-0.863400961203821,0.));
#7345=DIRECTION('center_axis',(0.,0.,-1.));
#7346=DIRECTION('ref_axis',(-0.901027997795931,-0.433760933219967,0.));
#7347=DIRECTION('',(0.,1.,0.));
#7348=DIRECTION('center_axis',(0.,0.,-1.));
#7349=DIRECTION('ref_axis',(-0.99999999999262,-3.84181144894054E-6,0.));
#7350=DIRECTION('center_axis',(0.,0.,-1.));
#7351=DIRECTION('ref_axis',(0.,-1.,0.));
#7352=DIRECTION('center_axis',(0.,0.,-1.));
#7353=DIRECTION('ref_axis',(-3.343730521224E-14,-1.,0.));
#7354=DIRECTION('center_axis',(0.,0.,-1.));
#7355=DIRECTION('ref_axis',(0.,-1.,0.));
#7356=DIRECTION('center_axis',(0.,0.,-1.));
#7357=DIRECTION('ref_axis',(0.,-1.,0.));
#7358=DIRECTION('center_axis',(0.,0.,-1.));
#7359=DIRECTION('ref_axis',(0.,-1.,0.));
#7360=DIRECTION('center_axis',(0.,0.,1.));
#7361=DIRECTION('ref_axis',(0.504516781968886,0.863401885978806,0.));
#7362=DIRECTION('center_axis',(0.,0.,-1.));
#7363=DIRECTION('ref_axis',(0.901027997795931,0.433760933219967,0.));
#7364=DIRECTION('',(0.,-1.,0.));
#7365=DIRECTION('center_axis',(0.,0.,-1.));
#7366=DIRECTION('ref_axis',(0.99999999999262,3.84181136367254E-6,0.));
#7367=DIRECTION('center_axis',(0.,0.,1.));
#7368=DIRECTION('ref_axis',(-0.901030852831367,0.433755002560177,0.));
#7369=DIRECTION('center_axis',(0.,0.,-1.));
#7370=DIRECTION('ref_axis',(-0.504490651279965,0.863417154549941,0.));
#7371=DIRECTION('',(1.,0.,0.));
#7372=DIRECTION('center_axis',(0.,0.,-1.));
#7373=DIRECTION('ref_axis',(3.31364931702738E-6,0.99999999999451,0.));
#7374=DIRECTION('center_axis',(0.,0.,1.));
#7375=DIRECTION('ref_axis',(-0.504517972959892,-0.863401190038815,0.));
#7376=DIRECTION('center_axis',(0.,0.,-1.));
#7377=DIRECTION('ref_axis',(-0.901026284456518,-0.433764492228768,0.));
#7378=DIRECTION('',(0.,1.,0.));
#7379=DIRECTION('center_axis',(0.,0.,-1.));
#7380=DIRECTION('ref_axis',(-0.99999999999262,-3.84181144894054E-6,0.));
#7381=DIRECTION('center_axis',(0.,0.,1.));
#7382=DIRECTION('ref_axis',(0.901030449373743,-0.433755840653876,0.));
#7383=DIRECTION('center_axis',(0.,0.,-1.));
#7384=DIRECTION('ref_axis',(0.504512505685048,-0.863404384751082,0.));
#7385=DIRECTION('',(-1.,0.,0.));
#7386=DIRECTION('center_axis',(0.,0.,-1.));
#7387=DIRECTION('ref_axis',(-1.4526893459757E-5,-0.999999999894485,0.));
#7388=DIRECTION('center_axis',(0.,0.,1.));
#7389=DIRECTION('ref_axis',(0.901030449373743,-0.433755840653876,0.));
#7390=DIRECTION('center_axis',(0.,0.,-1.));
#7391=DIRECTION('ref_axis',(0.504512505685048,-0.863404384751082,0.));
#7392=DIRECTION('',(-0.999999999999802,6.29363850016875E-7,0.));
#7393=DIRECTION('center_axis',(0.,0.,-1.));
#7394=DIRECTION('ref_axis',(-5.31366293845538E-6,-0.999999999985882,0.));
#7395=DIRECTION('center_axis',(0.,0.,1.));
#7396=DIRECTION('ref_axis',(0.504516781968886,0.863401885978806,0.));
#7397=DIRECTION('center_axis',(0.,0.,-1.));
#7398=DIRECTION('ref_axis',(0.901027997795931,0.433760933219967,0.));
#7399=DIRECTION('',(0.,-1.,0.));
#7400=DIRECTION('center_axis',(0.,0.,-1.));
#7401=DIRECTION('ref_axis',(0.999999999998304,1.84180859620156E-6,0.));
#7402=DIRECTION('center_axis',(0.,0.,1.));
#7403=DIRECTION('ref_axis',(-0.901031864884234,0.433752900236113,0.));
#7404=DIRECTION('center_axis',(0.,0.,-1.));
#7405=DIRECTION('ref_axis',(-0.504512505685048,0.863404384751082,0.));
#7406=DIRECTION('',(1.,0.,0.));
#7407=DIRECTION('center_axis',(0.,0.,-1.));
#7408=DIRECTION('ref_axis',(3.31364931702738E-6,0.99999999999451,0.));
#7409=DIRECTION('center_axis',(0.,0.,1.));
#7410=DIRECTION('ref_axis',(-0.504518364573895,-0.863400961203821,0.));
#7411=DIRECTION('center_axis',(0.,0.,-1.));
#7412=DIRECTION('ref_axis',(-0.901027997795931,-0.433760933219967,0.));
#7413=DIRECTION('',(0.,1.,0.));
#7414=DIRECTION('center_axis',(0.,0.,-1.));
#7415=DIRECTION('ref_axis',(-0.999999999998304,-1.84180865304656E-6,0.));
#7416=DIRECTION('center_axis',(0.,0.,1.));
#7417=DIRECTION('ref_axis',(0.504516781968886,0.863401885978806,0.));
#7418=DIRECTION('center_axis',(0.,0.,-1.));
#7419=DIRECTION('ref_axis',(0.901027997795931,0.433760933219967,0.));
#7420=DIRECTION('',(0.,-1.,0.));
#7421=DIRECTION('center_axis',(0.,0.,-1.));
#7422=DIRECTION('ref_axis',(0.99999999999262,3.84181136367254E-6,0.));
#7423=DIRECTION('center_axis',(0.,0.,1.));
#7424=DIRECTION('ref_axis',(-0.901030852831367,0.433755002560177,0.));
#7425=DIRECTION('center_axis',(0.,0.,-1.));
#7426=DIRECTION('ref_axis',(-0.504490651279965,0.863417154549941,0.));
#7427=DIRECTION('',(1.,0.,0.));
#7428=DIRECTION('center_axis',(0.,0.,-1.));
#7429=DIRECTION('ref_axis',(3.31364931702738E-6,0.99999999999451,0.));
#7430=DIRECTION('center_axis',(0.,0.,1.));
#7431=DIRECTION('ref_axis',(-0.504517972959892,-0.863401190038815,0.));
#7432=DIRECTION('center_axis',(0.,0.,-1.));
#7433=DIRECTION('ref_axis',(-0.901026284456518,-0.433764492228768,0.));
#7434=DIRECTION('',(0.,1.,0.));
#7435=DIRECTION('center_axis',(0.,0.,-1.));
#7436=DIRECTION('ref_axis',(-0.99999999999262,-3.84181144894054E-6,0.));
#7437=DIRECTION('center_axis',(0.,0.,1.));
#7438=DIRECTION('ref_axis',(0.901030449373743,-0.433755840653876,0.));
#7439=DIRECTION('center_axis',(0.,0.,-1.));
#7440=DIRECTION('ref_axis',(0.504512505685048,-0.863404384751082,0.));
#7441=DIRECTION('',(-1.,0.,0.));
#7442=DIRECTION('center_axis',(0.,0.,-1.));
#7443=DIRECTION('ref_axis',(-1.4526893459757E-5,-0.999999999894485,0.));
#7444=DIRECTION('center_axis',(0.,0.,1.));
#7445=DIRECTION('ref_axis',(0.901030449373743,-0.433755840653876,0.));
#7446=DIRECTION('center_axis',(0.,0.,-1.));
#7447=DIRECTION('ref_axis',(0.504512505685048,-0.863404384751082,0.));
#7448=DIRECTION('',(-0.999999999999802,6.29363850016875E-7,0.));
#7449=DIRECTION('center_axis',(0.,0.,-1.));
#7450=DIRECTION('ref_axis',(-5.31366293845538E-6,-0.999999999985882,0.));
#7451=DIRECTION('center_axis',(0.,0.,1.));
#7452=DIRECTION('ref_axis',(0.504516781968886,0.863401885978806,0.));
#7453=DIRECTION('center_axis',(0.,0.,-1.));
#7454=DIRECTION('ref_axis',(0.901027997795931,0.433760933219967,0.));
#7455=DIRECTION('',(0.,-1.,0.));
#7456=DIRECTION('center_axis',(0.,0.,-1.));
#7457=DIRECTION('ref_axis',(0.999999999998304,1.84180859620156E-6,0.));
#7458=DIRECTION('center_axis',(0.,0.,1.));
#7459=DIRECTION('ref_axis',(-0.901031864884234,0.433752900236113,0.));
#7460=DIRECTION('center_axis',(0.,0.,-1.));
#7461=DIRECTION('ref_axis',(-0.504512505685048,0.863404384751082,0.));
#7462=DIRECTION('',(1.,0.,0.));
#7463=DIRECTION('center_axis',(0.,0.,-1.));
#7464=DIRECTION('ref_axis',(3.31364931702738E-6,0.99999999999451,0.));
#7465=DIRECTION('center_axis',(0.,0.,1.));
#7466=DIRECTION('ref_axis',(-0.504518364573895,-0.863400961203821,0.));
#7467=DIRECTION('center_axis',(0.,0.,-1.));
#7468=DIRECTION('ref_axis',(-0.901027997795931,-0.433760933219967,0.));
#7469=DIRECTION('',(0.,1.,0.));
#7470=DIRECTION('center_axis',(0.,0.,-1.));
#7471=DIRECTION('ref_axis',(-0.999999999998304,-1.84180865304656E-6,0.));
#7472=DIRECTION('center_axis',(0.,0.,1.));
#7473=DIRECTION('ref_axis',(0.504516781968886,0.863401885978806,0.));
#7474=DIRECTION('center_axis',(0.,0.,-1.));
#7475=DIRECTION('ref_axis',(0.901027997795931,0.433760933219967,0.));
#7476=DIRECTION('',(0.,-1.,0.));
#7477=DIRECTION('center_axis',(0.,0.,-1.));
#7478=DIRECTION('ref_axis',(0.99999999999262,3.84181136367254E-6,0.));
#7479=DIRECTION('center_axis',(0.,0.,1.));
#7480=DIRECTION('ref_axis',(-0.901031864884234,0.433752900236113,0.));
#7481=DIRECTION('center_axis',(0.,0.,-1.));
#7482=DIRECTION('ref_axis',(-0.504512505685048,0.863404384751082,0.));
#7483=DIRECTION('',(1.,0.,0.));
#7484=DIRECTION('center_axis',(0.,0.,-1.));
#7485=DIRECTION('ref_axis',(3.31364931702738E-6,0.99999999999451,0.));
#7486=DIRECTION('center_axis',(0.,0.,1.));
#7487=DIRECTION('ref_axis',(-0.504517972959892,-0.863401190038815,0.));
#7488=DIRECTION('center_axis',(0.,0.,-1.));
#7489=DIRECTION('ref_axis',(-0.901026284456518,-0.433764492228768,0.));
#7490=DIRECTION('',(0.,1.,0.));
#7491=DIRECTION('center_axis',(0.,0.,-1.));
#7492=DIRECTION('ref_axis',(-0.99999999999262,-3.84181144894054E-6,0.));
#7493=DIRECTION('center_axis',(0.,0.,1.));
#7494=DIRECTION('ref_axis',(0.901030449373743,-0.433755840653876,0.));
#7495=DIRECTION('center_axis',(0.,0.,-1.));
#7496=DIRECTION('ref_axis',(0.504512505685048,-0.863404384751082,0.));
#7497=DIRECTION('',(-1.,0.,0.));
#7498=DIRECTION('center_axis',(0.,0.,-1.));
#7499=DIRECTION('ref_axis',(-1.4526893459757E-5,-0.999999999894485,0.));
#7500=DIRECTION('center_axis',(0.,0.,-1.));
#7501=DIRECTION('ref_axis',(0.,-1.,0.));
#7502=DIRECTION('center_axis',(0.,0.,-1.));
#7503=DIRECTION('ref_axis',(-3.343730521224E-14,-1.,0.));
#7504=DIRECTION('center_axis',(0.,0.,-1.));
#7505=DIRECTION('ref_axis',(0.,-1.,0.));
#7506=DIRECTION('center_axis',(0.,0.,-1.));
#7507=DIRECTION('ref_axis',(0.,-1.,0.));
#7508=DIRECTION('center_axis',(0.,0.,-1.));
#7509=DIRECTION('ref_axis',(0.,-1.,0.));
#7510=DIRECTION('center_axis',(0.,0.,-1.));
#7511=DIRECTION('ref_axis',(0.,-1.,0.));
#7512=DIRECTION('center_axis',(0.,0.,-1.));
#7513=DIRECTION('ref_axis',(0.,-1.,0.));
#7514=DIRECTION('center_axis',(0.,0.,-1.));
#7515=DIRECTION('ref_axis',(0.,-1.,0.));
#7516=DIRECTION('center_axis',(0.,0.,-1.));
#7517=DIRECTION('ref_axis',(0.,-1.,0.));
#7518=DIRECTION('center_axis',(0.,0.,-1.));
#7519=DIRECTION('ref_axis',(0.,-1.,0.));
#7520=DIRECTION('center_axis',(0.,0.,-1.));
#7521=DIRECTION('ref_axis',(0.,-1.,0.));
#7522=DIRECTION('center_axis',(0.,0.,-1.));
#7523=DIRECTION('ref_axis',(0.,-1.,0.));
#7524=DIRECTION('center_axis',(0.,0.,-1.));
#7525=DIRECTION('ref_axis',(0.,-1.,0.));
#7526=DIRECTION('center_axis',(0.,0.,-1.));
#7527=DIRECTION('ref_axis',(0.,-1.,0.));
#7528=DIRECTION('center_axis',(0.,0.,-1.));
#7529=DIRECTION('ref_axis',(0.,-1.,0.));
#7530=DIRECTION('center_axis',(0.,0.,-1.));
#7531=DIRECTION('ref_axis',(-3.343730521224E-14,-1.,0.));
#7532=DIRECTION('center_axis',(0.,0.,-1.));
#7533=DIRECTION('ref_axis',(0.,-1.,0.));
#7534=DIRECTION('center_axis',(0.,0.,-1.));
#7535=DIRECTION('ref_axis',(0.,-1.,0.));
#7536=DIRECTION('center_axis',(0.,0.,-1.));
#7537=DIRECTION('ref_axis',(0.,-1.,0.));
#7538=DIRECTION('center_axis',(0.,0.,-1.));
#7539=DIRECTION('ref_axis',(0.,-1.,0.));
#7540=DIRECTION('center_axis',(0.,0.,-1.));
#7541=DIRECTION('ref_axis',(0.,-1.,0.));
#7542=DIRECTION('center_axis',(0.,0.,-1.));
#7543=DIRECTION('ref_axis',(0.,-1.,0.));
#7544=DIRECTION('center_axis',(0.,0.,-1.));
#7545=DIRECTION('ref_axis',(0.,-1.,0.));
#7546=DIRECTION('center_axis',(0.,0.,-1.));
#7547=DIRECTION('ref_axis',(0.,-1.,0.));
#7548=DIRECTION('center_axis',(0.,0.,-1.));
#7549=DIRECTION('ref_axis',(0.,-1.,0.));
#7550=DIRECTION('center_axis',(0.,0.,-1.));
#7551=DIRECTION('ref_axis',(0.,-1.,0.));
#7552=DIRECTION('center_axis',(0.,0.,-1.));
#7553=DIRECTION('ref_axis',(0.,-1.,0.));
#7554=DIRECTION('center_axis',(0.,0.,-1.));
#7555=DIRECTION('ref_axis',(0.,-1.,0.));
#7556=DIRECTION('center_axis',(0.,0.,-1.));
#7557=DIRECTION('ref_axis',(0.,-1.,0.));
#7558=DIRECTION('center_axis',(0.,0.,-1.));
#7559=DIRECTION('ref_axis',(0.,-1.,0.));
#7560=DIRECTION('center_axis',(0.,0.,-1.));
#7561=DIRECTION('ref_axis',(0.,-1.,0.));
#7562=DIRECTION('center_axis',(0.,0.,-1.));
#7563=DIRECTION('ref_axis',(0.,-1.,0.));
#7564=DIRECTION('center_axis',(0.,0.,-1.));
#7565=DIRECTION('ref_axis',(0.,-1.,0.));
#7566=DIRECTION('center_axis',(0.,0.,-1.));
#7567=DIRECTION('ref_axis',(0.,-1.,0.));
#7568=DIRECTION('center_axis',(0.,0.,-1.));
#7569=DIRECTION('ref_axis',(-3.343730521224E-14,-1.,0.));
#7570=DIRECTION('center_axis',(0.,0.,-1.));
#7571=DIRECTION('ref_axis',(0.,-1.,0.));
#7572=DIRECTION('center_axis',(0.,0.,-1.));
#7573=DIRECTION('ref_axis',(0.,-1.,0.));
#7574=DIRECTION('center_axis',(0.,0.,-1.));
#7575=DIRECTION('ref_axis',(0.,-1.,0.));
#7576=DIRECTION('center_axis',(0.,0.,-1.));
#7577=DIRECTION('ref_axis',(0.,-1.,0.));
#7578=DIRECTION('center_axis',(0.,0.,-1.));
#7579=DIRECTION('ref_axis',(0.,-1.,0.));
#7580=DIRECTION('center_axis',(0.,0.,-1.));
#7581=DIRECTION('ref_axis',(0.,-1.,0.));
#7582=DIRECTION('center_axis',(0.,0.,-1.));
#7583=DIRECTION('ref_axis',(0.,-1.,0.));
#7584=DIRECTION('center_axis',(0.,0.,-1.));
#7585=DIRECTION('ref_axis',(0.,-1.,0.));
#7586=DIRECTION('center_axis',(0.,0.,-1.));
#7587=DIRECTION('ref_axis',(0.,-1.,0.));
#7588=DIRECTION('center_axis',(0.,0.,-1.));
#7589=DIRECTION('ref_axis',(0.,-1.,0.));
#7590=DIRECTION('center_axis',(0.,0.,-1.));
#7591=DIRECTION('ref_axis',(0.,-1.,0.));
#7592=DIRECTION('',(1.,0.,0.));
#7593=DIRECTION('center_axis',(0.,0.,-1.));
#7594=DIRECTION('ref_axis',(0.,1.,0.));
#7595=DIRECTION('',(-1.,0.,0.));
#7596=DIRECTION('center_axis',(0.,0.,-1.));
#7597=DIRECTION('ref_axis',(0.,-1.,0.));
#7598=DIRECTION('center_axis',(0.,0.,-1.));
#7599=DIRECTION('ref_axis',(0.,-1.,0.));
#7600=DIRECTION('center_axis',(0.,0.,-1.));
#7601=DIRECTION('ref_axis',(0.,-1.,0.));
#7602=DIRECTION('center_axis',(0.,0.,-1.));
#7603=DIRECTION('ref_axis',(0.,-1.,0.));
#7604=DIRECTION('center_axis',(0.,0.,-1.));
#7605=DIRECTION('ref_axis',(0.,-1.,0.));
#7606=DIRECTION('',(1.,0.,0.));
#7607=DIRECTION('center_axis',(0.,0.,-1.));
#7608=DIRECTION('ref_axis',(0.,1.,0.));
#7609=DIRECTION('',(-1.,0.,0.));
#7610=DIRECTION('center_axis',(0.,0.,1.));
#7611=DIRECTION('ref_axis',(1.,0.,0.));
#7612=DIRECTION('center_axis',(0.,0.,-1.));
#7613=DIRECTION('ref_axis',(0.,-1.,0.));
#7614=DIRECTION('center_axis',(0.,0.,-1.));
#7615=DIRECTION('ref_axis',(0.,-1.,0.));
#7616=DIRECTION('center_axis',(0.,0.,-1.));
#7617=DIRECTION('ref_axis',(0.,-1.,0.));
#7618=DIRECTION('center_axis',(0.,0.,-1.));
#7619=DIRECTION('ref_axis',(0.,-1.,0.));
#7620=DIRECTION('center_axis',(0.,0.,-1.));
#7621=DIRECTION('ref_axis',(0.,-1.,0.));
#7622=DIRECTION('center_axis',(0.,0.,-1.));
#7623=DIRECTION('ref_axis',(0.,-1.,0.));
#7624=DIRECTION('center_axis',(0.,0.,-1.));
#7625=DIRECTION('ref_axis',(0.,-1.,0.));
#7626=DIRECTION('center_axis',(0.,0.,-1.));
#7627=DIRECTION('ref_axis',(0.,-1.,0.));
#7628=DIRECTION('center_axis',(0.,0.,-1.));
#7629=DIRECTION('ref_axis',(0.,-1.,0.));
#7630=DIRECTION('center_axis',(0.,0.,-1.));
#7631=DIRECTION('ref_axis',(0.,-1.,0.));
#7632=DIRECTION('center_axis',(0.,0.,-1.));
#7633=DIRECTION('ref_axis',(0.,-1.,0.));
#7634=DIRECTION('center_axis',(0.,0.,-1.));
#7635=DIRECTION('ref_axis',(0.,-1.,0.));
#7636=DIRECTION('center_axis',(0.,0.,1.));
#7637=DIRECTION('ref_axis',(0.901030449373743,-0.433755840653876,0.));
#7638=DIRECTION('center_axis',(0.,0.,-1.));
#7639=DIRECTION('ref_axis',(-0.999999999998304,-1.84180865304656E-6,0.));
#7640=DIRECTION('',(0.,1.,0.));
#7641=DIRECTION('center_axis',(0.,0.,-1.));
#7642=DIRECTION('ref_axis',(-0.901027997795931,-0.433760933219967,0.));
#7643=DIRECTION('center_axis',(0.,0.,1.));
#7644=DIRECTION('ref_axis',(-0.504518364573895,-0.863400961203821,0.));
#7645=DIRECTION('center_axis',(0.,0.,-1.));
#7646=DIRECTION('ref_axis',(3.31364931702738E-6,0.99999999999451,0.));
#7647=DIRECTION('',(1.,0.,0.));
#7648=DIRECTION('center_axis',(0.,0.,-1.));
#7649=DIRECTION('ref_axis',(-0.504512505685048,0.863404384751082,0.));
#7650=DIRECTION('center_axis',(0.,0.,1.));
#7651=DIRECTION('ref_axis',(-0.901031864884234,0.433752900236113,0.));
#7652=DIRECTION('center_axis',(0.,0.,-1.));
#7653=DIRECTION('ref_axis',(0.999999999998304,1.84180859620156E-6,0.));
#7654=DIRECTION('',(0.,-1.,0.));
#7655=DIRECTION('center_axis',(0.,0.,-1.));
#7656=DIRECTION('ref_axis',(0.901027997795931,0.433760933219967,0.));
#7657=DIRECTION('center_axis',(0.,0.,1.));
#7658=DIRECTION('ref_axis',(0.504516781968886,0.863401885978806,0.));
#7659=DIRECTION('center_axis',(0.,0.,-1.));
#7660=DIRECTION('ref_axis',(-5.31366293845538E-6,-0.999999999985882,0.));
#7661=DIRECTION('',(-0.999999999999802,6.29363850016875E-7,0.));
#7662=DIRECTION('center_axis',(0.,0.,-1.));
#7663=DIRECTION('ref_axis',(0.504512505685048,-0.863404384751082,0.));
#7664=DIRECTION('center_axis',(0.,0.,-1.));
#7665=DIRECTION('ref_axis',(0.,-1.,0.));
#7666=DIRECTION('center_axis',(0.,0.,1.));
#7667=DIRECTION('ref_axis',(0.901030449373743,-0.433755840653876,0.));
#7668=DIRECTION('center_axis',(0.,0.,-1.));
#7669=DIRECTION('ref_axis',(-0.99999999999262,-3.84181144894054E-6,0.));
#7670=DIRECTION('',(0.,1.,0.));
#7671=DIRECTION('center_axis',(0.,0.,-1.));
#7672=DIRECTION('ref_axis',(-0.901027997795931,-0.433760933219967,0.));
#7673=DIRECTION('center_axis',(0.,0.,1.));
#7674=DIRECTION('ref_axis',(-0.504518364573895,-0.863400961203821,0.));
#7675=DIRECTION('center_axis',(0.,0.,-1.));
#7676=DIRECTION('ref_axis',(3.31364931702738E-6,0.99999999999451,0.));
#7677=DIRECTION('',(1.,0.,0.));
#7678=DIRECTION('center_axis',(0.,0.,-1.));
#7679=DIRECTION('ref_axis',(-0.504512505685048,0.863404384751082,0.));
#7680=DIRECTION('center_axis',(0.,0.,1.));
#7681=DIRECTION('ref_axis',(-0.901031864884234,0.433752900236113,0.));
#7682=DIRECTION('center_axis',(0.,0.,-1.));
#7683=DIRECTION('ref_axis',(0.999999999998304,1.84180859620156E-6,0.));
#7684=DIRECTION('',(0.,-1.,0.));
#7685=DIRECTION('center_axis',(0.,0.,-1.));
#7686=DIRECTION('ref_axis',(0.901027997795931,0.433760933219967,0.));
#7687=DIRECTION('center_axis',(0.,0.,1.));
#7688=DIRECTION('ref_axis',(0.504516781968886,0.863401885978806,0.));
#7689=DIRECTION('center_axis',(0.,0.,-1.));
#7690=DIRECTION('ref_axis',(-5.31366293845538E-6,-0.999999999985882,0.));
#7691=DIRECTION('',(-0.999999999999802,6.29363850016875E-7,0.));
#7692=DIRECTION('center_axis',(0.,0.,-1.));
#7693=DIRECTION('ref_axis',(0.504512505685048,-0.863404384751082,0.));
#7694=DIRECTION('center_axis',(0.,0.,-1.));
#7695=DIRECTION('ref_axis',(0.,-1.,0.));
#7696=DIRECTION('center_axis',(0.,0.,-1.));
#7697=DIRECTION('ref_axis',(-3.343730521224E-14,-1.,0.));
#7698=DIRECTION('center_axis',(0.,0.,-1.));
#7699=DIRECTION('ref_axis',(0.,-1.,0.));
#7700=DIRECTION('center_axis',(0.,0.,-1.));
#7701=DIRECTION('ref_axis',(0.,-1.,0.));
#7702=DIRECTION('center_axis',(0.,0.,-1.));
#7703=DIRECTION('ref_axis',(0.,-1.,0.));
#7704=DIRECTION('center_axis',(0.,0.,1.));
#7705=DIRECTION('ref_axis',(0.504516781968886,0.863401885978806,0.));
#7706=DIRECTION('center_axis',(0.,0.,-1.));
#7707=DIRECTION('ref_axis',(-1.4526893459757E-5,-0.999999999894485,0.));
#7708=DIRECTION('',(-1.,0.,0.));
#7709=DIRECTION('center_axis',(0.,0.,-1.));
#7710=DIRECTION('ref_axis',(0.504512505685048,-0.863404384751082,0.));
#7711=DIRECTION('center_axis',(0.,0.,1.));
#7712=DIRECTION('ref_axis',(0.901030449373743,-0.433755840653876,0.));
#7713=DIRECTION('center_axis',(0.,0.,-1.));
#7714=DIRECTION('ref_axis',(-0.99999999999262,-3.84181144894054E-6,0.));
#7715=DIRECTION('',(0.,1.,0.));
#7716=DIRECTION('center_axis',(0.,0.,-1.));
#7717=DIRECTION('ref_axis',(-0.901026284456518,-0.433764492228768,0.));
#7718=DIRECTION('center_axis',(0.,0.,1.));
#7719=DIRECTION('ref_axis',(-0.504517972959892,-0.863401190038815,0.));
#7720=DIRECTION('center_axis',(0.,0.,-1.));
#7721=DIRECTION('ref_axis',(3.31364931702738E-6,0.99999999999451,0.));
#7722=DIRECTION('',(1.,0.,0.));
#7723=DIRECTION('center_axis',(0.,0.,-1.));
#7724=DIRECTION('ref_axis',(-0.504490651279965,0.863417154549941,0.));
#7725=DIRECTION('center_axis',(0.,0.,1.));
#7726=DIRECTION('ref_axis',(-0.901030852831367,0.433755002560177,0.));
#7727=DIRECTION('center_axis',(0.,0.,-1.));
#7728=DIRECTION('ref_axis',(0.99999999999262,3.84181136367254E-6,0.));
#7729=DIRECTION('',(0.,-1.,0.));
#7730=DIRECTION('center_axis',(0.,0.,-1.));
#7731=DIRECTION('ref_axis',(0.901027997795931,0.433760933219967,0.));
#7732=DIRECTION('center_axis',(0.,0.,1.));
#7733=DIRECTION('ref_axis',(0.901030449373743,-0.433755840653876,0.));
#7734=DIRECTION('center_axis',(0.,0.,-1.));
#7735=DIRECTION('ref_axis',(-0.999999999998304,-1.84180865304656E-6,0.));
#7736=DIRECTION('',(0.,1.,0.));
#7737=DIRECTION('center_axis',(0.,0.,-1.));
#7738=DIRECTION('ref_axis',(-0.901027997795931,-0.433760933219967,0.));
#7739=DIRECTION('center_axis',(0.,0.,1.));
#7740=DIRECTION('ref_axis',(-0.504518364573895,-0.863400961203821,0.));
#7741=DIRECTION('center_axis',(0.,0.,-1.));
#7742=DIRECTION('ref_axis',(3.31364931702738E-6,0.99999999999451,0.));
#7743=DIRECTION('',(1.,0.,0.));
#7744=DIRECTION('center_axis',(0.,0.,-1.));
#7745=DIRECTION('ref_axis',(-0.504512505685048,0.863404384751082,0.));
#7746=DIRECTION('center_axis',(0.,0.,1.));
#7747=DIRECTION('ref_axis',(-0.901031864884234,0.433752900236113,0.));
#7748=DIRECTION('center_axis',(0.,0.,-1.));
#7749=DIRECTION('ref_axis',(0.999999999998304,1.84180859620156E-6,0.));
#7750=DIRECTION('',(0.,-1.,0.));
#7751=DIRECTION('center_axis',(0.,0.,-1.));
#7752=DIRECTION('ref_axis',(0.901027997795931,0.433760933219967,0.));
#7753=DIRECTION('center_axis',(0.,0.,1.));
#7754=DIRECTION('ref_axis',(0.504516781968886,0.863401885978806,0.));
#7755=DIRECTION('center_axis',(0.,0.,-1.));
#7756=DIRECTION('ref_axis',(-5.31366293845538E-6,-0.999999999985882,0.));
#7757=DIRECTION('',(-0.999999999999802,6.29363850016875E-7,0.));
#7758=DIRECTION('center_axis',(0.,0.,-1.));
#7759=DIRECTION('ref_axis',(0.504512505685048,-0.863404384751082,0.));
#7760=DIRECTION('center_axis',(0.,0.,1.));
#7761=DIRECTION('ref_axis',(0.504516781968886,0.863401885978806,0.));
#7762=DIRECTION('center_axis',(0.,0.,-1.));
#7763=DIRECTION('ref_axis',(-1.4526893459757E-5,-0.999999999894485,0.));
#7764=DIRECTION('',(-1.,0.,0.));
#7765=DIRECTION('center_axis',(0.,0.,-1.));
#7766=DIRECTION('ref_axis',(0.504512505685048,-0.863404384751082,0.));
#7767=DIRECTION('center_axis',(0.,0.,1.));
#7768=DIRECTION('ref_axis',(0.901030449373743,-0.433755840653876,0.));
#7769=DIRECTION('center_axis',(0.,0.,-1.));
#7770=DIRECTION('ref_axis',(-0.99999999999262,-3.84181144894054E-6,0.));
#7771=DIRECTION('',(0.,1.,0.));
#7772=DIRECTION('center_axis',(0.,0.,-1.));
#7773=DIRECTION('ref_axis',(-0.901026284456518,-0.433764492228768,0.));
#7774=DIRECTION('center_axis',(0.,0.,1.));
#7775=DIRECTION('ref_axis',(-0.504517972959892,-0.863401190038815,0.));
#7776=DIRECTION('center_axis',(0.,0.,-1.));
#7777=DIRECTION('ref_axis',(3.31364931702738E-6,0.99999999999451,0.));
#7778=DIRECTION('',(1.,0.,0.));
#7779=DIRECTION('center_axis',(0.,0.,-1.));
#7780=DIRECTION('ref_axis',(-0.504490651279965,0.863417154549941,0.));
#7781=DIRECTION('center_axis',(0.,0.,1.));
#7782=DIRECTION('ref_axis',(-0.901030852831367,0.433755002560177,0.));
#7783=DIRECTION('center_axis',(0.,0.,-1.));
#7784=DIRECTION('ref_axis',(0.99999999999262,3.84181136367254E-6,0.));
#7785=DIRECTION('',(0.,-1.,0.));
#7786=DIRECTION('center_axis',(0.,0.,-1.));
#7787=DIRECTION('ref_axis',(0.901027997795931,0.433760933219967,0.));
#7788=DIRECTION('center_axis',(0.,0.,1.));
#7789=DIRECTION('ref_axis',(0.901030449373743,-0.433755840653876,0.));
#7790=DIRECTION('center_axis',(0.,0.,-1.));
#7791=DIRECTION('ref_axis',(-0.999999999998304,-1.84180865304656E-6,0.));
#7792=DIRECTION('',(0.,1.,0.));
#7793=DIRECTION('center_axis',(0.,0.,-1.));
#7794=DIRECTION('ref_axis',(-0.901027997795931,-0.433760933219967,0.));
#7795=DIRECTION('center_axis',(0.,0.,1.));
#7796=DIRECTION('ref_axis',(-0.504518364573895,-0.863400961203821,0.));
#7797=DIRECTION('center_axis',(0.,0.,-1.));
#7798=DIRECTION('ref_axis',(3.31364931702738E-6,0.99999999999451,0.));
#7799=DIRECTION('',(1.,0.,0.));
#7800=DIRECTION('center_axis',(0.,0.,-1.));
#7801=DIRECTION('ref_axis',(-0.504512505685048,0.863404384751082,0.));
#7802=DIRECTION('center_axis',(0.,0.,1.));
#7803=DIRECTION('ref_axis',(-0.901031864884234,0.433752900236113,0.));
#7804=DIRECTION('center_axis',(0.,0.,-1.));
#7805=DIRECTION('ref_axis',(0.999999999998304,1.84180859620156E-6,0.));
#7806=DIRECTION('',(0.,-1.,0.));
#7807=DIRECTION('center_axis',(0.,0.,-1.));
#7808=DIRECTION('ref_axis',(0.901027997795931,0.433760933219967,0.));
#7809=DIRECTION('center_axis',(0.,0.,1.));
#7810=DIRECTION('ref_axis',(0.504516781968886,0.863401885978806,0.));
#7811=DIRECTION('center_axis',(0.,0.,-1.));
#7812=DIRECTION('ref_axis',(-5.31366293845538E-6,-0.999999999985882,0.));
#7813=DIRECTION('',(-0.999999999999802,6.29363850016875E-7,0.));
#7814=DIRECTION('center_axis',(0.,0.,-1.));
#7815=DIRECTION('ref_axis',(0.504512505685048,-0.863404384751082,0.));
#7816=DIRECTION('center_axis',(0.,0.,1.));
#7817=DIRECTION('ref_axis',(0.504516781968886,0.863401885978806,0.));
#7818=DIRECTION('center_axis',(0.,0.,-1.));
#7819=DIRECTION('ref_axis',(-1.4526893459757E-5,-0.999999999894485,0.));
#7820=DIRECTION('',(-1.,0.,0.));
#7821=DIRECTION('center_axis',(0.,0.,-1.));
#7822=DIRECTION('ref_axis',(0.504512505685048,-0.863404384751082,0.));
#7823=DIRECTION('center_axis',(0.,0.,1.));
#7824=DIRECTION('ref_axis',(0.901030449373743,-0.433755840653876,0.));
#7825=DIRECTION('center_axis',(0.,0.,-1.));
#7826=DIRECTION('ref_axis',(-0.99999999999262,-3.84181144894054E-6,0.));
#7827=DIRECTION('',(0.,1.,0.));
#7828=DIRECTION('center_axis',(0.,0.,-1.));
#7829=DIRECTION('ref_axis',(-0.901026284456518,-0.433764492228768,0.));
#7830=DIRECTION('center_axis',(0.,0.,1.));
#7831=DIRECTION('ref_axis',(-0.504517972959892,-0.863401190038815,0.));
#7832=DIRECTION('center_axis',(0.,0.,-1.));
#7833=DIRECTION('ref_axis',(3.31364931702738E-6,0.99999999999451,0.));
#7834=DIRECTION('',(1.,0.,0.));
#7835=DIRECTION('center_axis',(0.,0.,-1.));
#7836=DIRECTION('ref_axis',(-0.504512505685048,0.863404384751082,0.));
#7837=DIRECTION('center_axis',(0.,0.,1.));
#7838=DIRECTION('ref_axis',(-0.901031864884234,0.433752900236113,0.));
#7839=DIRECTION('center_axis',(0.,0.,-1.));
#7840=DIRECTION('ref_axis',(0.99999999999262,3.84181136367254E-6,0.));
#7841=DIRECTION('',(0.,-1.,0.));
#7842=DIRECTION('center_axis',(0.,0.,-1.));
#7843=DIRECTION('ref_axis',(0.901027997795931,0.433760933219967,0.));
#7844=DIRECTION('center_axis',(0.,0.,-1.));
#7845=DIRECTION('ref_axis',(0.,-1.,0.));
#7846=DIRECTION('center_axis',(0.,0.,-1.));
#7847=DIRECTION('ref_axis',(-3.343730521224E-14,-1.,0.));
#7848=DIRECTION('center_axis',(0.,0.,-1.));
#7849=DIRECTION('ref_axis',(0.,-1.,0.));
#7850=DIRECTION('center_axis',(0.,0.,-1.));
#7851=DIRECTION('ref_axis',(0.,-1.,0.));
#7852=DIRECTION('center_axis',(0.,0.,-1.));
#7853=DIRECTION('ref_axis',(0.,-1.,0.));
#7854=DIRECTION('center_axis',(0.,0.,-1.));
#7855=DIRECTION('ref_axis',(0.,-1.,0.));
#7856=DIRECTION('center_axis',(0.,0.,-1.));
#7857=DIRECTION('ref_axis',(0.,-1.,0.));
#7858=DIRECTION('center_axis',(0.,0.,-1.));
#7859=DIRECTION('ref_axis',(0.,-1.,0.));
#7860=DIRECTION('center_axis',(0.,0.,-1.));
#7861=DIRECTION('ref_axis',(0.,-1.,0.));
#7862=DIRECTION('center_axis',(0.,0.,-1.));
#7863=DIRECTION('ref_axis',(0.,-1.,0.));
#7864=DIRECTION('center_axis',(0.,0.,-1.));
#7865=DIRECTION('ref_axis',(0.,-1.,0.));
#7866=DIRECTION('center_axis',(0.,0.,-1.));
#7867=DIRECTION('ref_axis',(0.,-1.,0.));
#7868=DIRECTION('center_axis',(0.,0.,-1.));
#7869=DIRECTION('ref_axis',(0.,-1.,0.));
#7870=DIRECTION('center_axis',(0.,0.,-1.));
#7871=DIRECTION('ref_axis',(0.,-1.,0.));
#7872=DIRECTION('center_axis',(0.,0.,-1.));
#7873=DIRECTION('ref_axis',(0.,-1.,0.));
#7874=DIRECTION('center_axis',(0.,0.,-1.));
#7875=DIRECTION('ref_axis',(-3.343730521224E-14,-1.,0.));
#7876=DIRECTION('center_axis',(0.,0.,-1.));
#7877=DIRECTION('ref_axis',(0.,-1.,0.));
#7878=DIRECTION('center_axis',(0.,0.,-1.));
#7879=DIRECTION('ref_axis',(0.,-1.,0.));
#7880=DIRECTION('center_axis',(0.,0.,-1.));
#7881=DIRECTION('ref_axis',(0.,-1.,0.));
#7882=DIRECTION('center_axis',(0.,0.,-1.));
#7883=DIRECTION('ref_axis',(0.,-1.,0.));
#7884=DIRECTION('center_axis',(0.,0.,-1.));
#7885=DIRECTION('ref_axis',(0.,-1.,0.));
#7886=DIRECTION('center_axis',(0.,0.,-1.));
#7887=DIRECTION('ref_axis',(0.,-1.,0.));
#7888=DIRECTION('center_axis',(0.,0.,-1.));
#7889=DIRECTION('ref_axis',(0.,-1.,0.));
#7890=DIRECTION('center_axis',(0.,0.,-1.));
#7891=DIRECTION('ref_axis',(0.,-1.,0.));
#7892=DIRECTION('center_axis',(0.,0.,-1.));
#7893=DIRECTION('ref_axis',(0.,-1.,0.));
#7894=DIRECTION('center_axis',(0.,0.,-1.));
#7895=DIRECTION('ref_axis',(0.,-1.,0.));
#7896=DIRECTION('center_axis',(0.,0.,-1.));
#7897=DIRECTION('ref_axis',(0.,-1.,0.));
#7898=DIRECTION('center_axis',(0.,0.,-1.));
#7899=DIRECTION('ref_axis',(0.,-1.,0.));
#7900=DIRECTION('center_axis',(0.,0.,-1.));
#7901=DIRECTION('ref_axis',(0.,-1.,0.));
#7902=DIRECTION('center_axis',(0.,0.,-1.));
#7903=DIRECTION('ref_axis',(0.,-1.,0.));
#7904=DIRECTION('center_axis',(0.,0.,-1.));
#7905=DIRECTION('ref_axis',(0.,-1.,0.));
#7906=DIRECTION('center_axis',(0.,0.,-1.));
#7907=DIRECTION('ref_axis',(0.,-1.,0.));
#7908=DIRECTION('center_axis',(0.,0.,-1.));
#7909=DIRECTION('ref_axis',(0.,-1.,0.));
#7910=DIRECTION('center_axis',(0.,0.,-1.));
#7911=DIRECTION('ref_axis',(0.,-1.,0.));
#7912=DIRECTION('center_axis',(0.,0.,-1.));
#7913=DIRECTION('ref_axis',(-3.343730521224E-14,-1.,0.));
#7914=DIRECTION('center_axis',(0.,0.,-1.));
#7915=DIRECTION('ref_axis',(0.,-1.,0.));
#7916=DIRECTION('center_axis',(0.,0.,-1.));
#7917=DIRECTION('ref_axis',(0.,-1.,0.));
#7918=DIRECTION('center_axis',(0.,0.,-1.));
#7919=DIRECTION('ref_axis',(0.,-1.,0.));
#7920=DIRECTION('center_axis',(0.,0.,-1.));
#7921=DIRECTION('ref_axis',(0.,-1.,0.));
#7922=DIRECTION('center_axis',(0.,0.,-1.));
#7923=DIRECTION('ref_axis',(0.,-1.,0.));
#7924=DIRECTION('center_axis',(0.,0.,-1.));
#7925=DIRECTION('ref_axis',(0.,-1.,0.));
#7926=DIRECTION('center_axis',(0.,0.,-1.));
#7927=DIRECTION('ref_axis',(0.,-1.,0.));
#7928=DIRECTION('center_axis',(0.,0.,-1.));
#7929=DIRECTION('ref_axis',(0.,-1.,0.));
#7930=DIRECTION('center_axis',(0.,0.,-1.));
#7931=DIRECTION('ref_axis',(0.,-1.,0.));
#7932=DIRECTION('center_axis',(0.,0.,-1.));
#7933=DIRECTION('ref_axis',(0.,-1.,0.));
#7934=DIRECTION('center_axis',(0.,0.,-1.));
#7935=DIRECTION('ref_axis',(0.,-1.,0.));
#7936=DIRECTION('',(-1.,0.,0.));
#7937=DIRECTION('center_axis',(0.,0.,-1.));
#7938=DIRECTION('ref_axis',(0.,1.,0.));
#7939=DIRECTION('',(1.,0.,0.));
#7940=DIRECTION('center_axis',(0.,0.,-1.));
#7941=DIRECTION('ref_axis',(0.,-1.,0.));
#7942=DIRECTION('center_axis',(0.,0.,-1.));
#7943=DIRECTION('ref_axis',(0.,-1.,0.));
#7944=DIRECTION('center_axis',(0.,0.,-1.));
#7945=DIRECTION('ref_axis',(0.,-1.,0.));
#7946=DIRECTION('center_axis',(0.,0.,-1.));
#7947=DIRECTION('ref_axis',(0.,-1.,0.));
#7948=DIRECTION('center_axis',(0.,0.,-1.));
#7949=DIRECTION('ref_axis',(0.,-1.,0.));
#7950=DIRECTION('',(-1.,0.,0.));
#7951=DIRECTION('center_axis',(0.,0.,-1.));
#7952=DIRECTION('ref_axis',(0.,1.,0.));
#7953=DIRECTION('',(1.,0.,0.));
#7954=DIRECTION('center_axis',(0.,0.,-1.));
#7955=DIRECTION('ref_axis',(0.,-1.,0.));
#7956=DIRECTION('',(0.,0.,-1.));
#7957=DIRECTION('center_axis',(0.,0.,-1.));
#7958=DIRECTION('ref_axis',(0.,-1.,0.));
#7959=DIRECTION('',(0.,0.,-1.));
#7960=DIRECTION('center_axis',(0.,0.,-1.));
#7961=DIRECTION('ref_axis',(0.,-1.,0.));
#7962=DIRECTION('',(0.,0.,-1.));
#7963=DIRECTION('center_axis',(0.,0.,-1.));
#7964=DIRECTION('ref_axis',(0.,-1.,0.));
#7965=DIRECTION('',(0.,0.,-1.));
#7966=DIRECTION('center_axis',(0.,0.,-1.));
#7967=DIRECTION('ref_axis',(0.,-1.,0.));
#7968=DIRECTION('',(0.,0.,-1.));
#7969=DIRECTION('center_axis',(0.,0.,-1.));
#7970=DIRECTION('ref_axis',(0.,-1.,0.));
#7971=DIRECTION('',(0.,0.,-1.));
#7972=DIRECTION('center_axis',(0.,0.,-1.));
#7973=DIRECTION('ref_axis',(0.,-1.,0.));
#7974=DIRECTION('',(0.,0.,-1.));
#7975=DIRECTION('center_axis',(0.,0.,-1.));
#7976=DIRECTION('ref_axis',(0.,-1.,0.));
#7977=DIRECTION('',(0.,0.,-1.));
#7978=DIRECTION('center_axis',(0.,0.,-1.));
#7979=DIRECTION('ref_axis',(0.,-1.,0.));
#7980=DIRECTION('',(0.,0.,-1.));
#7981=DIRECTION('center_axis',(0.,0.,-1.));
#7982=DIRECTION('ref_axis',(0.,-1.,0.));
#7983=DIRECTION('',(0.,0.,-1.));
#7984=DIRECTION('center_axis',(0.,0.,-1.));
#7985=DIRECTION('ref_axis',(0.,-1.,0.));
#7986=DIRECTION('',(0.,0.,-1.));
#7987=DIRECTION('center_axis',(0.,0.,-1.));
#7988=DIRECTION('ref_axis',(0.,-1.,0.));
#7989=DIRECTION('',(0.,0.,-1.));
#7990=DIRECTION('center_axis',(0.,0.,-1.));
#7991=DIRECTION('ref_axis',(0.901030449373743,-0.433755840653876,0.));
#7992=DIRECTION('',(0.,0.,1.));
#7993=DIRECTION('',(0.,0.,1.));
#7994=DIRECTION('center_axis',(0.,0.,-1.));
#7995=DIRECTION('ref_axis',(-0.999999999998304,-1.84180865304656E-6,0.));
#7996=DIRECTION('',(0.,0.,1.));
#7997=DIRECTION('center_axis',(0.,0.,-1.));
#7998=DIRECTION('ref_axis',(0.504512505685048,-0.863404384751082,0.));
#7999=DIRECTION('',(0.,0.,1.));
#8000=DIRECTION('center_axis',(-1.,0.,0.));
#8001=DIRECTION('ref_axis',(0.,1.,0.));
#8002=DIRECTION('',(0.,0.,1.));
#8003=DIRECTION('center_axis',(-6.29363850016875E-7,-0.999999999999802,
0.));
#8004=DIRECTION('ref_axis',(-0.999999999999802,6.29363850016875E-7,0.));
#8005=DIRECTION('',(0.,0.,1.));
#8006=DIRECTION('center_axis',(0.,0.,-1.));
#8007=DIRECTION('ref_axis',(-0.901027997795931,-0.433760933219967,0.));
#8008=DIRECTION('',(0.,0.,1.));
#8009=DIRECTION('center_axis',(0.,0.,-1.));
#8010=DIRECTION('ref_axis',(-5.31366293845538E-6,-0.999999999985882,0.));
#8011=DIRECTION('',(0.,0.,1.));
#8012=DIRECTION('center_axis',(0.,0.,-1.));
#8013=DIRECTION('ref_axis',(-0.504518364573895,-0.863400961203821,0.));
#8014=DIRECTION('',(0.,0.,1.));
#8015=DIRECTION('center_axis',(0.,0.,-1.));
#8016=DIRECTION('ref_axis',(0.504516781968886,0.863401885978806,0.));
#8017=DIRECTION('',(0.,0.,1.));
#8018=DIRECTION('center_axis',(0.,0.,-1.));
#8019=DIRECTION('ref_axis',(3.31364931702738E-6,0.99999999999451,0.));
#8020=DIRECTION('',(0.,0.,1.));
#8021=DIRECTION('center_axis',(0.,0.,-1.));
#8022=DIRECTION('ref_axis',(0.901027997795931,0.433760933219967,0.));
#8023=DIRECTION('',(0.,0.,1.));
#8024=DIRECTION('center_axis',(0.,1.,0.));
#8025=DIRECTION('ref_axis',(1.,0.,0.));
#8026=DIRECTION('',(0.,0.,1.));
#8027=DIRECTION('center_axis',(1.,0.,0.));
#8028=DIRECTION('ref_axis',(0.,-1.,0.));
#8029=DIRECTION('',(0.,0.,1.));
#8030=DIRECTION('center_axis',(0.,0.,-1.));
#8031=DIRECTION('ref_axis',(-0.504512505685048,0.863404384751082,0.));
#8032=DIRECTION('',(0.,0.,1.));
#8033=DIRECTION('center_axis',(0.,0.,-1.));
#8034=DIRECTION('ref_axis',(0.999999999998304,1.84180859620156E-6,0.));
#8035=DIRECTION('',(0.,0.,1.));
#8036=DIRECTION('center_axis',(0.,0.,-1.));
#8037=DIRECTION('ref_axis',(-0.901031864884234,0.433752900236113,0.));
#8038=DIRECTION('center_axis',(0.,0.,-1.));
#8039=DIRECTION('ref_axis',(0.,-1.,0.));
#8040=DIRECTION('',(0.,0.,-1.));
#8041=DIRECTION('center_axis',(0.,0.,-1.));
#8042=DIRECTION('ref_axis',(0.901030449373743,-0.433755840653876,0.));
#8043=DIRECTION('',(0.,0.,1.));
#8044=DIRECTION('',(0.,0.,1.));
#8045=DIRECTION('center_axis',(0.,0.,-1.));
#8046=DIRECTION('ref_axis',(-0.99999999999262,-3.84181144894054E-6,0.));
#8047=DIRECTION('',(0.,0.,1.));
#8048=DIRECTION('center_axis',(0.,0.,-1.));
#8049=DIRECTION('ref_axis',(0.504512505685048,-0.863404384751082,0.));
#8050=DIRECTION('',(0.,0.,1.));
#8051=DIRECTION('center_axis',(-1.,0.,0.));
#8052=DIRECTION('ref_axis',(0.,1.,0.));
#8053=DIRECTION('',(0.,0.,1.));
#8054=DIRECTION('center_axis',(-6.29363850016875E-7,-0.999999999999802,
0.));
#8055=DIRECTION('ref_axis',(-0.999999999999802,6.29363850016875E-7,0.));
#8056=DIRECTION('',(0.,0.,1.));
#8057=DIRECTION('center_axis',(0.,0.,-1.));
#8058=DIRECTION('ref_axis',(-0.901027997795931,-0.433760933219967,0.));
#8059=DIRECTION('',(0.,0.,1.));
#8060=DIRECTION('center_axis',(0.,0.,-1.));
#8061=DIRECTION('ref_axis',(-5.31366293845538E-6,-0.999999999985882,0.));
#8062=DIRECTION('',(0.,0.,1.));
#8063=DIRECTION('center_axis',(0.,0.,-1.));
#8064=DIRECTION('ref_axis',(-0.504518364573895,-0.863400961203821,0.));
#8065=DIRECTION('',(0.,0.,1.));
#8066=DIRECTION('center_axis',(0.,0.,-1.));
#8067=DIRECTION('ref_axis',(0.504516781968886,0.863401885978806,0.));
#8068=DIRECTION('',(0.,0.,1.));
#8069=DIRECTION('center_axis',(0.,0.,-1.));
#8070=DIRECTION('ref_axis',(3.31364931702738E-6,0.99999999999451,0.));
#8071=DIRECTION('',(0.,0.,1.));
#8072=DIRECTION('center_axis',(0.,0.,-1.));
#8073=DIRECTION('ref_axis',(0.901027997795931,0.433760933219967,0.));
#8074=DIRECTION('',(0.,0.,1.));
#8075=DIRECTION('center_axis',(0.,1.,0.));
#8076=DIRECTION('ref_axis',(1.,0.,0.));
#8077=DIRECTION('',(0.,0.,1.));
#8078=DIRECTION('center_axis',(1.,0.,0.));
#8079=DIRECTION('ref_axis',(0.,-1.,0.));
#8080=DIRECTION('',(0.,0.,1.));
#8081=DIRECTION('center_axis',(0.,0.,-1.));
#8082=DIRECTION('ref_axis',(-0.504512505685048,0.863404384751082,0.));
#8083=DIRECTION('',(0.,0.,1.));
#8084=DIRECTION('center_axis',(0.,0.,-1.));
#8085=DIRECTION('ref_axis',(0.999999999998304,1.84180859620156E-6,0.));
#8086=DIRECTION('',(0.,0.,1.));
#8087=DIRECTION('center_axis',(0.,0.,-1.));
#8088=DIRECTION('ref_axis',(-0.901031864884234,0.433752900236113,0.));
#8089=DIRECTION('center_axis',(0.,0.,-1.));
#8090=DIRECTION('ref_axis',(0.,-1.,0.));
#8091=DIRECTION('',(0.,0.,-1.));
#8092=DIRECTION('center_axis',(0.,0.,-1.));
#8093=DIRECTION('ref_axis',(-3.343730521224E-14,-1.,0.));
#8094=DIRECTION('',(0.,0.,-1.));
#8095=DIRECTION('center_axis',(0.,0.,-1.));
#8096=DIRECTION('ref_axis',(0.,-1.,0.));
#8097=DIRECTION('',(0.,0.,-1.));
#8098=DIRECTION('center_axis',(0.,0.,-1.));
#8099=DIRECTION('ref_axis',(0.,-1.,0.));
#8100=DIRECTION('',(0.,0.,-1.));
#8101=DIRECTION('center_axis',(0.,0.,-1.));
#8102=DIRECTION('ref_axis',(0.,-1.,0.));
#8103=DIRECTION('',(0.,0.,-1.));
#8104=DIRECTION('center_axis',(0.,0.,-1.));
#8105=DIRECTION('ref_axis',(0.504516781968886,0.863401885978806,0.));
#8106=DIRECTION('',(0.,0.,1.));
#8107=DIRECTION('',(0.,0.,1.));
#8108=DIRECTION('center_axis',(0.,0.,-1.));
#8109=DIRECTION('ref_axis',(-1.4526893459757E-5,-0.999999999894485,0.));
#8110=DIRECTION('',(0.,0.,1.));
#8111=DIRECTION('center_axis',(0.,0.,-1.));
#8112=DIRECTION('ref_axis',(0.901027997795931,0.433760933219967,0.));
#8113=DIRECTION('',(0.,0.,1.));
#8114=DIRECTION('center_axis',(0.,-1.,0.));
#8115=DIRECTION('ref_axis',(-1.,0.,0.));
#8116=DIRECTION('',(0.,0.,1.));
#8117=DIRECTION('center_axis',(1.,0.,0.));
#8118=DIRECTION('ref_axis',(0.,-1.,0.));
#8119=DIRECTION('',(0.,0.,1.));
#8120=DIRECTION('center_axis',(0.,0.,-1.));
#8121=DIRECTION('ref_axis',(0.504512505685048,-0.863404384751082,0.));
#8122=DIRECTION('',(0.,0.,1.));
#8123=DIRECTION('center_axis',(0.,0.,-1.));
#8124=DIRECTION('ref_axis',(0.99999999999262,3.84181136367254E-6,0.));
#8125=DIRECTION('',(0.,0.,1.));
#8126=DIRECTION('center_axis',(0.,0.,-1.));
#8127=DIRECTION('ref_axis',(0.901030449373743,-0.433755840653876,0.));
#8128=DIRECTION('',(0.,0.,1.));
#8129=DIRECTION('center_axis',(0.,0.,-1.));
#8130=DIRECTION('ref_axis',(-0.901030852831367,0.433755002560177,0.));
#8131=DIRECTION('',(0.,0.,1.));
#8132=DIRECTION('center_axis',(0.,0.,-1.));
#8133=DIRECTION('ref_axis',(-0.99999999999262,-3.84181144894054E-6,0.));
#8134=DIRECTION('',(0.,0.,1.));
#8135=DIRECTION('center_axis',(0.,0.,-1.));
#8136=DIRECTION('ref_axis',(-0.504490651279965,0.863417154549941,0.));
#8137=DIRECTION('',(0.,0.,1.));
#8138=DIRECTION('center_axis',(-1.,0.,0.));
#8139=DIRECTION('ref_axis',(0.,1.,0.));
#8140=DIRECTION('',(0.,0.,1.));
#8141=DIRECTION('center_axis',(0.,1.,0.));
#8142=DIRECTION('ref_axis',(1.,0.,0.));
#8143=DIRECTION('',(0.,0.,1.));
#8144=DIRECTION('center_axis',(0.,0.,-1.));
#8145=DIRECTION('ref_axis',(-0.901026284456518,-0.433764492228768,0.));
#8146=DIRECTION('',(0.,0.,1.));
#8147=DIRECTION('center_axis',(0.,0.,-1.));
#8148=DIRECTION('ref_axis',(3.31364931702738E-6,0.99999999999451,0.));
#8149=DIRECTION('',(0.,0.,1.));
#8150=DIRECTION('center_axis',(0.,0.,-1.));
#8151=DIRECTION('ref_axis',(-0.504517972959892,-0.863401190038815,0.));
#8152=DIRECTION('center_axis',(0.,0.,-1.));
#8153=DIRECTION('ref_axis',(0.901030449373743,-0.433755840653876,0.));
#8154=DIRECTION('',(0.,0.,1.));
#8155=DIRECTION('',(0.,0.,1.));
#8156=DIRECTION('center_axis',(0.,0.,-1.));
#8157=DIRECTION('ref_axis',(-0.999999999998304,-1.84180865304656E-6,0.));
#8158=DIRECTION('',(0.,0.,1.));
#8159=DIRECTION('center_axis',(0.,0.,-1.));
#8160=DIRECTION('ref_axis',(0.504512505685048,-0.863404384751082,0.));
#8161=DIRECTION('',(0.,0.,1.));
#8162=DIRECTION('center_axis',(-1.,0.,0.));
#8163=DIRECTION('ref_axis',(0.,1.,0.));
#8164=DIRECTION('',(0.,0.,1.));
#8165=DIRECTION('center_axis',(-6.29363850016875E-7,-0.999999999999802,
0.));
#8166=DIRECTION('ref_axis',(-0.999999999999802,6.29363850016875E-7,0.));
#8167=DIRECTION('',(0.,0.,1.));
#8168=DIRECTION('center_axis',(0.,0.,-1.));
#8169=DIRECTION('ref_axis',(-0.901027997795931,-0.433760933219967,0.));
#8170=DIRECTION('',(0.,0.,1.));
#8171=DIRECTION('center_axis',(0.,0.,-1.));
#8172=DIRECTION('ref_axis',(-5.31366293845538E-6,-0.999999999985882,0.));
#8173=DIRECTION('',(0.,0.,1.));
#8174=DIRECTION('center_axis',(0.,0.,-1.));
#8175=DIRECTION('ref_axis',(-0.504518364573895,-0.863400961203821,0.));
#8176=DIRECTION('',(0.,0.,1.));
#8177=DIRECTION('center_axis',(0.,0.,-1.));
#8178=DIRECTION('ref_axis',(0.504516781968886,0.863401885978806,0.));
#8179=DIRECTION('',(0.,0.,1.));
#8180=DIRECTION('center_axis',(0.,0.,-1.));
#8181=DIRECTION('ref_axis',(3.31364931702738E-6,0.99999999999451,0.));
#8182=DIRECTION('',(0.,0.,1.));
#8183=DIRECTION('center_axis',(0.,0.,-1.));
#8184=DIRECTION('ref_axis',(0.901027997795931,0.433760933219967,0.));
#8185=DIRECTION('',(0.,0.,1.));
#8186=DIRECTION('center_axis',(0.,1.,0.));
#8187=DIRECTION('ref_axis',(1.,0.,0.));
#8188=DIRECTION('',(0.,0.,1.));
#8189=DIRECTION('center_axis',(1.,0.,0.));
#8190=DIRECTION('ref_axis',(0.,-1.,0.));
#8191=DIRECTION('',(0.,0.,1.));
#8192=DIRECTION('center_axis',(0.,0.,-1.));
#8193=DIRECTION('ref_axis',(-0.504512505685048,0.863404384751082,0.));
#8194=DIRECTION('',(0.,0.,1.));
#8195=DIRECTION('center_axis',(0.,0.,-1.));
#8196=DIRECTION('ref_axis',(0.999999999998304,1.84180859620156E-6,0.));
#8197=DIRECTION('',(0.,0.,1.));
#8198=DIRECTION('center_axis',(0.,0.,-1.));
#8199=DIRECTION('ref_axis',(-0.901031864884234,0.433752900236113,0.));
#8200=DIRECTION('center_axis',(0.,0.,-1.));
#8201=DIRECTION('ref_axis',(0.504516781968886,0.863401885978806,0.));
#8202=DIRECTION('',(0.,0.,1.));
#8203=DIRECTION('',(0.,0.,1.));
#8204=DIRECTION('center_axis',(0.,0.,-1.));
#8205=DIRECTION('ref_axis',(-1.4526893459757E-5,-0.999999999894485,0.));
#8206=DIRECTION('',(0.,0.,1.));
#8207=DIRECTION('center_axis',(0.,0.,-1.));
#8208=DIRECTION('ref_axis',(0.901027997795931,0.433760933219967,0.));
#8209=DIRECTION('',(0.,0.,1.));
#8210=DIRECTION('center_axis',(0.,-1.,0.));
#8211=DIRECTION('ref_axis',(-1.,0.,0.));
#8212=DIRECTION('',(0.,0.,1.));
#8213=DIRECTION('center_axis',(1.,0.,0.));
#8214=DIRECTION('ref_axis',(0.,-1.,0.));
#8215=DIRECTION('',(0.,0.,1.));
#8216=DIRECTION('center_axis',(0.,0.,-1.));
#8217=DIRECTION('ref_axis',(0.504512505685048,-0.863404384751082,0.));
#8218=DIRECTION('',(0.,0.,1.));
#8219=DIRECTION('center_axis',(0.,0.,-1.));
#8220=DIRECTION('ref_axis',(0.99999999999262,3.84181136367254E-6,0.));
#8221=DIRECTION('',(0.,0.,1.));
#8222=DIRECTION('center_axis',(0.,0.,-1.));
#8223=DIRECTION('ref_axis',(0.901030449373743,-0.433755840653876,0.));
#8224=DIRECTION('',(0.,0.,1.));
#8225=DIRECTION('center_axis',(0.,0.,-1.));
#8226=DIRECTION('ref_axis',(-0.901030852831367,0.433755002560177,0.));
#8227=DIRECTION('',(0.,0.,1.));
#8228=DIRECTION('center_axis',(0.,0.,-1.));
#8229=DIRECTION('ref_axis',(-0.99999999999262,-3.84181144894054E-6,0.));
#8230=DIRECTION('',(0.,0.,1.));
#8231=DIRECTION('center_axis',(0.,0.,-1.));
#8232=DIRECTION('ref_axis',(-0.504490651279965,0.863417154549941,0.));
#8233=DIRECTION('',(0.,0.,1.));
#8234=DIRECTION('center_axis',(-1.,0.,0.));
#8235=DIRECTION('ref_axis',(0.,1.,0.));
#8236=DIRECTION('',(0.,0.,1.));
#8237=DIRECTION('center_axis',(0.,1.,0.));
#8238=DIRECTION('ref_axis',(1.,0.,0.));
#8239=DIRECTION('',(0.,0.,1.));
#8240=DIRECTION('center_axis',(0.,0.,-1.));
#8241=DIRECTION('ref_axis',(-0.901026284456518,-0.433764492228768,0.));
#8242=DIRECTION('',(0.,0.,1.));
#8243=DIRECTION('center_axis',(0.,0.,-1.));
#8244=DIRECTION('ref_axis',(3.31364931702738E-6,0.99999999999451,0.));
#8245=DIRECTION('',(0.,0.,1.));
#8246=DIRECTION('center_axis',(0.,0.,-1.));
#8247=DIRECTION('ref_axis',(-0.504517972959892,-0.863401190038815,0.));
#8248=DIRECTION('center_axis',(0.,0.,-1.));
#8249=DIRECTION('ref_axis',(0.901030449373743,-0.433755840653876,0.));
#8250=DIRECTION('',(0.,0.,1.));
#8251=DIRECTION('',(0.,0.,1.));
#8252=DIRECTION('center_axis',(0.,0.,-1.));
#8253=DIRECTION('ref_axis',(-0.999999999998304,-1.84180865304656E-6,0.));
#8254=DIRECTION('',(0.,0.,1.));
#8255=DIRECTION('center_axis',(0.,0.,-1.));
#8256=DIRECTION('ref_axis',(0.504512505685048,-0.863404384751082,0.));
#8257=DIRECTION('',(0.,0.,1.));
#8258=DIRECTION('center_axis',(-1.,0.,0.));
#8259=DIRECTION('ref_axis',(0.,1.,0.));
#8260=DIRECTION('',(0.,0.,1.));
#8261=DIRECTION('center_axis',(-6.29363850016875E-7,-0.999999999999802,
0.));
#8262=DIRECTION('ref_axis',(-0.999999999999802,6.29363850016875E-7,0.));
#8263=DIRECTION('',(0.,0.,1.));
#8264=DIRECTION('center_axis',(0.,0.,-1.));
#8265=DIRECTION('ref_axis',(-0.901027997795931,-0.433760933219967,0.));
#8266=DIRECTION('',(0.,0.,1.));
#8267=DIRECTION('center_axis',(0.,0.,-1.));
#8268=DIRECTION('ref_axis',(-5.31366293845538E-6,-0.999999999985882,0.));
#8269=DIRECTION('',(0.,0.,1.));
#8270=DIRECTION('center_axis',(0.,0.,-1.));
#8271=DIRECTION('ref_axis',(-0.504518364573895,-0.863400961203821,0.));
#8272=DIRECTION('',(0.,0.,1.));
#8273=DIRECTION('center_axis',(0.,0.,-1.));
#8274=DIRECTION('ref_axis',(0.504516781968886,0.863401885978806,0.));
#8275=DIRECTION('',(0.,0.,1.));
#8276=DIRECTION('center_axis',(0.,0.,-1.));
#8277=DIRECTION('ref_axis',(3.31364931702738E-6,0.99999999999451,0.));
#8278=DIRECTION('',(0.,0.,1.));
#8279=DIRECTION('center_axis',(0.,0.,-1.));
#8280=DIRECTION('ref_axis',(0.901027997795931,0.433760933219967,0.));
#8281=DIRECTION('',(0.,0.,1.));
#8282=DIRECTION('center_axis',(0.,1.,0.));
#8283=DIRECTION('ref_axis',(1.,0.,0.));
#8284=DIRECTION('',(0.,0.,1.));
#8285=DIRECTION('center_axis',(1.,0.,0.));
#8286=DIRECTION('ref_axis',(0.,-1.,0.));
#8287=DIRECTION('',(0.,0.,1.));
#8288=DIRECTION('center_axis',(0.,0.,-1.));
#8289=DIRECTION('ref_axis',(-0.504512505685048,0.863404384751082,0.));
#8290=DIRECTION('',(0.,0.,1.));
#8291=DIRECTION('center_axis',(0.,0.,-1.));
#8292=DIRECTION('ref_axis',(0.999999999998304,1.84180859620156E-6,0.));
#8293=DIRECTION('',(0.,0.,1.));
#8294=DIRECTION('center_axis',(0.,0.,-1.));
#8295=DIRECTION('ref_axis',(-0.901031864884234,0.433752900236113,0.));
#8296=DIRECTION('center_axis',(0.,0.,-1.));
#8297=DIRECTION('ref_axis',(0.504516781968886,0.863401885978806,0.));
#8298=DIRECTION('',(0.,0.,1.));
#8299=DIRECTION('',(0.,0.,1.));
#8300=DIRECTION('center_axis',(0.,0.,-1.));
#8301=DIRECTION('ref_axis',(-1.4526893459757E-5,-0.999999999894485,0.));
#8302=DIRECTION('',(0.,0.,1.));
#8303=DIRECTION('center_axis',(0.,0.,-1.));
#8304=DIRECTION('ref_axis',(0.901027997795931,0.433760933219967,0.));
#8305=DIRECTION('',(0.,0.,1.));
#8306=DIRECTION('center_axis',(0.,-1.,0.));
#8307=DIRECTION('ref_axis',(-1.,0.,0.));
#8308=DIRECTION('',(0.,0.,1.));
#8309=DIRECTION('center_axis',(1.,0.,0.));
#8310=DIRECTION('ref_axis',(0.,-1.,0.));
#8311=DIRECTION('',(0.,0.,1.));
#8312=DIRECTION('center_axis',(0.,0.,-1.));
#8313=DIRECTION('ref_axis',(0.504512505685048,-0.863404384751082,0.));
#8314=DIRECTION('',(0.,0.,1.));
#8315=DIRECTION('center_axis',(0.,0.,-1.));
#8316=DIRECTION('ref_axis',(0.99999999999262,3.84181136367254E-6,0.));
#8317=DIRECTION('',(0.,0.,1.));
#8318=DIRECTION('center_axis',(0.,0.,-1.));
#8319=DIRECTION('ref_axis',(0.901030449373743,-0.433755840653876,0.));
#8320=DIRECTION('',(0.,0.,1.));
#8321=DIRECTION('center_axis',(0.,0.,-1.));
#8322=DIRECTION('ref_axis',(-0.901031864884234,0.433752900236113,0.));
#8323=DIRECTION('',(0.,0.,1.));
#8324=DIRECTION('center_axis',(0.,0.,-1.));
#8325=DIRECTION('ref_axis',(-0.99999999999262,-3.84181144894054E-6,0.));
#8326=DIRECTION('',(0.,0.,1.));
#8327=DIRECTION('center_axis',(0.,0.,-1.));
#8328=DIRECTION('ref_axis',(-0.504512505685048,0.863404384751082,0.));
#8329=DIRECTION('',(0.,0.,1.));
#8330=DIRECTION('center_axis',(-1.,0.,0.));
#8331=DIRECTION('ref_axis',(0.,1.,0.));
#8332=DIRECTION('',(0.,0.,1.));
#8333=DIRECTION('center_axis',(0.,1.,0.));
#8334=DIRECTION('ref_axis',(1.,0.,0.));
#8335=DIRECTION('',(0.,0.,1.));
#8336=DIRECTION('center_axis',(0.,0.,-1.));
#8337=DIRECTION('ref_axis',(-0.901026284456518,-0.433764492228768,0.));
#8338=DIRECTION('',(0.,0.,1.));
#8339=DIRECTION('center_axis',(0.,0.,-1.));
#8340=DIRECTION('ref_axis',(3.31364931702738E-6,0.99999999999451,0.));
#8341=DIRECTION('',(0.,0.,1.));
#8342=DIRECTION('center_axis',(0.,0.,-1.));
#8343=DIRECTION('ref_axis',(-0.504517972959892,-0.863401190038815,0.));
#8344=DIRECTION('center_axis',(0.,0.,-1.));
#8345=DIRECTION('ref_axis',(0.,-1.,0.));
#8346=DIRECTION('',(0.,0.,-1.));
#8347=DIRECTION('center_axis',(0.,0.,-1.));
#8348=DIRECTION('ref_axis',(-3.343730521224E-14,-1.,0.));
#8349=DIRECTION('',(0.,0.,-1.));
#8350=DIRECTION('center_axis',(0.,0.,-1.));
#8351=DIRECTION('ref_axis',(0.,-1.,0.));
#8352=DIRECTION('',(0.,0.,-1.));
#8353=DIRECTION('center_axis',(0.,0.,-1.));
#8354=DIRECTION('ref_axis',(0.,-1.,0.));
#8355=DIRECTION('',(0.,0.,-1.));
#8356=DIRECTION('center_axis',(0.,0.,-1.));
#8357=DIRECTION('ref_axis',(0.,-1.,0.));
#8358=DIRECTION('',(0.,0.,-1.));
#8359=DIRECTION('center_axis',(0.,0.,-1.));
#8360=DIRECTION('ref_axis',(0.,-1.,0.));
#8361=DIRECTION('',(0.,0.,-1.));
#8362=DIRECTION('center_axis',(0.,0.,-1.));
#8363=DIRECTION('ref_axis',(0.,-1.,0.));
#8364=DIRECTION('',(0.,0.,-1.));
#8365=DIRECTION('center_axis',(0.,0.,-1.));
#8366=DIRECTION('ref_axis',(0.,-1.,0.));
#8367=DIRECTION('',(0.,0.,-1.));
#8368=DIRECTION('center_axis',(0.,0.,-1.));
#8369=DIRECTION('ref_axis',(0.,-1.,0.));
#8370=DIRECTION('',(0.,0.,-1.));
#8371=DIRECTION('center_axis',(0.,0.,-1.));
#8372=DIRECTION('ref_axis',(0.,-1.,0.));
#8373=DIRECTION('',(0.,0.,-1.));
#8374=DIRECTION('center_axis',(0.,0.,-1.));
#8375=DIRECTION('ref_axis',(0.,-1.,0.));
#8376=DIRECTION('',(0.,0.,-1.));
#8377=DIRECTION('center_axis',(0.,0.,-1.));
#8378=DIRECTION('ref_axis',(0.,-1.,0.));
#8379=DIRECTION('',(0.,0.,-1.));
#8380=DIRECTION('center_axis',(0.,0.,-1.));
#8381=DIRECTION('ref_axis',(0.,-1.,0.));
#8382=DIRECTION('',(0.,0.,-1.));
#8383=DIRECTION('center_axis',(0.,0.,-1.));
#8384=DIRECTION('ref_axis',(0.,-1.,0.));
#8385=DIRECTION('',(0.,0.,-1.));
#8386=DIRECTION('center_axis',(0.,0.,-1.));
#8387=DIRECTION('ref_axis',(0.,-1.,0.));
#8388=DIRECTION('',(0.,0.,-1.));
#8389=DIRECTION('center_axis',(0.,0.,-1.));
#8390=DIRECTION('ref_axis',(-3.343730521224E-14,-1.,0.));
#8391=DIRECTION('',(0.,0.,-1.));
#8392=DIRECTION('center_axis',(0.,0.,-1.));
#8393=DIRECTION('ref_axis',(0.,-1.,0.));
#8394=DIRECTION('',(0.,0.,-1.));
#8395=DIRECTION('center_axis',(0.,0.,-1.));
#8396=DIRECTION('ref_axis',(0.,-1.,0.));
#8397=DIRECTION('',(0.,0.,-1.));
#8398=DIRECTION('center_axis',(0.,0.,-1.));
#8399=DIRECTION('ref_axis',(0.,-1.,0.));
#8400=DIRECTION('',(0.,0.,-1.));
#8401=DIRECTION('center_axis',(0.,0.,-1.));
#8402=DIRECTION('ref_axis',(0.,-1.,0.));
#8403=DIRECTION('',(0.,0.,-1.));
#8404=DIRECTION('center_axis',(0.,0.,-1.));
#8405=DIRECTION('ref_axis',(0.,-1.,0.));
#8406=DIRECTION('',(0.,0.,-1.));
#8407=DIRECTION('center_axis',(0.,0.,-1.));
#8408=DIRECTION('ref_axis',(0.,-1.,0.));
#8409=DIRECTION('',(0.,0.,-1.));
#8410=DIRECTION('center_axis',(0.,0.,-1.));
#8411=DIRECTION('ref_axis',(0.,-1.,0.));
#8412=DIRECTION('',(0.,0.,-1.));
#8413=DIRECTION('center_axis',(0.,0.,-1.));
#8414=DIRECTION('ref_axis',(0.,-1.,0.));
#8415=DIRECTION('',(0.,0.,-1.));
#8416=DIRECTION('center_axis',(0.,0.,-1.));
#8417=DIRECTION('ref_axis',(0.,-1.,0.));
#8418=DIRECTION('',(0.,0.,-1.));
#8419=DIRECTION('center_axis',(0.,0.,-1.));
#8420=DIRECTION('ref_axis',(0.,-1.,0.));
#8421=DIRECTION('',(0.,0.,-1.));
#8422=DIRECTION('center_axis',(0.,0.,-1.));
#8423=DIRECTION('ref_axis',(0.,-1.,0.));
#8424=DIRECTION('',(0.,0.,-1.));
#8425=DIRECTION('center_axis',(0.,0.,-1.));
#8426=DIRECTION('ref_axis',(0.,-1.,0.));
#8427=DIRECTION('',(0.,0.,-1.));
#8428=DIRECTION('center_axis',(0.,0.,-1.));
#8429=DIRECTION('ref_axis',(0.,-1.,0.));
#8430=DIRECTION('',(0.,0.,-1.));
#8431=DIRECTION('center_axis',(0.,0.,-1.));
#8432=DIRECTION('ref_axis',(0.,-1.,0.));
#8433=DIRECTION('',(0.,0.,-1.));
#8434=DIRECTION('center_axis',(0.,0.,-1.));
#8435=DIRECTION('ref_axis',(0.,-1.,0.));
#8436=DIRECTION('',(0.,0.,-1.));
#8437=DIRECTION('center_axis',(0.,0.,-1.));
#8438=DIRECTION('ref_axis',(0.,-1.,0.));
#8439=DIRECTION('',(0.,0.,-1.));
#8440=DIRECTION('center_axis',(0.,0.,-1.));
#8441=DIRECTION('ref_axis',(0.,-1.,0.));
#8442=DIRECTION('',(0.,0.,-1.));
#8443=DIRECTION('center_axis',(0.,0.,-1.));
#8444=DIRECTION('ref_axis',(0.,-1.,0.));
#8445=DIRECTION('',(0.,0.,-1.));
#8446=DIRECTION('center_axis',(0.,0.,-1.));
#8447=DIRECTION('ref_axis',(-3.343730521224E-14,-1.,0.));
#8448=DIRECTION('',(0.,0.,-1.));
#8449=DIRECTION('center_axis',(0.,0.,-1.));
#8450=DIRECTION('ref_axis',(0.,-1.,0.));
#8451=DIRECTION('',(0.,0.,-1.));
#8452=DIRECTION('center_axis',(0.,0.,-1.));
#8453=DIRECTION('ref_axis',(0.,-1.,0.));
#8454=DIRECTION('',(0.,0.,-1.));
#8455=DIRECTION('center_axis',(0.,0.,-1.));
#8456=DIRECTION('ref_axis',(0.,-1.,0.));
#8457=DIRECTION('',(0.,0.,-1.));
#8458=DIRECTION('center_axis',(0.,0.,-1.));
#8459=DIRECTION('ref_axis',(0.,-1.,0.));
#8460=DIRECTION('',(0.,0.,-1.));
#8461=DIRECTION('center_axis',(0.,0.,-1.));
#8462=DIRECTION('ref_axis',(0.,-1.,0.));
#8463=DIRECTION('',(0.,0.,-1.));
#8464=DIRECTION('center_axis',(0.,0.,-1.));
#8465=DIRECTION('ref_axis',(0.,-1.,0.));
#8466=DIRECTION('',(0.,0.,-1.));
#8467=DIRECTION('center_axis',(0.,0.,-1.));
#8468=DIRECTION('ref_axis',(0.,-1.,0.));
#8469=DIRECTION('',(0.,0.,-1.));
#8470=DIRECTION('center_axis',(0.,0.,-1.));
#8471=DIRECTION('ref_axis',(0.,-1.,0.));
#8472=DIRECTION('',(0.,0.,-1.));
#8473=DIRECTION('center_axis',(0.,0.,-1.));
#8474=DIRECTION('ref_axis',(0.,-1.,0.));
#8475=DIRECTION('',(0.,0.,-1.));
#8476=DIRECTION('center_axis',(0.,0.,-1.));
#8477=DIRECTION('ref_axis',(0.,-1.,0.));
#8478=DIRECTION('',(0.,0.,-1.));
#8479=DIRECTION('center_axis',(0.,0.,-1.));
#8480=DIRECTION('ref_axis',(0.,-1.,0.));
#8481=DIRECTION('',(0.,0.,1.));
#8482=DIRECTION('',(0.,0.,1.));
#8483=DIRECTION('center_axis',(0.,-1.,0.));
#8484=DIRECTION('ref_axis',(-1.,0.,0.));
#8485=DIRECTION('',(0.,0.,1.));
#8486=DIRECTION('center_axis',(0.,0.,-1.));
#8487=DIRECTION('ref_axis',(0.,1.,0.));
#8488=DIRECTION('',(0.,0.,1.));
#8489=DIRECTION('center_axis',(0.,1.,0.));
#8490=DIRECTION('ref_axis',(1.,0.,0.));
#8491=DIRECTION('center_axis',(0.,0.,-1.));
#8492=DIRECTION('ref_axis',(0.,-1.,0.));
#8493=DIRECTION('',(0.,0.,-1.));
#8494=DIRECTION('center_axis',(0.,0.,-1.));
#8495=DIRECTION('ref_axis',(0.,-1.,0.));
#8496=DIRECTION('',(0.,0.,-1.));
#8497=DIRECTION('center_axis',(0.,0.,-1.));
#8498=DIRECTION('ref_axis',(0.,-1.,0.));
#8499=DIRECTION('',(0.,0.,-1.));
#8500=DIRECTION('center_axis',(0.,0.,-1.));
#8501=DIRECTION('ref_axis',(0.,-1.,0.));
#8502=DIRECTION('',(0.,0.,-1.));
#8503=DIRECTION('center_axis',(0.,0.,-1.));
#8504=DIRECTION('ref_axis',(0.,-1.,0.));
#8505=DIRECTION('',(0.,0.,1.));
#8506=DIRECTION('',(0.,0.,1.));
#8507=DIRECTION('center_axis',(0.,-1.,0.));
#8508=DIRECTION('ref_axis',(-1.,0.,0.));
#8509=DIRECTION('',(0.,0.,1.));
#8510=DIRECTION('center_axis',(0.,0.,-1.));
#8511=DIRECTION('ref_axis',(0.,1.,0.));
#8512=DIRECTION('',(0.,0.,1.));
#8513=DIRECTION('center_axis',(0.,1.,0.));
#8514=DIRECTION('ref_axis',(1.,0.,0.));
#8515=DIRECTION('center_axis',(-1.,0.,0.));
#8516=DIRECTION('ref_axis',(0.,0.,1.));
#8517=DIRECTION('',(0.,0.,1.));
#8518=DIRECTION('',(0.,1.,0.));
#8519=DIRECTION('',(0.,0.,-1.));
#8520=DIRECTION('',(0.,1.,0.));
#8521=DIRECTION('center_axis',(0.,0.,-1.));
#8522=DIRECTION('ref_axis',(-1.,0.,0.));
#8523=DIRECTION('',(-1.,0.,0.));
#8524=DIRECTION('',(0.,1.,0.));
#8525=DIRECTION('',(1.,0.,0.));
#8526=DIRECTION('center_axis',(1.,0.,0.));
#8527=DIRECTION('ref_axis',(0.,0.,-1.));
#8528=DIRECTION('',(0.,0.,-1.));
#8529=DIRECTION('',(0.,-1.,0.));
#8530=DIRECTION('',(0.,0.,1.));
#8531=DIRECTION('center_axis',(0.,1.,0.));
#8532=DIRECTION('ref_axis',(-1.,0.,0.));
#8533=DIRECTION('',(-1.,0.,0.));
#8534=DIRECTION('',(0.,0.,1.));
#8535=DIRECTION('',(-1.,0.,0.));
#8536=DIRECTION('',(0.,0.,-1.));
#8537=DIRECTION('',(-1.,0.,0.));
#8538=DIRECTION('center_axis',(0.,-1.,0.));
#8539=DIRECTION('ref_axis',(1.,0.,0.));
#8540=DIRECTION('',(1.,0.,0.));
#8541=DIRECTION('',(0.,0.,1.));
#8542=DIRECTION('',(-1.,0.,0.));
#8543=DIRECTION('',(0.,0.,1.));
#8544=DIRECTION('',(1.,0.,0.));
#8545=DIRECTION('center_axis',(0.,0.,1.));
#8546=DIRECTION('ref_axis',(-0.707106781186547,-0.707106781186548,0.));
#8547=DIRECTION('center_axis',(0.,0.,-1.));
#8548=DIRECTION('ref_axis',(-0.707106781186547,-0.707106781186548,0.));
#8549=DIRECTION('',(0.,0.,-1.));
#8550=DIRECTION('center_axis',(0.,0.,1.));
#8551=DIRECTION('ref_axis',(-0.707106781186547,-0.707106781186548,0.));
#8552=DIRECTION('',(0.,0.,1.));
#8553=DIRECTION('center_axis',(-1.,0.,0.));
#8554=DIRECTION('ref_axis',(0.,-1.,0.));
#8555=DIRECTION('',(0.,-1.,0.));
#8556=DIRECTION('',(0.,0.,1.));
#8557=DIRECTION('',(0.,-1.,0.));
#8558=DIRECTION('center_axis',(0.,0.,1.));
#8559=DIRECTION('ref_axis',(1.,0.,0.));
#8560=DIRECTION('center_axis',(0.,0.,-1.));
#8561=DIRECTION('ref_axis',(-0.707106781186548,0.707106781186547,0.));
#8562=DIRECTION('',(1.,0.,0.));
#8563=DIRECTION('center_axis',(0.,0.,-1.));
#8564=DIRECTION('ref_axis',(0.707106781186549,-0.707106781186546,0.));
#8565=DIRECTION('',(0.,1.,0.));
#8566=DIRECTION('center_axis',(0.,0.,-1.));
#8567=DIRECTION('ref_axis',(0.707106781186546,0.707106781186549,0.));
#8568=DIRECTION('',(0.,-1.,0.));
#8569=DIRECTION('',(-1.,0.,0.));
#8570=DIRECTION('',(0.,1.,0.));
#8571=DIRECTION('center_axis',(0.,0.,-1.));
#8572=DIRECTION('ref_axis',(-1.,0.,0.));
#8573=DIRECTION('center_axis',(0.,0.,-1.));
#8574=DIRECTION('ref_axis',(-1.,0.,0.));
#8575=DIRECTION('center_axis',(0.,0.,-1.));
#8576=DIRECTION('ref_axis',(-1.,0.,0.));
#8577=DIRECTION('center_axis',(0.,0.,-1.));
#8578=DIRECTION('ref_axis',(-1.,0.,0.));
#8579=DIRECTION('center_axis',(0.,0.,1.));
#8580=DIRECTION('ref_axis',(-0.707106781186548,0.707106781186547,0.));
#8581=DIRECTION('center_axis',(0.,0.,1.));
#8582=DIRECTION('ref_axis',(-0.707106781186548,0.707106781186547,0.));
#8583=DIRECTION('center_axis',(0.,0.,1.));
#8584=DIRECTION('ref_axis',(0.707106781186546,0.707106781186549,0.));
#8585=DIRECTION('',(0.,0.,-1.));
#8586=DIRECTION('center_axis',(0.,0.,1.));
#8587=DIRECTION('ref_axis',(0.707106781186546,0.707106781186549,0.));
#8588=DIRECTION('center_axis',(1.,0.,0.));
#8589=DIRECTION('ref_axis',(0.,1.,0.));
#8590=DIRECTION('',(0.,0.,1.));
#8591=DIRECTION('',(0.,1.,0.));
#8592=DIRECTION('center_axis',(0.,0.,1.));
#8593=DIRECTION('ref_axis',(0.707106781186549,-0.707106781186546,0.));
#8594=DIRECTION('',(0.,0.,-1.));
#8595=DIRECTION('center_axis',(0.,0.,1.));
#8596=DIRECTION('ref_axis',(0.707106781186549,-0.707106781186546,0.));
#8597=DIRECTION('center_axis',(0.,-1.,0.));
#8598=DIRECTION('ref_axis',(1.,0.,0.));
#8599=DIRECTION('',(1.,0.,0.));
#8600=DIRECTION('center_axis',(-1.,0.,0.));
#8601=DIRECTION('ref_axis',(0.,-1.,0.));
#8602=DIRECTION('',(0.,1.,0.));
#8603=DIRECTION('',(0.,0.,1.));
#8604=DIRECTION('center_axis',(1.,0.,0.));
#8605=DIRECTION('ref_axis',(0.,1.,0.));
#8606=DIRECTION('',(0.,-1.,0.));
#8607=DIRECTION('',(0.,0.,1.));
#8608=DIRECTION('center_axis',(0.,1.,0.));
#8609=DIRECTION('ref_axis',(-1.,0.,0.));
#8610=DIRECTION('',(1.,0.,0.));
#8611=DIRECTION('center_axis',(0.,0.,1.));
#8612=DIRECTION('ref_axis',(-1.,0.,0.));
#8613=DIRECTION('',(0.,0.,-1.));
#8614=DIRECTION('center_axis',(0.,0.,-1.));
#8615=DIRECTION('ref_axis',(-1.,0.,0.));
#8616=DIRECTION('center_axis',(0.,0.,1.));
#8617=DIRECTION('ref_axis',(-1.,0.,0.));
#8618=DIRECTION('',(0.,0.,-1.));
#8619=DIRECTION('center_axis',(0.,0.,-1.));
#8620=DIRECTION('ref_axis',(-1.,0.,0.));
#8621=DIRECTION('center_axis',(0.,0.,1.));
#8622=DIRECTION('ref_axis',(-1.,0.,0.));
#8623=DIRECTION('',(0.,0.,-1.));
#8624=DIRECTION('center_axis',(0.,0.,-1.));
#8625=DIRECTION('ref_axis',(-1.,0.,0.));
#8626=DIRECTION('center_axis',(0.,0.,1.));
#8627=DIRECTION('ref_axis',(-1.,0.,0.));
#8628=DIRECTION('',(0.,0.,-1.));
#8629=DIRECTION('center_axis',(0.,0.,-1.));
#8630=DIRECTION('ref_axis',(-1.,0.,0.));
#8631=DIRECTION('center_axis',(0.,0.,1.));
#8632=DIRECTION('ref_axis',(-1.,0.,0.));
#8633=DIRECTION('center_axis',(0.,0.,1.));
#8634=DIRECTION('ref_axis',(-1.,0.,0.));
#8635=DIRECTION('center_axis',(0.,1.,0.));
#8636=DIRECTION('ref_axis',(-1.,0.,0.));
#8637=DIRECTION('',(-1.,0.,0.));
#8638=DIRECTION('',(0.,0.,1.));
#8639=DIRECTION('',(-1.,0.,0.));
#8640=DIRECTION('',(0.,0.,1.));
#8641=DIRECTION('center_axis',(1.,0.,0.));
#8642=DIRECTION('ref_axis',(0.,1.,0.));
#8643=DIRECTION('',(0.,1.,0.));
#8644=DIRECTION('',(0.,0.,1.));
#8645=DIRECTION('',(0.,1.,0.));
#8646=DIRECTION('center_axis',(0.,-1.,0.));
#8647=DIRECTION('ref_axis',(1.,0.,0.));
#8648=DIRECTION('',(1.,0.,0.));
#8649=DIRECTION('',(0.,0.,1.));
#8650=DIRECTION('',(1.,0.,0.));
#8651=DIRECTION('center_axis',(-1.,0.,0.));
#8652=DIRECTION('ref_axis',(0.,-1.,0.));
#8653=DIRECTION('',(0.,-1.,0.));
#8654=DIRECTION('',(0.,-1.,0.));
#8655=DIRECTION('center_axis',(0.,0.,1.));
#8656=DIRECTION('ref_axis',(1.,0.,0.));
#8657=DIRECTION('',(0.,1.,0.));
#8658=DIRECTION('',(-1.,0.,0.));
#8659=DIRECTION('',(0.,-1.,0.));
#8660=DIRECTION('',(1.,0.,0.));
#8661=DIRECTION('center_axis',(-1.,0.,0.));
#8662=DIRECTION('ref_axis',(0.,-1.,0.));
#8663=DIRECTION('',(0.,0.,1.));
#8664=DIRECTION('',(0.,-1.,0.));
#8665=DIRECTION('',(0.,0.,1.));
#8666=DIRECTION('center_axis',(0.,1.,0.));
#8667=DIRECTION('ref_axis',(-1.,0.,0.));
#8668=DIRECTION('',(0.,0.,1.));
#8669=DIRECTION('',(-1.,0.,0.));
#8670=DIRECTION('center_axis',(0.,0.707106781186548,0.707106781186547));
#8671=DIRECTION('ref_axis',(1.,0.,0.));
#8672=DIRECTION('',(1.,0.,0.));
#8673=DIRECTION('',(-0.577350269189627,0.577350269189625,-0.577350269189626));
#8674=DIRECTION('',(-1.,0.,0.));
#8675=DIRECTION('',(0.577350269189627,0.577350269189625,-0.577350269189626));
#8676=DIRECTION('center_axis',(-0.707106781186547,0.,0.707106781186548));
#8677=DIRECTION('ref_axis',(0.707106781186548,0.,0.707106781186547));
#8678=DIRECTION('',(0.,1.,0.));
#8679=DIRECTION('',(-0.577350269189627,-0.577350269189625,-0.577350269189626));
#8680=DIRECTION('',(0.,-1.,0.));
#8681=DIRECTION('center_axis',(0.,-0.707106781186548,0.707106781186547));
#8682=DIRECTION('ref_axis',(1.,0.,0.));
#8683=DIRECTION('',(-1.,0.,0.));
#8684=DIRECTION('',(0.577350269189627,-0.577350269189625,-0.577350269189626));
#8685=DIRECTION('',(1.,0.,0.));
#8686=DIRECTION('center_axis',(0.707106781186547,-3.30545780775531E-16,
0.707106781186548));
#8687=DIRECTION('ref_axis',(0.707106781186548,0.,-0.707106781186547));
#8688=DIRECTION('',(4.67462326157961E-16,1.,0.));
#8689=DIRECTION('',(-4.67462326157961E-16,-1.,0.));
#8690=DIRECTION('center_axis',(1.,-4.67462326157961E-16,0.));
#8691=DIRECTION('ref_axis',(4.67462326157961E-16,1.,0.));
#8692=DIRECTION('',(0.,0.,1.));
#8693=DIRECTION('',(4.67462326157961E-16,1.,0.));
#8694=DIRECTION('',(0.,0.,1.));
#8695=DIRECTION('center_axis',(0.,1.,0.));
#8696=DIRECTION('ref_axis',(-1.,0.,0.));
#8697=DIRECTION('',(0.,0.,1.));
#8698=DIRECTION('',(-1.,0.,0.));
#8699=DIRECTION('center_axis',(0.,0.,1.));
#8700=DIRECTION('ref_axis',(1.,0.,0.));
#8701=DIRECTION('center_axis',(0.,0.,-1.));
#8702=DIRECTION('ref_axis',(0.70710678118655,-0.707106781186545,0.));
#8703=DIRECTION('',(0.,-1.,0.));
#8704=DIRECTION('center_axis',(0.,0.,-1.));
#8705=DIRECTION('ref_axis',(0.707106781186545,0.70710678118655,0.));
#8706=DIRECTION('',(1.,0.,0.));
#8707=DIRECTION('center_axis',(0.,0.,-1.));
#8708=DIRECTION('ref_axis',(-0.707106781186548,0.707106781186547,0.));
#8709=DIRECTION('',(0.,1.,0.));
#8710=DIRECTION('center_axis',(0.,0.,-1.));
#8711=DIRECTION('ref_axis',(-0.707106781186547,-0.707106781186548,0.));
#8712=DIRECTION('',(-1.,0.,0.));
#8713=DIRECTION('center_axis',(0.,0.,-1.));
#8714=DIRECTION('ref_axis',(1.,0.,0.));
#8715=DIRECTION('center_axis',(0.,0.,-1.));
#8716=DIRECTION('ref_axis',(0.,-1.,0.));
#8717=DIRECTION('',(-1.,0.,0.));
#8718=DIRECTION('center_axis',(0.,0.,-1.));
#8719=DIRECTION('ref_axis',(-1.,0.,0.));
#8720=DIRECTION('',(0.,1.,0.));
#8721=DIRECTION('center_axis',(0.,0.,-1.));
#8722=DIRECTION('ref_axis',(0.,1.,0.));
#8723=DIRECTION('',(1.,0.,0.));
#8724=DIRECTION('center_axis',(0.,0.,-1.));
#8725=DIRECTION('ref_axis',(1.,0.,0.));
#8726=DIRECTION('',(0.,-1.,0.));
#8727=DIRECTION('center_axis',(0.,0.,-1.));
#8728=DIRECTION('ref_axis',(-1.,0.,0.));
#8729=DIRECTION('',(0.,1.,0.));
#8730=DIRECTION('center_axis',(0.,0.,-1.));
#8731=DIRECTION('ref_axis',(0.,1.,0.));
#8732=DIRECTION('',(1.,0.,0.));
#8733=DIRECTION('center_axis',(0.,0.,-1.));
#8734=DIRECTION('ref_axis',(1.,0.,0.));
#8735=DIRECTION('',(0.,-1.,0.));
#8736=DIRECTION('center_axis',(0.,0.,-1.));
#8737=DIRECTION('ref_axis',(0.,-1.,0.));
#8738=DIRECTION('',(-1.,0.,0.));
#8739=DIRECTION('center_axis',(0.,0.,-1.));
#8740=DIRECTION('ref_axis',(-0.599999999999989,0.800000000000008,0.));
#8741=DIRECTION('',(1.,-5.31489745831191E-16,0.));
#8742=DIRECTION('center_axis',(0.,0.,-1.));
#8743=DIRECTION('ref_axis',(1.,0.,0.));
#8744=DIRECTION('',(0.,-1.,0.));
#8745=DIRECTION('center_axis',(0.,0.,-1.));
#8746=DIRECTION('ref_axis',(0.600000000000016,-0.799999999999988,0.));
#8747=DIRECTION('',(-1.,4.72435329627726E-16,0.));
#8748=DIRECTION('center_axis',(0.,0.,-1.));
#8749=DIRECTION('ref_axis',(-1.,0.,0.));
#8750=DIRECTION('',(0.,1.,0.));
#8751=DIRECTION('center_axis',(0.,0.,-1.));
#8752=DIRECTION('ref_axis',(0.,-1.,0.));
#8753=DIRECTION('',(-1.,0.,0.));
#8754=DIRECTION('center_axis',(0.,0.,-1.));
#8755=DIRECTION('ref_axis',(-1.,0.,0.));
#8756=DIRECTION('',(0.,1.,0.));
#8757=DIRECTION('center_axis',(0.,0.,-1.));
#8758=DIRECTION('ref_axis',(0.,1.,0.));
#8759=DIRECTION('',(1.,-3.41607084500048E-16,0.));
#8760=DIRECTION('center_axis',(0.,0.,-1.));
#8761=DIRECTION('ref_axis',(1.,0.,0.));
#8762=DIRECTION('',(0.,-1.,0.));
#8763=DIRECTION('center_axis',(0.,0.,-1.));
#8764=DIRECTION('ref_axis',(-1.,0.,0.));
#8765=DIRECTION('',(0.,1.,0.));
#8766=DIRECTION('center_axis',(0.,0.,-1.));
#8767=DIRECTION('ref_axis',(0.,1.,0.));
#8768=DIRECTION('',(1.,-3.41607084500048E-16,0.));
#8769=DIRECTION('center_axis',(0.,0.,-1.));
#8770=DIRECTION('ref_axis',(1.,0.,0.));
#8771=DIRECTION('',(0.,-1.,0.));
#8772=DIRECTION('center_axis',(0.,0.,-1.));
#8773=DIRECTION('ref_axis',(0.,-1.,0.));
#8774=DIRECTION('',(-1.,0.,0.));
#8775=DIRECTION('center_axis',(0.,0.,-1.));
#8776=DIRECTION('ref_axis',(1.,0.,0.));
#8777=DIRECTION('center_axis',(0.,0.,-1.));
#8778=DIRECTION('ref_axis',(1.,0.,0.));
#8779=DIRECTION('',(1.,0.,0.));
#8780=DIRECTION('',(0.,1.,0.));
#8781=DIRECTION('center_axis',(0.,0.,-1.));
#8782=DIRECTION('ref_axis',(1.,0.,0.));
#8783=DIRECTION('center_axis',(0.,0.,-1.));
#8784=DIRECTION('ref_axis',(0.,-1.,0.));
#8785=DIRECTION('',(-1.,0.,0.));
#8786=DIRECTION('center_axis',(0.,0.,-1.));
#8787=DIRECTION('ref_axis',(-1.,0.,0.));
#8788=DIRECTION('',(0.,1.,0.));
#8789=DIRECTION('center_axis',(0.,0.,-1.));
#8790=DIRECTION('ref_axis',(0.,1.,0.));
#8791=DIRECTION('',(1.,0.,0.));
#8792=DIRECTION('center_axis',(0.,0.,-1.));
#8793=DIRECTION('ref_axis',(1.,0.,0.));
#8794=DIRECTION('',(0.,-1.,0.));
#8795=DIRECTION('center_axis',(0.,0.,-1.));
#8796=DIRECTION('ref_axis',(0.,-1.,0.));
#8797=DIRECTION('',(-1.,0.,0.));
#8798=DIRECTION('center_axis',(0.,0.,-1.));
#8799=DIRECTION('ref_axis',(-1.,8.88178419700128E-15,0.));
#8800=DIRECTION('',(0.,1.,0.));
#8801=DIRECTION('center_axis',(0.,0.,-1.));
#8802=DIRECTION('ref_axis',(0.,1.,0.));
#8803=DIRECTION('',(1.,0.,0.));
#8804=DIRECTION('center_axis',(0.,0.,-1.));
#8805=DIRECTION('ref_axis',(1.,0.,0.));
#8806=DIRECTION('',(0.,-1.,0.));
#8807=DIRECTION('center_axis',(0.,0.,1.));
#8808=DIRECTION('ref_axis',(1.,0.,0.));
#8809=DIRECTION('center_axis',(1.,0.,0.));
#8810=DIRECTION('ref_axis',(0.,1.,0.));
#8811=DIRECTION('center_axis',(0.,0.,1.));
#8812=DIRECTION('ref_axis',(-1.,0.,0.));
#8813=DIRECTION('center_axis',(0.,-1.,0.));
#8814=DIRECTION('ref_axis',(0.,0.,1.));
#8815=DIRECTION('center_axis',(0.,0.,1.));
#8816=DIRECTION('ref_axis',(-0.707106781186548,0.707106781186547,0.));
#8817=DIRECTION('center_axis',(0.,0.,1.));
#8818=DIRECTION('ref_axis',(-0.707106781186548,0.707106781186547,0.));
#8819=DIRECTION('',(0.,0.,1.));
#8820=DIRECTION('',(0.,0.,-1.));
#8821=DIRECTION('center_axis',(0.,0.,1.));
#8822=DIRECTION('ref_axis',(1.,0.,0.));
#8823=DIRECTION('center_axis',(0.,-1.,0.));
#8824=DIRECTION('ref_axis',(1.,0.,0.));
#8825=DIRECTION('center_axis',(0.,0.,1.));
#8826=DIRECTION('ref_axis',(0.,1.,0.));
#8827=DIRECTION('center_axis',(-1.,0.,0.));
#8828=DIRECTION('ref_axis',(0.,0.,1.));
#8829=DIRECTION('center_axis',(0.,0.,1.));
#8830=DIRECTION('ref_axis',(0.707106781186546,0.707106781186549,0.));
#8831=DIRECTION('center_axis',(0.,0.,1.));
#8832=DIRECTION('ref_axis',(0.707106781186546,0.707106781186549,0.));
#8833=DIRECTION('',(0.,0.,1.));
#8834=DIRECTION('',(0.,0.,-1.));
#8835=DIRECTION('center_axis',(-1.,0.,0.));
#8836=DIRECTION('ref_axis',(0.,0.707106781186547,0.707106781186547));
#8837=DIRECTION('',(-1.,0.,0.));
#8838=DIRECTION('center_axis',(0.,0.,1.));
#8839=DIRECTION('ref_axis',(1.,0.,0.));
#8840=DIRECTION('center_axis',(0.,1.,0.));
#8841=DIRECTION('ref_axis',(-1.,0.,0.));
#8842=DIRECTION('center_axis',(0.,0.,1.));
#8843=DIRECTION('ref_axis',(0.,-1.,0.));
#8844=DIRECTION('center_axis',(1.,0.,0.));
#8845=DIRECTION('ref_axis',(0.,0.,1.));
#8846=DIRECTION('center_axis',(0.,0.,1.));
#8847=DIRECTION('ref_axis',(-0.707106781186547,-0.707106781186548,0.));
#8848=DIRECTION('center_axis',(0.,0.,1.));
#8849=DIRECTION('ref_axis',(-0.707106781186547,-0.707106781186548,0.));
#8850=DIRECTION('',(0.,0.,1.));
#8851=DIRECTION('',(0.,0.,-1.));
#8852=DIRECTION('center_axis',(0.,0.,1.));
#8853=DIRECTION('ref_axis',(1.,0.,0.));
#8854=DIRECTION('center_axis',(-1.,0.,0.));
#8855=DIRECTION('ref_axis',(0.,-1.,0.));
#8856=DIRECTION('center_axis',(0.,0.,1.));
#8857=DIRECTION('ref_axis',(1.,0.,0.));
#8858=DIRECTION('center_axis',(0.,1.,0.));
#8859=DIRECTION('ref_axis',(0.,0.,1.));
#8860=DIRECTION('center_axis',(0.,0.,1.));
#8861=DIRECTION('ref_axis',(0.707106781186549,-0.707106781186546,0.));
#8862=DIRECTION('center_axis',(0.,0.,1.));
#8863=DIRECTION('ref_axis',(0.707106781186549,-0.707106781186546,0.));
#8864=DIRECTION('',(0.,0.,1.));
#8865=DIRECTION('',(0.,0.,-1.));
#8866=DIRECTION('center_axis',(0.,1.,0.));
#8867=DIRECTION('ref_axis',(0.707106781186547,0.,0.707106781186547));
#8868=DIRECTION('',(0.,1.,0.));
#8869=DIRECTION('center_axis',(1.,0.,0.));
#8870=DIRECTION('ref_axis',(0.,-0.707106781186547,0.707106781186547));
#8871=DIRECTION('',(1.,0.,0.));
#8872=DIRECTION('center_axis',(0.,-1.,0.));
#8873=DIRECTION('ref_axis',(-0.707106781186547,0.,0.707106781186547));
#8874=DIRECTION('',(0.,-1.,0.));
#8875=DIRECTION('center_axis',(0.,1.,0.));
#8876=DIRECTION('ref_axis',(-1.,0.,0.));
#8877=DIRECTION('',(-1.,0.,0.));
#8878=DIRECTION('center_axis',(1.,0.,0.));
#8879=DIRECTION('ref_axis',(0.,1.,0.));
#8880=DIRECTION('',(0.,1.,0.));
#8881=DIRECTION('center_axis',(0.,0.,1.));
#8882=DIRECTION('ref_axis',(1.,0.,0.));
#8883=DIRECTION('',(1.,0.,0.));
#8884=DIRECTION('',(0.,-1.,0.));
#8885=DIRECTION('center_axis',(0.,0.,-1.));
#8886=DIRECTION('ref_axis',(1.,0.,0.));
#8887=DIRECTION('center_axis',(0.,0.,-1.));
#8888=DIRECTION('ref_axis',(0.,-1.,0.));
#8889=DIRECTION('',(0.,-1.,0.));
#8890=DIRECTION('center_axis',(0.,0.,-1.));
#8891=DIRECTION('ref_axis',(1.,0.,0.));
#8892=DIRECTION('',(1.,0.,0.));
#8893=DIRECTION('center_axis',(0.,0.,-1.));
#8894=DIRECTION('ref_axis',(0.,1.,0.));
#8895=DIRECTION('',(0.,1.,0.));
#8896=DIRECTION('center_axis',(0.,0.,-1.));
#8897=DIRECTION('ref_axis',(-1.,0.,0.));
#8898=DIRECTION('',(-1.,0.,0.));
#8899=DIRECTION('center_axis',(0.,0.,-1.));
#8900=DIRECTION('ref_axis',(-1.,0.,0.));
#8901=DIRECTION('',(-1.,0.,0.));
#8902=DIRECTION('center_axis',(0.,0.,-1.));
#8903=DIRECTION('ref_axis',(0.,-1.,0.));
#8904=DIRECTION('',(0.,-1.,0.));
#8905=DIRECTION('center_axis',(0.,0.,-1.));
#8906=DIRECTION('ref_axis',(1.,0.,0.));
#8907=DIRECTION('',(1.,0.,0.));
#8908=DIRECTION('center_axis',(0.,0.,-1.));
#8909=DIRECTION('ref_axis',(0.,1.,0.));
#8910=DIRECTION('',(0.,1.,0.));
#8911=DIRECTION('',(0.,-1.,0.));
#8912=DIRECTION('',(1.,0.,0.));
#8913=DIRECTION('center_axis',(0.,0.,-1.));
#8914=DIRECTION('ref_axis',(-0.599999999999989,0.800000000000008,0.));
#8915=DIRECTION('',(0.,1.,0.));
#8916=DIRECTION('center_axis',(0.,0.,-1.));
#8917=DIRECTION('ref_axis',(-1.,0.,0.));
#8918=DIRECTION('',(-1.,4.72435329627726E-16,0.));
#8919=DIRECTION('center_axis',(0.,0.,-1.));
#8920=DIRECTION('ref_axis',(0.600000000000016,-0.799999999999988,0.));
#8921=DIRECTION('',(0.,-1.,0.));
#8922=DIRECTION('center_axis',(0.,0.,-1.));
#8923=DIRECTION('ref_axis',(1.,0.,0.));
#8924=DIRECTION('',(1.,-5.31489745831191E-16,0.));
#8925=DIRECTION('center_axis',(0.,0.,-1.));
#8926=DIRECTION('ref_axis',(0.,-1.,0.));
#8927=DIRECTION('',(0.,-1.,0.));
#8928=DIRECTION('center_axis',(0.,0.,-1.));
#8929=DIRECTION('ref_axis',(1.,0.,0.));
#8930=DIRECTION('',(1.,-3.41607084500048E-16,0.));
#8931=DIRECTION('center_axis',(0.,0.,-1.));
#8932=DIRECTION('ref_axis',(0.,1.,0.));
#8933=DIRECTION('',(0.,1.,0.));
#8934=DIRECTION('center_axis',(0.,0.,-1.));
#8935=DIRECTION('ref_axis',(-1.,0.,0.));
#8936=DIRECTION('',(-1.,0.,0.));
#8937=DIRECTION('center_axis',(0.,0.,-1.));
#8938=DIRECTION('ref_axis',(-1.,0.,0.));
#8939=DIRECTION('',(-1.,0.,0.));
#8940=DIRECTION('center_axis',(0.,0.,-1.));
#8941=DIRECTION('ref_axis',(0.,-1.,0.));
#8942=DIRECTION('',(0.,-1.,0.));
#8943=DIRECTION('center_axis',(0.,0.,-1.));
#8944=DIRECTION('ref_axis',(1.,0.,0.));
#8945=DIRECTION('',(1.,-3.41607084500048E-16,0.));
#8946=DIRECTION('center_axis',(0.,0.,-1.));
#8947=DIRECTION('ref_axis',(0.,1.,0.));
#8948=DIRECTION('',(0.,1.,0.));
#8949=DIRECTION('center_axis',(0.,0.,-1.));
#8950=DIRECTION('ref_axis',(1.,0.,0.));
#8951=DIRECTION('center_axis',(0.,0.,-1.));
#8952=DIRECTION('ref_axis',(1.,0.,0.));
#8953=DIRECTION('center_axis',(0.,0.,-1.));
#8954=DIRECTION('ref_axis',(1.,0.,0.));
#8955=DIRECTION('center_axis',(0.,0.,-1.));
#8956=DIRECTION('ref_axis',(0.,-1.,0.));
#8957=DIRECTION('',(0.,-1.,0.));
#8958=DIRECTION('center_axis',(0.,0.,-1.));
#8959=DIRECTION('ref_axis',(1.,0.,0.));
#8960=DIRECTION('',(1.,0.,0.));
#8961=DIRECTION('center_axis',(0.,0.,-1.));
#8962=DIRECTION('ref_axis',(0.,1.,0.));
#8963=DIRECTION('',(0.,1.,0.));
#8964=DIRECTION('center_axis',(0.,0.,-1.));
#8965=DIRECTION('ref_axis',(-1.,0.,0.));
#8966=DIRECTION('',(-1.,0.,0.));
#8967=DIRECTION('center_axis',(0.,0.,-1.));
#8968=DIRECTION('ref_axis',(0.,-1.,0.));
#8969=DIRECTION('',(0.,-1.,0.));
#8970=DIRECTION('center_axis',(0.,0.,-1.));
#8971=DIRECTION('ref_axis',(1.,0.,0.));
#8972=DIRECTION('',(1.,0.,0.));
#8973=DIRECTION('center_axis',(0.,0.,-1.));
#8974=DIRECTION('ref_axis',(0.,1.,0.));
#8975=DIRECTION('',(0.,1.,0.));
#8976=DIRECTION('center_axis',(0.,0.,-1.));
#8977=DIRECTION('ref_axis',(-1.,8.88178419700128E-15,0.));
#8978=DIRECTION('',(-1.,0.,0.));
#8979=DIRECTION('center_axis',(-1.,0.,0.));
#8980=DIRECTION('ref_axis',(0.,-1.,0.));
#8981=DIRECTION('',(0.,0.,1.));
#8982=DIRECTION('',(0.,0.,1.));
#8983=DIRECTION('center_axis',(0.,0.,1.));
#8984=DIRECTION('ref_axis',(1.,0.,0.));
#8985=DIRECTION('',(0.,0.,1.));
#8986=DIRECTION('center_axis',(0.,-1.,0.));
#8987=DIRECTION('ref_axis',(1.,0.,0.));
#8988=DIRECTION('',(0.,0.,1.));
#8989=DIRECTION('center_axis',(0.,0.,1.));
#8990=DIRECTION('ref_axis',(0.,1.,0.));
#8991=DIRECTION('',(0.,0.,1.));
#8992=DIRECTION('center_axis',(1.,0.,0.));
#8993=DIRECTION('ref_axis',(0.,1.,0.));
#8994=DIRECTION('',(0.,0.,1.));
#8995=DIRECTION('center_axis',(0.,0.,1.));
#8996=DIRECTION('ref_axis',(-1.,8.88178419700128E-15,0.));
#8997=DIRECTION('',(0.,0.,1.));
#8998=DIRECTION('center_axis',(0.,1.,0.));
#8999=DIRECTION('ref_axis',(-1.,0.,0.));
#9000=DIRECTION('',(0.,0.,1.));
#9001=DIRECTION('center_axis',(0.,0.,1.));
#9002=DIRECTION('ref_axis',(0.,-1.,0.));
#9003=DIRECTION('center_axis',(-1.,0.,0.));
#9004=DIRECTION('ref_axis',(0.,-1.,0.));
#9005=DIRECTION('',(0.,0.,1.));
#9006=DIRECTION('',(0.,0.,1.));
#9007=DIRECTION('center_axis',(0.,0.,1.));
#9008=DIRECTION('ref_axis',(1.,0.,0.));
#9009=DIRECTION('',(0.,0.,1.));
#9010=DIRECTION('center_axis',(0.,-1.,0.));
#9011=DIRECTION('ref_axis',(1.,0.,0.));
#9012=DIRECTION('',(0.,0.,1.));
#9013=DIRECTION('center_axis',(0.,0.,1.));
#9014=DIRECTION('ref_axis',(0.,1.,0.));
#9015=DIRECTION('',(0.,0.,1.));
#9016=DIRECTION('center_axis',(1.,0.,0.));
#9017=DIRECTION('ref_axis',(0.,1.,0.));
#9018=DIRECTION('',(0.,0.,1.));
#9019=DIRECTION('center_axis',(0.,0.,1.));
#9020=DIRECTION('ref_axis',(-1.,0.,0.));
#9021=DIRECTION('',(0.,0.,1.));
#9022=DIRECTION('center_axis',(0.,1.,0.));
#9023=DIRECTION('ref_axis',(-1.,0.,0.));
#9024=DIRECTION('',(0.,0.,1.));
#9025=DIRECTION('center_axis',(0.,0.,1.));
#9026=DIRECTION('ref_axis',(0.,-1.,0.));
#9027=DIRECTION('center_axis',(0.,0.,1.));
#9028=DIRECTION('ref_axis',(1.,0.,0.));
#9029=DIRECTION('',(0.,0.,-1.));
#9030=DIRECTION('center_axis',(1.,0.,0.));
#9031=DIRECTION('ref_axis',(0.,1.,0.));
#9032=DIRECTION('',(0.,0.,1.));
#9033=DIRECTION('center_axis',(0.,-1.,0.));
#9034=DIRECTION('ref_axis',(1.,0.,0.));
#9035=DIRECTION('center_axis',(0.,0.,1.));
#9036=DIRECTION('ref_axis',(1.,0.,0.));
#9037=DIRECTION('',(0.,0.,-1.));
#9038=DIRECTION('center_axis',(0.,0.,1.));
#9039=DIRECTION('ref_axis',(1.,0.,0.));
#9040=DIRECTION('',(0.,0.,-1.));
#9041=DIRECTION('center_axis',(0.,1.,0.));
#9042=DIRECTION('ref_axis',(-1.,0.,0.));
#9043=DIRECTION('',(0.,0.,1.));
#9044=DIRECTION('',(0.,0.,1.));
#9045=DIRECTION('center_axis',(0.,0.,1.));
#9046=DIRECTION('ref_axis',(0.,-1.,0.));
#9047=DIRECTION('',(0.,0.,1.));
#9048=DIRECTION('center_axis',(-1.,0.,0.));
#9049=DIRECTION('ref_axis',(0.,-1.,0.));
#9050=DIRECTION('',(0.,0.,1.));
#9051=DIRECTION('center_axis',(0.,0.,1.));
#9052=DIRECTION('ref_axis',(1.,0.,0.));
#9053=DIRECTION('',(0.,0.,1.));
#9054=DIRECTION('center_axis',(-3.41607084500048E-16,-1.,0.));
#9055=DIRECTION('ref_axis',(1.,-3.41607084500048E-16,0.));
#9056=DIRECTION('',(0.,0.,1.));
#9057=DIRECTION('center_axis',(0.,0.,1.));
#9058=DIRECTION('ref_axis',(0.,1.,0.));
#9059=DIRECTION('',(0.,0.,1.));
#9060=DIRECTION('center_axis',(1.,0.,0.));
#9061=DIRECTION('ref_axis',(0.,1.,0.));
#9062=DIRECTION('',(0.,0.,1.));
#9063=DIRECTION('center_axis',(0.,0.,1.));
#9064=DIRECTION('ref_axis',(-1.,0.,0.));
#9065=DIRECTION('center_axis',(-1.,0.,0.));
#9066=DIRECTION('ref_axis',(0.,-1.,0.));
#9067=DIRECTION('',(0.,0.,1.));
#9068=DIRECTION('',(0.,0.,1.));
#9069=DIRECTION('center_axis',(0.,0.,1.));
#9070=DIRECTION('ref_axis',(1.,0.,0.));
#9071=DIRECTION('',(0.,0.,1.));
#9072=DIRECTION('center_axis',(-3.41607084500048E-16,-1.,0.));
#9073=DIRECTION('ref_axis',(1.,-3.41607084500048E-16,0.));
#9074=DIRECTION('',(0.,0.,1.));
#9075=DIRECTION('center_axis',(0.,0.,1.));
#9076=DIRECTION('ref_axis',(0.,1.,0.));
#9077=DIRECTION('',(0.,0.,1.));
#9078=DIRECTION('center_axis',(1.,0.,0.));
#9079=DIRECTION('ref_axis',(0.,1.,0.));
#9080=DIRECTION('',(0.,0.,1.));
#9081=DIRECTION('center_axis',(0.,0.,1.));
#9082=DIRECTION('ref_axis',(-1.,0.,0.));
#9083=DIRECTION('',(0.,0.,1.));
#9084=DIRECTION('center_axis',(0.,1.,0.));
#9085=DIRECTION('ref_axis',(-1.,0.,0.));
#9086=DIRECTION('',(0.,0.,1.));
#9087=DIRECTION('center_axis',(0.,0.,1.));
#9088=DIRECTION('ref_axis',(0.,-1.,0.));
#9089=DIRECTION('center_axis',(1.,0.,0.));
#9090=DIRECTION('ref_axis',(0.,1.,0.));
#9091=DIRECTION('',(0.,0.,1.));
#9092=DIRECTION('',(0.,0.,1.));
#9093=DIRECTION('center_axis',(0.,0.,1.));
#9094=DIRECTION('ref_axis',(-1.,0.,0.));
#9095=DIRECTION('',(0.,0.,1.));
#9096=DIRECTION('center_axis',(4.72435329627726E-16,1.,0.));
#9097=DIRECTION('ref_axis',(-1.,4.72435329627726E-16,0.));
#9098=DIRECTION('',(0.,0.,1.));
#9099=DIRECTION('center_axis',(0.,0.,1.));
#9100=DIRECTION('ref_axis',(0.600000000000016,-0.799999999999988,0.));
#9101=DIRECTION('',(0.,0.,1.));
#9102=DIRECTION('center_axis',(-1.,0.,0.));
#9103=DIRECTION('ref_axis',(0.,-1.,0.));
#9104=DIRECTION('',(0.,0.,1.));
#9105=DIRECTION('center_axis',(0.,0.,1.));
#9106=DIRECTION('ref_axis',(1.,0.,0.));
#9107=DIRECTION('',(0.,0.,1.));
#9108=DIRECTION('center_axis',(-5.31489745831191E-16,-1.,0.));
#9109=DIRECTION('ref_axis',(1.,-5.31489745831191E-16,0.));
#9110=DIRECTION('',(0.,0.,1.));
#9111=DIRECTION('center_axis',(0.,0.,1.));
#9112=DIRECTION('ref_axis',(-0.599999999999989,0.800000000000008,0.));
#9113=DIRECTION('center_axis',(-1.,0.,0.));
#9114=DIRECTION('ref_axis',(0.,-1.,0.));
#9115=DIRECTION('',(0.,0.,1.));
#9116=DIRECTION('center_axis',(0.,-1.,0.));
#9117=DIRECTION('ref_axis',(1.,0.,0.));
#9118=DIRECTION('center_axis',(0.,1.,0.));
#9119=DIRECTION('ref_axis',(-1.,0.,0.));
#9120=DIRECTION('',(0.,0.,1.));
#9121=DIRECTION('',(0.,0.,1.));
#9122=DIRECTION('center_axis',(0.,0.,1.));
#9123=DIRECTION('ref_axis',(0.,-1.,0.));
#9124=DIRECTION('',(0.,0.,1.));
#9125=DIRECTION('center_axis',(-1.,0.,0.));
#9126=DIRECTION('ref_axis',(0.,-1.,0.));
#9127=DIRECTION('',(0.,0.,1.));
#9128=DIRECTION('center_axis',(0.,0.,1.));
#9129=DIRECTION('ref_axis',(1.,0.,0.));
#9130=DIRECTION('',(0.,0.,1.));
#9131=DIRECTION('center_axis',(0.,-1.,0.));
#9132=DIRECTION('ref_axis',(1.,0.,0.));
#9133=DIRECTION('',(0.,0.,1.));
#9134=DIRECTION('center_axis',(0.,0.,1.));
#9135=DIRECTION('ref_axis',(0.,1.,0.));
#9136=DIRECTION('',(0.,0.,1.));
#9137=DIRECTION('center_axis',(1.,0.,0.));
#9138=DIRECTION('ref_axis',(0.,1.,0.));
#9139=DIRECTION('',(0.,0.,1.));
#9140=DIRECTION('center_axis',(0.,0.,1.));
#9141=DIRECTION('ref_axis',(-1.,0.,0.));
#9142=DIRECTION('center_axis',(-1.,0.,0.));
#9143=DIRECTION('ref_axis',(0.,-1.,0.));
#9144=DIRECTION('',(0.,0.,1.));
#9145=DIRECTION('',(0.,0.,1.));
#9146=DIRECTION('center_axis',(0.,0.,1.));
#9147=DIRECTION('ref_axis',(1.,0.,0.));
#9148=DIRECTION('',(0.,0.,1.));
#9149=DIRECTION('center_axis',(0.,-1.,0.));
#9150=DIRECTION('ref_axis',(1.,0.,0.));
#9151=DIRECTION('',(0.,0.,1.));
#9152=DIRECTION('center_axis',(0.,0.,1.));
#9153=DIRECTION('ref_axis',(0.,1.,0.));
#9154=DIRECTION('',(0.,0.,1.));
#9155=DIRECTION('center_axis',(1.,0.,0.));
#9156=DIRECTION('ref_axis',(0.,1.,0.));
#9157=DIRECTION('',(0.,0.,1.));
#9158=DIRECTION('center_axis',(0.,0.,1.));
#9159=DIRECTION('ref_axis',(-1.,0.,0.));
#9160=DIRECTION('',(0.,0.,1.));
#9161=DIRECTION('center_axis',(0.,1.,0.));
#9162=DIRECTION('ref_axis',(-1.,0.,0.));
#9163=DIRECTION('',(0.,0.,1.));
#9164=DIRECTION('center_axis',(0.,0.,1.));
#9165=DIRECTION('ref_axis',(0.,-1.,0.));
#9166=DIRECTION('center_axis',(0.,0.,1.));
#9167=DIRECTION('ref_axis',(1.,0.,0.));
#9168=DIRECTION('',(0.,0.,-1.));
#9169=DIRECTION('center_axis',(0.,-1.,0.));
#9170=DIRECTION('ref_axis',(1.,0.,0.));
#9171=DIRECTION('center_axis',(-1.,0.,0.));
#9172=DIRECTION('ref_axis',(0.,-1.,0.));
#9173=DIRECTION('center_axis',(0.,0.,1.));
#9174=DIRECTION('ref_axis',(1.,0.,0.));
#9175=DIRECTION('',(1.,0.,0.));
#9176=DIRECTION('',(0.,1.,0.));
#9177=DIRECTION('',(-1.,0.,0.));
#9178=DIRECTION('',(0.,-1.,0.));
#9179=DIRECTION('',(0.,1.,0.));
#9180=DIRECTION('',(1.,0.,0.));
#9181=DIRECTION('',(1.20023544437573E-15,-1.,0.));
#9182=DIRECTION('',(-1.,0.,0.));
#9183=DIRECTION('center_axis',(-1.,0.,0.));
#9184=DIRECTION('ref_axis',(0.,-1.,0.));
#9185=DIRECTION('',(0.,-1.,0.));
#9186=DIRECTION('',(0.,0.,1.));
#9187=DIRECTION('',(0.,0.,1.));
#9188=DIRECTION('center_axis',(0.,1.,0.));
#9189=DIRECTION('ref_axis',(-1.,0.,0.));
#9190=DIRECTION('',(-1.,0.,0.));
#9191=DIRECTION('',(0.,0.,1.));
#9192=DIRECTION('center_axis',(1.,0.,0.));
#9193=DIRECTION('ref_axis',(0.,1.,0.));
#9194=DIRECTION('',(0.,1.,0.));
#9195=DIRECTION('',(0.,0.,1.));
#9196=DIRECTION('center_axis',(0.,-1.,0.));
#9197=DIRECTION('ref_axis',(1.,0.,0.));
#9198=DIRECTION('',(1.,0.,0.));
#9199=DIRECTION('center_axis',(-1.,-1.20023544437573E-15,0.));
#9200=DIRECTION('ref_axis',(-1.20023544437573E-15,1.,0.));
#9201=DIRECTION('',(0.,0.,-1.));
#9202=DIRECTION('',(-1.20023544437573E-15,1.,0.));
#9203=DIRECTION('',(0.,0.,-1.));
#9204=DIRECTION('center_axis',(0.,-1.,0.));
#9205=DIRECTION('ref_axis',(-1.,0.,0.));
#9206=DIRECTION('',(0.,0.,-1.));
#9207=DIRECTION('',(-1.,0.,0.));
#9208=DIRECTION('center_axis',(1.,0.,0.));
#9209=DIRECTION('ref_axis',(0.,-1.,0.));
#9210=DIRECTION('',(0.,0.,-1.));
#9211=DIRECTION('',(0.,-1.,0.));
#9212=DIRECTION('center_axis',(0.,1.,0.));
#9213=DIRECTION('ref_axis',(1.,0.,0.));
#9214=DIRECTION('',(1.,0.,0.));
#9215=DIRECTION('center_axis',(0.,0.,1.));
#9216=DIRECTION('ref_axis',(-1.,0.,0.));
#9217=DIRECTION('center_axis',(0.,0.,-1.));
#9218=DIRECTION('ref_axis',(-1.,0.,0.));
#9219=DIRECTION('',(0.,0.,1.));
#9220=DIRECTION('',(1.,0.,0.));
#9221=CARTESIAN_POINT('',(0.,0.,0.));
#9222=CARTESIAN_POINT('',(0.,0.,0.));
#9223=CARTESIAN_POINT('Origin',(-0.199999999999996,-61.7,1.51));
#9224=CARTESIAN_POINT('',(-0.199999999999996,0.199999999999996,0.));
#9225=CARTESIAN_POINT('',(-0.199999999999996,-61.7,0.));
#9226=CARTESIAN_POINT('',(-0.199999999999996,-46.225,0.));
#9227=CARTESIAN_POINT('',(-0.199999999999996,-61.7,1.51));
#9228=CARTESIAN_POINT('',(-0.199999999999996,-61.7,1.51));
#9229=CARTESIAN_POINT('',(-0.199999999999996,0.199999999999996,1.51));
#9230=CARTESIAN_POINT('',(-0.199999999999996,0.199999999999996,1.51));
#9231=CARTESIAN_POINT('',(-0.199999999999996,0.199999999999996,1.51));
#9232=CARTESIAN_POINT('Origin',(92.7,-61.7,1.51));
#9233=CARTESIAN_POINT('',(92.7,-61.7,0.));
#9234=CARTESIAN_POINT('',(69.475,-61.7,0.));
#9235=CARTESIAN_POINT('',(92.7,-61.7,1.51));
#9236=CARTESIAN_POINT('',(92.7,-61.7,1.51));
#9237=CARTESIAN_POINT('',(-0.199999999999996,-61.7,1.51));
#9238=CARTESIAN_POINT('Origin',(92.7,0.199999999999996,1.51));
#9239=CARTESIAN_POINT('',(92.7,0.199999999999996,0.));
#9240=CARTESIAN_POINT('',(92.7,-15.275,0.));
#9241=CARTESIAN_POINT('',(92.7,0.199999999999996,1.51));
#9242=CARTESIAN_POINT('',(92.7,0.199999999999996,1.51));
#9243=CARTESIAN_POINT('',(92.7,-61.7,1.51));
#9244=CARTESIAN_POINT('Origin',(-0.199999999999996,0.199999999999996,1.51));
#9245=CARTESIAN_POINT('',(23.025,0.199999999999996,0.));
#9246=CARTESIAN_POINT('',(92.7,0.199999999999996,1.51));
#9247=CARTESIAN_POINT('Origin',(-135.5,49.,0.));
#9248=CARTESIAN_POINT('',(7.44999999999999,-53.91,0.));
#9249=CARTESIAN_POINT('Origin',(7.44999999999999,-54.31,0.));
#9250=CARTESIAN_POINT('',(11.,-53.91,0.));
#9251=CARTESIAN_POINT('Origin',(11.,-54.31,0.));
#9252=CARTESIAN_POINT('',(14.55,-53.91,0.));
#9253=CARTESIAN_POINT('Origin',(14.55,-54.31,0.));
#9254=CARTESIAN_POINT('',(17.45,-53.91,0.));
#9255=CARTESIAN_POINT('Origin',(17.45,-54.31,0.));
#9256=CARTESIAN_POINT('',(21.,-53.91,0.));
#9257=CARTESIAN_POINT('Origin',(21.,-54.31,0.));
#9258=CARTESIAN_POINT('',(24.55,-53.91,0.));
#9259=CARTESIAN_POINT('Origin',(24.55,-54.31,0.));
#9260=CARTESIAN_POINT('',(7.44999999999999,-46.29,0.));
#9261=CARTESIAN_POINT('Origin',(7.44999999999999,-46.69,0.));
#9262=CARTESIAN_POINT('',(11.,-46.29,0.));
#9263=CARTESIAN_POINT('Origin',(11.,-46.69,0.));
#9264=CARTESIAN_POINT('',(14.55,-46.29,0.));
#9265=CARTESIAN_POINT('Origin',(14.55,-46.69,0.));
#9266=CARTESIAN_POINT('',(17.45,-46.29,0.));
#9267=CARTESIAN_POINT('Origin',(17.45,-46.69,0.));
#9268=CARTESIAN_POINT('',(21.,-46.29,0.));
#9269=CARTESIAN_POINT('Origin',(21.,-46.69,0.));
#9270=CARTESIAN_POINT('',(24.55,-46.29,0.));
#9271=CARTESIAN_POINT('Origin',(24.55,-46.69,0.));
#9272=CARTESIAN_POINT('',(38.249485,-56.977438,0.));
#9273=CARTESIAN_POINT('',(37.546712,-56.32886,0.));
#9274=CARTESIAN_POINT('Origin',(37.79897029551,-56.76056033,0.));
#9275=CARTESIAN_POINT('',(37.294454,-56.397159,0.));
#9276=CARTESIAN_POINT('Origin',(37.29445134312,-55.8971502707,0.));
#9277=CARTESIAN_POINT('',(35.705548,-56.397158,0.));
#9278=CARTESIAN_POINT('',(37.294454,-56.397159,0.));
#9279=CARTESIAN_POINT('',(35.45329,-56.328859,0.));
#9280=CARTESIAN_POINT('Origin',(35.70555065687,-55.8971492707,0.));
#9281=CARTESIAN_POINT('',(34.750517,-56.977438,0.));
#9282=CARTESIAN_POINT('Origin',(35.20103174567,-56.7605597091,0.));
#9283=CARTESIAN_POINT('',(34.800002,-57.194316,0.));
#9284=CARTESIAN_POINT('Origin',(34.30001211496,-57.1943140791,0.));
#9285=CARTESIAN_POINT('',(34.800002,-58.600001,0.));
#9286=CARTESIAN_POINT('',(34.800002,-57.194316,0.));
#9287=CARTESIAN_POINT('',(34.750517,-58.816878,0.));
#9288=CARTESIAN_POINT('Origin',(34.30001211502,-58.6000019208,0.));
#9289=CARTESIAN_POINT('',(35.453291,-59.465457,0.));
#9290=CARTESIAN_POINT('Origin',(35.2010335355,-59.0337547404,0.));
#9291=CARTESIAN_POINT('',(35.705549,-59.397158,0.));
#9292=CARTESIAN_POINT('Origin',(35.70555165687,-59.8971667292,0.));
#9293=CARTESIAN_POINT('',(37.294453,-59.397158,0.));
#9294=CARTESIAN_POINT('',(35.705549,-59.397158,0.));
#9295=CARTESIAN_POINT('',(37.546712,-59.465457,0.));
#9296=CARTESIAN_POINT('Origin',(37.29445134314,-59.8971667292,0.));
#9297=CARTESIAN_POINT('',(38.249485,-58.816878,0.));
#9298=CARTESIAN_POINT('Origin',(37.79897090428,-59.0337569951,0.));
#9299=CARTESIAN_POINT('',(38.2,-58.6,0.));
#9300=CARTESIAN_POINT('Origin',(38.69998988503,-58.6000019208,0.));
#9301=CARTESIAN_POINT('',(38.2,-57.194315,0.));
#9302=CARTESIAN_POINT('',(38.2,-58.6,0.));
#9303=CARTESIAN_POINT('Origin',(38.69998988497,-57.1943140791,0.));
#9304=CARTESIAN_POINT('',(28.1,-53.91,0.));
#9305=CARTESIAN_POINT('Origin',(28.1,-54.31,0.));
#9306=CARTESIAN_POINT('',(46.749485,-56.977438,0.));
#9307=CARTESIAN_POINT('',(46.046712,-56.32886,0.));
#9308=CARTESIAN_POINT('Origin',(46.29897029551,-56.76056033,0.));
#9309=CARTESIAN_POINT('',(45.794454,-56.397159,0.));
#9310=CARTESIAN_POINT('Origin',(45.79445134312,-55.8971502707,0.));
#9311=CARTESIAN_POINT('',(44.205548,-56.397158,0.));
#9312=CARTESIAN_POINT('',(45.794454,-56.397159,0.));
#9313=CARTESIAN_POINT('',(43.95329,-56.328859,0.));
#9314=CARTESIAN_POINT('Origin',(44.20555065687,-55.8971492707,0.));
#9315=CARTESIAN_POINT('',(43.250517,-56.977438,0.));
#9316=CARTESIAN_POINT('Origin',(43.70103174567,-56.7605597091,0.));
#9317=CARTESIAN_POINT('',(43.300002,-57.194316,0.));
#9318=CARTESIAN_POINT('Origin',(42.80001211496,-57.1943140791,0.));
#9319=CARTESIAN_POINT('',(43.300002,-58.600001,0.));
#9320=CARTESIAN_POINT('',(43.300002,-57.194316,0.));
#9321=CARTESIAN_POINT('',(43.250517,-58.816878,0.));
#9322=CARTESIAN_POINT('Origin',(42.80001211502,-58.6000019208,0.));
#9323=CARTESIAN_POINT('',(43.953291,-59.465457,0.));
#9324=CARTESIAN_POINT('Origin',(43.7010335355,-59.0337547404,0.));
#9325=CARTESIAN_POINT('',(44.205549,-59.397158,0.));
#9326=CARTESIAN_POINT('Origin',(44.20555165687,-59.8971667292,0.));
#9327=CARTESIAN_POINT('',(45.794453,-59.397158,0.));
#9328=CARTESIAN_POINT('',(44.205549,-59.397158,0.));
#9329=CARTESIAN_POINT('',(46.046712,-59.465457,0.));
#9330=CARTESIAN_POINT('Origin',(45.79445134314,-59.8971667292,0.));
#9331=CARTESIAN_POINT('',(46.749485,-58.816878,0.));
#9332=CARTESIAN_POINT('Origin',(46.29897090428,-59.0337569951,0.));
#9333=CARTESIAN_POINT('',(46.7,-58.6,0.));
#9334=CARTESIAN_POINT('Origin',(47.19998988503,-58.6000019208,0.));
#9335=CARTESIAN_POINT('',(46.7,-57.194316,0.));
#9336=CARTESIAN_POINT('',(46.7,-58.6,0.));
#9337=CARTESIAN_POINT('Origin',(47.19998988503,-57.1943140791,0.));
#9338=CARTESIAN_POINT('',(28.1,-46.29,0.));
#9339=CARTESIAN_POINT('Origin',(28.1,-46.69,0.));
#9340=CARTESIAN_POINT('',(38.73,-43.69,0.));
#9341=CARTESIAN_POINT('Origin',(38.73,-44.54,0.));
#9342=CARTESIAN_POINT('',(40.,-41.25,0.));
#9343=CARTESIAN_POINT('Origin',(40.,-42.,0.));
#9344=CARTESIAN_POINT('',(43.81,-42.54,0.));
#9345=CARTESIAN_POINT('Origin',(43.81,-44.54,0.));
#9346=CARTESIAN_POINT('',(46.35,-38.71,0.));
#9347=CARTESIAN_POINT('Origin',(46.35,-39.46,0.));
#9348=CARTESIAN_POINT('',(52.45329,-56.328859,0.));
#9349=CARTESIAN_POINT('',(51.750517,-56.977438,0.));
#9350=CARTESIAN_POINT('Origin',(52.20103174567,-56.7605597091,0.));
#9351=CARTESIAN_POINT('',(51.800002,-57.194316,0.));
#9352=CARTESIAN_POINT('Origin',(51.30001211496,-57.1943140791,0.));
#9353=CARTESIAN_POINT('',(51.800002,-58.6,0.));
#9354=CARTESIAN_POINT('',(51.800002,-57.194316,0.));
#9355=CARTESIAN_POINT('',(51.750517,-58.816878,0.));
#9356=CARTESIAN_POINT('Origin',(51.30001211496,-58.6000019208,0.));
#9357=CARTESIAN_POINT('',(52.45329,-59.465455,0.));
#9358=CARTESIAN_POINT('Origin',(52.20103160898,-59.0337551077,0.));
#9359=CARTESIAN_POINT('',(52.705549,-59.397158,0.));
#9360=CARTESIAN_POINT('Origin',(52.70555592637,-59.8971988346,0.));
#9361=CARTESIAN_POINT('',(54.294453,-59.397158,0.));
#9362=CARTESIAN_POINT('',(52.705549,-59.397158,0.));
#9363=CARTESIAN_POINT('',(54.546712,-59.465457,0.));
#9364=CARTESIAN_POINT('Origin',(54.29445134314,-59.8971667292,0.));
#9365=CARTESIAN_POINT('',(55.249485,-58.816877,0.));
#9366=CARTESIAN_POINT('Origin',(54.79897086309,-59.0337566161,0.));
#9367=CARTESIAN_POINT('',(55.2,-58.6,0.));
#9368=CARTESIAN_POINT('Origin',(55.69998122972,-58.6000028957,0.));
#9369=CARTESIAN_POINT('',(55.2,-57.194316,0.));
#9370=CARTESIAN_POINT('',(55.2,-58.6,0.));
#9371=CARTESIAN_POINT('',(55.249485,-56.977438,0.));
#9372=CARTESIAN_POINT('Origin',(55.69998988503,-57.1943140791,0.));
#9373=CARTESIAN_POINT('',(54.546712,-56.32886,0.));
#9374=CARTESIAN_POINT('Origin',(54.79897029551,-56.76056033,0.));
#9375=CARTESIAN_POINT('',(54.294454,-56.397159,0.));
#9376=CARTESIAN_POINT('Origin',(54.29445134312,-55.8971502707,0.));
#9377=CARTESIAN_POINT('',(52.705549,-56.397159,0.));
#9378=CARTESIAN_POINT('',(54.294454,-56.397159,0.));
#9379=CARTESIAN_POINT('Origin',(52.70555626378,-55.8971358829,0.));
#9380=CARTESIAN_POINT('',(63.749485,-56.977438,0.));
#9381=CARTESIAN_POINT('',(63.046712,-56.32886,0.));
#9382=CARTESIAN_POINT('Origin',(63.29897029551,-56.76056033,0.));
#9383=CARTESIAN_POINT('',(62.794454,-56.397159,0.));
#9384=CARTESIAN_POINT('Origin',(62.79445134312,-55.8971502707,0.));
#9385=CARTESIAN_POINT('',(61.205548,-56.397158,0.));
#9386=CARTESIAN_POINT('',(62.794454,-56.397159,0.));
#9387=CARTESIAN_POINT('',(60.95329,-56.328859,0.));
#9388=CARTESIAN_POINT('Origin',(61.20555065687,-55.8971492707,0.));
#9389=CARTESIAN_POINT('',(60.250517,-56.977438,0.));
#9390=CARTESIAN_POINT('Origin',(60.70103174567,-56.7605597091,0.));
#9391=CARTESIAN_POINT('',(60.300002,-57.194316,0.));
#9392=CARTESIAN_POINT('Origin',(59.80001211496,-57.1943140791,0.));
#9393=CARTESIAN_POINT('',(60.300002,-58.600001,0.));
#9394=CARTESIAN_POINT('',(60.300002,-57.194316,0.));
#9395=CARTESIAN_POINT('',(60.250517,-58.816878,0.));
#9396=CARTESIAN_POINT('Origin',(59.80001211502,-58.6000019208,0.));
#9397=CARTESIAN_POINT('',(60.953291,-59.465457,0.));
#9398=CARTESIAN_POINT('Origin',(60.7010335355,-59.0337547404,0.));
#9399=CARTESIAN_POINT('',(61.205549,-59.397158,0.));
#9400=CARTESIAN_POINT('Origin',(61.20555165687,-59.8971667292,0.));
#9401=CARTESIAN_POINT('',(62.794453,-59.397158,0.));
#9402=CARTESIAN_POINT('',(61.205549,-59.397158,0.));
#9403=CARTESIAN_POINT('',(63.046712,-59.465457,0.));
#9404=CARTESIAN_POINT('Origin',(62.79445134314,-59.8971667292,0.));
#9405=CARTESIAN_POINT('',(63.749485,-58.816878,0.));
#9406=CARTESIAN_POINT('Origin',(63.29897090428,-59.0337569951,0.));
#9407=CARTESIAN_POINT('',(63.7,-58.6,0.));
#9408=CARTESIAN_POINT('Origin',(64.19998988503,-58.6000019208,0.));
#9409=CARTESIAN_POINT('',(63.7,-57.194315,0.));
#9410=CARTESIAN_POINT('',(63.7,-58.6,0.));
#9411=CARTESIAN_POINT('Origin',(64.19998988497,-57.1943140791,0.));
#9412=CARTESIAN_POINT('',(69.45329,-56.328859,0.));
#9413=CARTESIAN_POINT('',(68.750517,-56.977438,0.));
#9414=CARTESIAN_POINT('Origin',(69.20103174567,-56.7605597091,0.));
#9415=CARTESIAN_POINT('',(68.800002,-57.194316,0.));
#9416=CARTESIAN_POINT('Origin',(68.30001211496,-57.1943140791,0.));
#9417=CARTESIAN_POINT('',(68.800002,-58.6,0.));
#9418=CARTESIAN_POINT('',(68.800002,-57.194316,0.));
#9419=CARTESIAN_POINT('',(68.750517,-58.816878,0.));
#9420=CARTESIAN_POINT('Origin',(68.30001211496,-58.6000019208,0.));
#9421=CARTESIAN_POINT('',(69.45329,-59.465455,0.));
#9422=CARTESIAN_POINT('Origin',(69.20103160898,-59.0337551077,0.));
#9423=CARTESIAN_POINT('',(69.705549,-59.397158,0.));
#9424=CARTESIAN_POINT('Origin',(69.70555592637,-59.8971988346,0.));
#9425=CARTESIAN_POINT('',(71.294453,-59.397158,0.));
#9426=CARTESIAN_POINT('',(69.705549,-59.397158,0.));
#9427=CARTESIAN_POINT('',(71.546712,-59.465457,0.));
#9428=CARTESIAN_POINT('Origin',(71.29445134314,-59.8971667292,0.));
#9429=CARTESIAN_POINT('',(72.249485,-58.816877,0.));
#9430=CARTESIAN_POINT('Origin',(71.79897086309,-59.0337566161,0.));
#9431=CARTESIAN_POINT('',(72.2,-58.6,0.));
#9432=CARTESIAN_POINT('Origin',(72.69998122972,-58.6000028957,0.));
#9433=CARTESIAN_POINT('',(72.2,-57.194316,0.));
#9434=CARTESIAN_POINT('',(72.2,-58.6,0.));
#9435=CARTESIAN_POINT('',(72.249485,-56.977438,0.));
#9436=CARTESIAN_POINT('Origin',(72.69998988503,-57.1943140791,0.));
#9437=CARTESIAN_POINT('',(71.546712,-56.32886,0.));
#9438=CARTESIAN_POINT('Origin',(71.79897029551,-56.76056033,0.));
#9439=CARTESIAN_POINT('',(71.294454,-56.397159,0.));
#9440=CARTESIAN_POINT('Origin',(71.29445134312,-55.8971502707,0.));
#9441=CARTESIAN_POINT('',(69.705549,-56.397159,0.));
#9442=CARTESIAN_POINT('',(71.294454,-56.397159,0.));
#9443=CARTESIAN_POINT('Origin',(69.70555626378,-55.8971358829,0.));
#9444=CARTESIAN_POINT('',(80.749485,-56.977438,0.));
#9445=CARTESIAN_POINT('',(80.046712,-56.32886,0.));
#9446=CARTESIAN_POINT('Origin',(80.29897029551,-56.76056033,0.));
#9447=CARTESIAN_POINT('',(79.794454,-56.397159,0.));
#9448=CARTESIAN_POINT('Origin',(79.79445134312,-55.8971502707,0.));
#9449=CARTESIAN_POINT('',(78.205548,-56.397158,0.));
#9450=CARTESIAN_POINT('',(79.794454,-56.397159,0.));
#9451=CARTESIAN_POINT('',(77.95329,-56.328859,0.));
#9452=CARTESIAN_POINT('Origin',(78.20555065687,-55.8971492707,0.));
#9453=CARTESIAN_POINT('',(77.250517,-56.977438,0.));
#9454=CARTESIAN_POINT('Origin',(77.70103174567,-56.7605597091,0.));
#9455=CARTESIAN_POINT('',(77.300002,-57.194316,0.));
#9456=CARTESIAN_POINT('Origin',(76.80001211496,-57.1943140791,0.));
#9457=CARTESIAN_POINT('',(77.300002,-58.600001,0.));
#9458=CARTESIAN_POINT('',(77.300002,-57.194316,0.));
#9459=CARTESIAN_POINT('',(77.250517,-58.816878,0.));
#9460=CARTESIAN_POINT('Origin',(76.80001211502,-58.6000019208,0.));
#9461=CARTESIAN_POINT('',(77.953291,-59.465457,0.));
#9462=CARTESIAN_POINT('Origin',(77.7010335355,-59.0337547404,0.));
#9463=CARTESIAN_POINT('',(78.205549,-59.397158,0.));
#9464=CARTESIAN_POINT('Origin',(78.20555165687,-59.8971667292,0.));
#9465=CARTESIAN_POINT('',(79.794453,-59.397158,0.));
#9466=CARTESIAN_POINT('',(78.205549,-59.397158,0.));
#9467=CARTESIAN_POINT('',(80.046712,-59.465457,0.));
#9468=CARTESIAN_POINT('Origin',(79.79445134314,-59.8971667292,0.));
#9469=CARTESIAN_POINT('',(80.749485,-58.816878,0.));
#9470=CARTESIAN_POINT('Origin',(80.29897090428,-59.0337569951,0.));
#9471=CARTESIAN_POINT('',(80.7,-58.6,0.));
#9472=CARTESIAN_POINT('Origin',(81.19998988503,-58.6000019208,0.));
#9473=CARTESIAN_POINT('',(80.7,-57.194315,0.));
#9474=CARTESIAN_POINT('',(80.7,-58.6,0.));
#9475=CARTESIAN_POINT('Origin',(81.19998988497,-57.1943140791,0.));
#9476=CARTESIAN_POINT('',(86.45329,-56.328859,0.));
#9477=CARTESIAN_POINT('',(85.750517,-56.977438,0.));
#9478=CARTESIAN_POINT('Origin',(86.20103174567,-56.7605597091,0.));
#9479=CARTESIAN_POINT('',(85.800002,-57.194316,0.));
#9480=CARTESIAN_POINT('Origin',(85.30001211496,-57.1943140791,0.));
#9481=CARTESIAN_POINT('',(85.800002,-58.6,0.));
#9482=CARTESIAN_POINT('',(85.800002,-57.194316,0.));
#9483=CARTESIAN_POINT('',(85.750517,-58.816878,0.));
#9484=CARTESIAN_POINT('Origin',(85.30001211496,-58.6000019208,0.));
#9485=CARTESIAN_POINT('',(86.453291,-59.465457,0.));
#9486=CARTESIAN_POINT('Origin',(86.2010335355,-59.0337547404,0.));
#9487=CARTESIAN_POINT('',(86.705549,-59.397158,0.));
#9488=CARTESIAN_POINT('Origin',(86.70555165687,-59.8971667292,0.));
#9489=CARTESIAN_POINT('',(88.294453,-59.397158,0.));
#9490=CARTESIAN_POINT('',(86.705549,-59.397158,0.));
#9491=CARTESIAN_POINT('',(88.546712,-59.465457,0.));
#9492=CARTESIAN_POINT('Origin',(88.29445134314,-59.8971667292,0.));
#9493=CARTESIAN_POINT('',(89.249485,-58.816877,0.));
#9494=CARTESIAN_POINT('Origin',(88.79897086309,-59.0337566161,0.));
#9495=CARTESIAN_POINT('',(89.2,-58.6,0.));
#9496=CARTESIAN_POINT('Origin',(89.69998122972,-58.6000028957,0.));
#9497=CARTESIAN_POINT('',(89.2,-57.194316,0.));
#9498=CARTESIAN_POINT('',(89.2,-58.6,0.));
#9499=CARTESIAN_POINT('',(89.249485,-56.977438,0.));
#9500=CARTESIAN_POINT('Origin',(89.69998988503,-57.1943140791,0.));
#9501=CARTESIAN_POINT('',(88.546712,-56.32886,0.));
#9502=CARTESIAN_POINT('Origin',(88.79897029551,-56.76056033,0.));
#9503=CARTESIAN_POINT('',(88.294454,-56.397159,0.));
#9504=CARTESIAN_POINT('Origin',(88.29445134312,-55.8971502707,0.));
#9505=CARTESIAN_POINT('',(86.705549,-56.397159,0.));
#9506=CARTESIAN_POINT('',(88.294454,-56.397159,0.));
#9507=CARTESIAN_POINT('Origin',(86.70555626378,-55.8971358829,0.));
#9508=CARTESIAN_POINT('',(48.89,-43.69,0.));
#9509=CARTESIAN_POINT('Origin',(48.89,-44.54,0.));
#9510=CARTESIAN_POINT('',(57.73,-43.69,0.));
#9511=CARTESIAN_POINT('Origin',(57.73,-44.54,0.));
#9512=CARTESIAN_POINT('',(62.81,-42.54,0.));
#9513=CARTESIAN_POINT('Origin',(62.81,-44.54,0.));
#9514=CARTESIAN_POINT('',(59.,-41.25,0.));
#9515=CARTESIAN_POINT('Origin',(59.,-42.,0.));
#9516=CARTESIAN_POINT('',(67.89,-43.69,0.));
#9517=CARTESIAN_POINT('Origin',(67.89,-44.54,0.));
#9518=CARTESIAN_POINT('',(65.35,-38.71,0.));
#9519=CARTESIAN_POINT('Origin',(65.35,-39.46,0.));
#9520=CARTESIAN_POINT('',(76.84,-43.65,0.));
#9521=CARTESIAN_POINT('Origin',(76.84,-44.5,0.));
#9522=CARTESIAN_POINT('',(78.11,-41.21,0.));
#9523=CARTESIAN_POINT('Origin',(78.11,-41.96,0.));
#9524=CARTESIAN_POINT('',(81.92,-42.5,0.));
#9525=CARTESIAN_POINT('Origin',(81.92,-44.5,0.));
#9526=CARTESIAN_POINT('',(87.,-43.65,0.));
#9527=CARTESIAN_POINT('Origin',(87.,-44.5,0.));
#9528=CARTESIAN_POINT('',(84.46,-38.67,0.));
#9529=CARTESIAN_POINT('Origin',(84.46,-39.42,0.));
#9530=CARTESIAN_POINT('',(5.375,-17.832015,0.));
#9531=CARTESIAN_POINT('Origin',(5.375,-18.332015,0.));
#9532=CARTESIAN_POINT('',(5.375,-15.292015,0.));
#9533=CARTESIAN_POINT('Origin',(5.375,-15.792015,0.));
#9534=CARTESIAN_POINT('',(20.625,-17.832015,0.));
#9535=CARTESIAN_POINT('Origin',(20.625,-18.332015,0.));
#9536=CARTESIAN_POINT('',(20.625,-15.292015,0.));
#9537=CARTESIAN_POINT('Origin',(20.625,-15.792015,0.));
#9538=CARTESIAN_POINT('',(38.73,-24.69,0.));
#9539=CARTESIAN_POINT('Origin',(38.73,-25.54,0.));
#9540=CARTESIAN_POINT('',(43.81,-23.54,0.));
#9541=CARTESIAN_POINT('Origin',(43.81,-25.54,0.));
#9542=CARTESIAN_POINT('',(40.,-22.25,0.));
#9543=CARTESIAN_POINT('Origin',(40.,-23.,0.));
#9544=CARTESIAN_POINT('',(46.35,-19.71,0.));
#9545=CARTESIAN_POINT('Origin',(46.35,-20.46,0.));
#9546=CARTESIAN_POINT('',(5.375,-12.752015,0.));
#9547=CARTESIAN_POINT('Origin',(5.375,-13.252015,0.));
#9548=CARTESIAN_POINT('',(5.375,-10.212015,0.));
#9549=CARTESIAN_POINT('Origin',(5.375,-10.712015,0.));
#9550=CARTESIAN_POINT('',(20.625,-12.752015,0.));
#9551=CARTESIAN_POINT('Origin',(20.625,-13.252015,0.));
#9552=CARTESIAN_POINT('',(20.625,-10.212015,0.));
#9553=CARTESIAN_POINT('Origin',(20.625,-10.712015,0.));
#9554=CARTESIAN_POINT('',(5.375,-7.672015,0.));
#9555=CARTESIAN_POINT('Origin',(5.375,-8.172015,0.));
#9556=CARTESIAN_POINT('',(5.375,-5.132015,0.));
#9557=CARTESIAN_POINT('Origin',(5.375,-5.632015,0.));
#9558=CARTESIAN_POINT('',(5.375,-2.592015,0.));
#9559=CARTESIAN_POINT('Origin',(5.375,-3.092015,0.));
#9560=CARTESIAN_POINT('',(20.625,-7.672015,0.));
#9561=CARTESIAN_POINT('Origin',(20.625,-8.172015,0.));
#9562=CARTESIAN_POINT('',(20.625,-5.132015,0.));
#9563=CARTESIAN_POINT('Origin',(20.625,-5.632015,0.));
#9564=CARTESIAN_POINT('',(20.625,-2.592015,0.));
#9565=CARTESIAN_POINT('Origin',(20.625,-3.092015,0.));
#9566=CARTESIAN_POINT('',(33.6,-10.325,0.));
#9567=CARTESIAN_POINT('Origin',(33.6,-10.825,0.));
#9568=CARTESIAN_POINT('',(33.6,-7.785,0.));
#9569=CARTESIAN_POINT('Origin',(33.6,-8.285,0.));
#9570=CARTESIAN_POINT('',(33.6,-5.245,0.));
#9571=CARTESIAN_POINT('Origin',(33.6,-5.745,0.));
#9572=CARTESIAN_POINT('',(33.6,-2.705,0.));
#9573=CARTESIAN_POINT('Origin',(33.6,-3.205,0.));
#9574=CARTESIAN_POINT('',(48.89,-24.69,0.));
#9575=CARTESIAN_POINT('Origin',(48.89,-25.54,0.));
#9576=CARTESIAN_POINT('',(57.73,-24.69,0.));
#9577=CARTESIAN_POINT('Origin',(57.73,-25.54,0.));
#9578=CARTESIAN_POINT('',(62.81,-23.54,0.));
#9579=CARTESIAN_POINT('Origin',(62.81,-25.54,0.));
#9580=CARTESIAN_POINT('',(67.89,-24.69,0.));
#9581=CARTESIAN_POINT('Origin',(67.89,-25.54,0.));
#9582=CARTESIAN_POINT('',(59.,-22.25,0.));
#9583=CARTESIAN_POINT('Origin',(59.,-23.,0.));
#9584=CARTESIAN_POINT('',(65.35,-19.71,0.));
#9585=CARTESIAN_POINT('Origin',(65.35,-20.46,0.));
#9586=CARTESIAN_POINT('',(76.84,-24.69,0.));
#9587=CARTESIAN_POINT('Origin',(76.84,-25.54,0.));
#9588=CARTESIAN_POINT('',(81.92,-23.54,0.));
#9589=CARTESIAN_POINT('Origin',(81.92,-25.54,0.));
#9590=CARTESIAN_POINT('',(87.,-24.69,0.));
#9591=CARTESIAN_POINT('Origin',(87.,-25.54,0.));
#9592=CARTESIAN_POINT('',(78.11,-22.25,0.));
#9593=CARTESIAN_POINT('Origin',(78.11,-23.,0.));
#9594=CARTESIAN_POINT('',(84.46,-19.71,0.));
#9595=CARTESIAN_POINT('Origin',(84.46,-20.46,0.));
#9596=CARTESIAN_POINT('',(75.75,-9.5,0.));
#9597=CARTESIAN_POINT('Origin',(75.75,-10.,0.));
#9598=CARTESIAN_POINT('',(83.9,-12.35,0.));
#9599=CARTESIAN_POINT('',(83.9,-13.85,0.));
#9600=CARTESIAN_POINT('Origin',(83.9,-13.1,0.));
#9601=CARTESIAN_POINT('',(82.6,-12.35,0.));
#9602=CARTESIAN_POINT('',(-25.8,-12.35,0.));
#9603=CARTESIAN_POINT('',(82.6,-13.85,0.));
#9604=CARTESIAN_POINT('Origin',(82.6,-13.1,0.));
#9605=CARTESIAN_POINT('',(-26.45,-13.85,0.));
#9606=CARTESIAN_POINT('',(90.25,-9.5,0.));
#9607=CARTESIAN_POINT('Origin',(90.25,-10.,0.));
#9608=CARTESIAN_POINT('',(75.75,-7.,0.));
#9609=CARTESIAN_POINT('Origin',(75.75,-7.5,0.));
#9610=CARTESIAN_POINT('',(75.75,-4.5,0.));
#9611=CARTESIAN_POINT('Origin',(75.75,-5.,0.));
#9612=CARTESIAN_POINT('',(90.25,-4.5,0.));
#9613=CARTESIAN_POINT('Origin',(90.25,-5.,0.));
#9614=CARTESIAN_POINT('',(83.9,-1.15,0.));
#9615=CARTESIAN_POINT('',(83.9,-2.65,0.));
#9616=CARTESIAN_POINT('Origin',(83.9,-1.9,0.));
#9617=CARTESIAN_POINT('',(82.6,-1.15,0.));
#9618=CARTESIAN_POINT('',(-25.8,-1.15,0.));
#9619=CARTESIAN_POINT('',(82.6,-2.65,0.));
#9620=CARTESIAN_POINT('Origin',(82.6,-1.9,0.));
#9621=CARTESIAN_POINT('',(-26.45,-2.65,0.));
#9622=CARTESIAN_POINT('Origin',(-135.5,49.,1.51));
#9623=CARTESIAN_POINT('',(7.44999999999999,-53.91,1.51));
#9624=CARTESIAN_POINT('Origin',(7.44999999999999,-54.31,1.51));
#9625=CARTESIAN_POINT('',(11.,-53.91,1.51));
#9626=CARTESIAN_POINT('Origin',(11.,-54.31,1.51));
#9627=CARTESIAN_POINT('',(14.55,-53.91,1.51));
#9628=CARTESIAN_POINT('Origin',(14.55,-54.31,1.51));
#9629=CARTESIAN_POINT('',(17.45,-53.91,1.51));
#9630=CARTESIAN_POINT('Origin',(17.45,-54.31,1.51));
#9631=CARTESIAN_POINT('',(21.,-53.91,1.51));
#9632=CARTESIAN_POINT('Origin',(21.,-54.31,1.51));
#9633=CARTESIAN_POINT('',(24.55,-53.91,1.51));
#9634=CARTESIAN_POINT('Origin',(24.55,-54.31,1.51));
#9635=CARTESIAN_POINT('',(7.44999999999999,-46.29,1.51));
#9636=CARTESIAN_POINT('Origin',(7.44999999999999,-46.69,1.51));
#9637=CARTESIAN_POINT('',(11.,-46.29,1.51));
#9638=CARTESIAN_POINT('Origin',(11.,-46.69,1.51));
#9639=CARTESIAN_POINT('',(14.55,-46.29,1.51));
#9640=CARTESIAN_POINT('Origin',(14.55,-46.69,1.51));
#9641=CARTESIAN_POINT('',(17.45,-46.29,1.51));
#9642=CARTESIAN_POINT('Origin',(17.45,-46.69,1.51));
#9643=CARTESIAN_POINT('',(21.,-46.29,1.51));
#9644=CARTESIAN_POINT('Origin',(21.,-46.69,1.51));
#9645=CARTESIAN_POINT('',(24.55,-46.29,1.51));
#9646=CARTESIAN_POINT('Origin',(24.55,-46.69,1.51));
#9647=CARTESIAN_POINT('',(38.249485,-56.977438,1.51));
#9648=CARTESIAN_POINT('',(37.546712,-56.32886,1.51));
#9649=CARTESIAN_POINT('Origin',(37.79897029551,-56.76056033,1.51));
#9650=CARTESIAN_POINT('',(38.2,-57.194315,1.51));
#9651=CARTESIAN_POINT('Origin',(38.69998988497,-57.1943140791,1.51));
#9652=CARTESIAN_POINT('',(38.2,-58.6,1.51));
#9653=CARTESIAN_POINT('',(38.2,-58.6,1.51));
#9654=CARTESIAN_POINT('',(38.249485,-58.816878,1.51));
#9655=CARTESIAN_POINT('Origin',(38.69998988503,-58.6000019208,1.51));
#9656=CARTESIAN_POINT('',(37.546712,-59.465457,1.51));
#9657=CARTESIAN_POINT('Origin',(37.79897090428,-59.0337569951,1.51));
#9658=CARTESIAN_POINT('',(37.294453,-59.397158,1.51));
#9659=CARTESIAN_POINT('Origin',(37.29445134314,-59.8971667292,1.51));
#9660=CARTESIAN_POINT('',(35.705549,-59.397158,1.51));
#9661=CARTESIAN_POINT('',(35.705549,-59.397158,1.51));
#9662=CARTESIAN_POINT('',(35.453291,-59.465457,1.51));
#9663=CARTESIAN_POINT('Origin',(35.70555165687,-59.8971667292,1.51));
#9664=CARTESIAN_POINT('',(34.750517,-58.816878,1.51));
#9665=CARTESIAN_POINT('Origin',(35.2010335355,-59.0337547404,1.51));
#9666=CARTESIAN_POINT('',(34.800002,-58.600001,1.51));
#9667=CARTESIAN_POINT('Origin',(34.30001211502,-58.6000019208,1.51));
#9668=CARTESIAN_POINT('',(34.800002,-57.194316,1.51));
#9669=CARTESIAN_POINT('',(34.800002,-57.194316,1.51));
#9670=CARTESIAN_POINT('',(34.750517,-56.977438,1.51));
#9671=CARTESIAN_POINT('Origin',(34.30001211496,-57.1943140791,1.51));
#9672=CARTESIAN_POINT('',(35.45329,-56.328859,1.51));
#9673=CARTESIAN_POINT('Origin',(35.20103174567,-56.7605597091,1.51));
#9674=CARTESIAN_POINT('',(35.705548,-56.397158,1.51));
#9675=CARTESIAN_POINT('Origin',(35.70555065687,-55.8971492707,1.51));
#9676=CARTESIAN_POINT('',(37.294454,-56.397159,1.51));
#9677=CARTESIAN_POINT('',(37.294454,-56.397159,1.51));
#9678=CARTESIAN_POINT('Origin',(37.29445134312,-55.8971502707,1.51));
#9679=CARTESIAN_POINT('',(28.1,-53.91,1.51));
#9680=CARTESIAN_POINT('Origin',(28.1,-54.31,1.51));
#9681=CARTESIAN_POINT('',(46.749485,-56.977438,1.51));
#9682=CARTESIAN_POINT('',(46.046712,-56.32886,1.51));
#9683=CARTESIAN_POINT('Origin',(46.29897029551,-56.76056033,1.51));
#9684=CARTESIAN_POINT('',(46.7,-57.194316,1.51));
#9685=CARTESIAN_POINT('Origin',(47.19998988503,-57.1943140791,1.51));
#9686=CARTESIAN_POINT('',(46.7,-58.6,1.51));
#9687=CARTESIAN_POINT('',(46.7,-58.6,1.51));
#9688=CARTESIAN_POINT('',(46.749485,-58.816878,1.51));
#9689=CARTESIAN_POINT('Origin',(47.19998988503,-58.6000019208,1.51));
#9690=CARTESIAN_POINT('',(46.046712,-59.465457,1.51));
#9691=CARTESIAN_POINT('Origin',(46.29897090428,-59.0337569951,1.51));
#9692=CARTESIAN_POINT('',(45.794453,-59.397158,1.51));
#9693=CARTESIAN_POINT('Origin',(45.79445134314,-59.8971667292,1.51));
#9694=CARTESIAN_POINT('',(44.205549,-59.397158,1.51));
#9695=CARTESIAN_POINT('',(44.205549,-59.397158,1.51));
#9696=CARTESIAN_POINT('',(43.953291,-59.465457,1.51));
#9697=CARTESIAN_POINT('Origin',(44.20555165687,-59.8971667292,1.51));
#9698=CARTESIAN_POINT('',(43.250517,-58.816878,1.51));
#9699=CARTESIAN_POINT('Origin',(43.7010335355,-59.0337547404,1.51));
#9700=CARTESIAN_POINT('',(43.300002,-58.600001,1.51));
#9701=CARTESIAN_POINT('Origin',(42.80001211502,-58.6000019208,1.51));
#9702=CARTESIAN_POINT('',(43.300002,-57.194316,1.51));
#9703=CARTESIAN_POINT('',(43.300002,-57.194316,1.51));
#9704=CARTESIAN_POINT('',(43.250517,-56.977438,1.51));
#9705=CARTESIAN_POINT('Origin',(42.80001211496,-57.1943140791,1.51));
#9706=CARTESIAN_POINT('',(43.95329,-56.328859,1.51));
#9707=CARTESIAN_POINT('Origin',(43.70103174567,-56.7605597091,1.51));
#9708=CARTESIAN_POINT('',(44.205548,-56.397158,1.51));
#9709=CARTESIAN_POINT('Origin',(44.20555065687,-55.8971492707,1.51));
#9710=CARTESIAN_POINT('',(45.794454,-56.397159,1.51));
#9711=CARTESIAN_POINT('',(45.794454,-56.397159,1.51));
#9712=CARTESIAN_POINT('Origin',(45.79445134312,-55.8971502707,1.51));
#9713=CARTESIAN_POINT('',(28.1,-46.29,1.51));
#9714=CARTESIAN_POINT('Origin',(28.1,-46.69,1.51));
#9715=CARTESIAN_POINT('',(38.73,-43.69,1.51));
#9716=CARTESIAN_POINT('Origin',(38.73,-44.54,1.51));
#9717=CARTESIAN_POINT('',(40.,-41.25,1.51));
#9718=CARTESIAN_POINT('Origin',(40.,-42.,1.51));
#9719=CARTESIAN_POINT('',(43.81,-42.54,1.51));
#9720=CARTESIAN_POINT('Origin',(43.81,-44.54,1.51));
#9721=CARTESIAN_POINT('',(46.35,-38.71,1.51));
#9722=CARTESIAN_POINT('Origin',(46.35,-39.46,1.51));
#9723=CARTESIAN_POINT('',(52.45329,-56.328859,1.51));
#9724=CARTESIAN_POINT('',(51.750517,-56.977438,1.51));
#9725=CARTESIAN_POINT('Origin',(52.20103174567,-56.7605597091,1.51));
#9726=CARTESIAN_POINT('',(52.705549,-56.397159,1.51));
#9727=CARTESIAN_POINT('Origin',(52.70555626378,-55.8971358829,1.51));
#9728=CARTESIAN_POINT('',(54.294454,-56.397159,1.51));
#9729=CARTESIAN_POINT('',(54.294454,-56.397159,1.51));
#9730=CARTESIAN_POINT('',(54.546712,-56.32886,1.51));
#9731=CARTESIAN_POINT('Origin',(54.29445134312,-55.8971502707,1.51));
#9732=CARTESIAN_POINT('',(55.249485,-56.977438,1.51));
#9733=CARTESIAN_POINT('Origin',(54.79897029551,-56.76056033,1.51));
#9734=CARTESIAN_POINT('',(55.2,-57.194316,1.51));
#9735=CARTESIAN_POINT('Origin',(55.69998988503,-57.1943140791,1.51));
#9736=CARTESIAN_POINT('',(55.2,-58.6,1.51));
#9737=CARTESIAN_POINT('',(55.2,-58.6,1.51));
#9738=CARTESIAN_POINT('',(55.249485,-58.816877,1.51));
#9739=CARTESIAN_POINT('Origin',(55.69998122972,-58.6000028957,1.51));
#9740=CARTESIAN_POINT('',(54.546712,-59.465457,1.51));
#9741=CARTESIAN_POINT('Origin',(54.79897086309,-59.0337566161,1.51));
#9742=CARTESIAN_POINT('',(54.294453,-59.397158,1.51));
#9743=CARTESIAN_POINT('Origin',(54.29445134314,-59.8971667292,1.51));
#9744=CARTESIAN_POINT('',(52.705549,-59.397158,1.51));
#9745=CARTESIAN_POINT('',(52.705549,-59.397158,1.51));
#9746=CARTESIAN_POINT('',(52.45329,-59.465455,1.51));
#9747=CARTESIAN_POINT('Origin',(52.70555592637,-59.8971988346,1.51));
#9748=CARTESIAN_POINT('',(51.750517,-58.816878,1.51));
#9749=CARTESIAN_POINT('Origin',(52.20103160898,-59.0337551077,1.51));
#9750=CARTESIAN_POINT('',(51.800002,-58.6,1.51));
#9751=CARTESIAN_POINT('Origin',(51.30001211496,-58.6000019208,1.51));
#9752=CARTESIAN_POINT('',(51.800002,-57.194316,1.51));
#9753=CARTESIAN_POINT('',(51.800002,-57.194316,1.51));
#9754=CARTESIAN_POINT('Origin',(51.30001211496,-57.1943140791,1.51));
#9755=CARTESIAN_POINT('',(63.749485,-56.977438,1.51));
#9756=CARTESIAN_POINT('',(63.046712,-56.32886,1.51));
#9757=CARTESIAN_POINT('Origin',(63.29897029551,-56.76056033,1.51));
#9758=CARTESIAN_POINT('',(63.7,-57.194315,1.51));
#9759=CARTESIAN_POINT('Origin',(64.19998988497,-57.1943140791,1.51));
#9760=CARTESIAN_POINT('',(63.7,-58.6,1.51));
#9761=CARTESIAN_POINT('',(63.7,-58.6,1.51));
#9762=CARTESIAN_POINT('',(63.749485,-58.816878,1.51));
#9763=CARTESIAN_POINT('Origin',(64.19998988503,-58.6000019208,1.51));
#9764=CARTESIAN_POINT('',(63.046712,-59.465457,1.51));
#9765=CARTESIAN_POINT('Origin',(63.29897090428,-59.0337569951,1.51));
#9766=CARTESIAN_POINT('',(62.794453,-59.397158,1.51));
#9767=CARTESIAN_POINT('Origin',(62.79445134314,-59.8971667292,1.51));
#9768=CARTESIAN_POINT('',(61.205549,-59.397158,1.51));
#9769=CARTESIAN_POINT('',(61.205549,-59.397158,1.51));
#9770=CARTESIAN_POINT('',(60.953291,-59.465457,1.51));
#9771=CARTESIAN_POINT('Origin',(61.20555165687,-59.8971667292,1.51));
#9772=CARTESIAN_POINT('',(60.250517,-58.816878,1.51));
#9773=CARTESIAN_POINT('Origin',(60.7010335355,-59.0337547404,1.51));
#9774=CARTESIAN_POINT('',(60.300002,-58.600001,1.51));
#9775=CARTESIAN_POINT('Origin',(59.80001211502,-58.6000019208,1.51));
#9776=CARTESIAN_POINT('',(60.300002,-57.194316,1.51));
#9777=CARTESIAN_POINT('',(60.300002,-57.194316,1.51));
#9778=CARTESIAN_POINT('',(60.250517,-56.977438,1.51));
#9779=CARTESIAN_POINT('Origin',(59.80001211496,-57.1943140791,1.51));
#9780=CARTESIAN_POINT('',(60.95329,-56.328859,1.51));
#9781=CARTESIAN_POINT('Origin',(60.70103174567,-56.7605597091,1.51));
#9782=CARTESIAN_POINT('',(61.205548,-56.397158,1.51));
#9783=CARTESIAN_POINT('Origin',(61.20555065687,-55.8971492707,1.51));
#9784=CARTESIAN_POINT('',(62.794454,-56.397159,1.51));
#9785=CARTESIAN_POINT('',(62.794454,-56.397159,1.51));
#9786=CARTESIAN_POINT('Origin',(62.79445134312,-55.8971502707,1.51));
#9787=CARTESIAN_POINT('',(69.45329,-56.328859,1.51));
#9788=CARTESIAN_POINT('',(68.750517,-56.977438,1.51));
#9789=CARTESIAN_POINT('Origin',(69.20103174567,-56.7605597091,1.51));
#9790=CARTESIAN_POINT('',(69.705549,-56.397159,1.51));
#9791=CARTESIAN_POINT('Origin',(69.70555626378,-55.8971358829,1.51));
#9792=CARTESIAN_POINT('',(71.294454,-56.397159,1.51));
#9793=CARTESIAN_POINT('',(71.294454,-56.397159,1.51));
#9794=CARTESIAN_POINT('',(71.546712,-56.32886,1.51));
#9795=CARTESIAN_POINT('Origin',(71.29445134312,-55.8971502707,1.51));
#9796=CARTESIAN_POINT('',(72.249485,-56.977438,1.51));
#9797=CARTESIAN_POINT('Origin',(71.79897029551,-56.76056033,1.51));
#9798=CARTESIAN_POINT('',(72.2,-57.194316,1.51));
#9799=CARTESIAN_POINT('Origin',(72.69998988503,-57.1943140791,1.51));
#9800=CARTESIAN_POINT('',(72.2,-58.6,1.51));
#9801=CARTESIAN_POINT('',(72.2,-58.6,1.51));
#9802=CARTESIAN_POINT('',(72.249485,-58.816877,1.51));
#9803=CARTESIAN_POINT('Origin',(72.69998122972,-58.6000028957,1.51));
#9804=CARTESIAN_POINT('',(71.546712,-59.465457,1.51));
#9805=CARTESIAN_POINT('Origin',(71.79897086309,-59.0337566161,1.51));
#9806=CARTESIAN_POINT('',(71.294453,-59.397158,1.51));
#9807=CARTESIAN_POINT('Origin',(71.29445134314,-59.8971667292,1.51));
#9808=CARTESIAN_POINT('',(69.705549,-59.397158,1.51));
#9809=CARTESIAN_POINT('',(69.705549,-59.397158,1.51));
#9810=CARTESIAN_POINT('',(69.45329,-59.465455,1.51));
#9811=CARTESIAN_POINT('Origin',(69.70555592637,-59.8971988346,1.51));
#9812=CARTESIAN_POINT('',(68.750517,-58.816878,1.51));
#9813=CARTESIAN_POINT('Origin',(69.20103160898,-59.0337551077,1.51));
#9814=CARTESIAN_POINT('',(68.800002,-58.6,1.51));
#9815=CARTESIAN_POINT('Origin',(68.30001211496,-58.6000019208,1.51));
#9816=CARTESIAN_POINT('',(68.800002,-57.194316,1.51));
#9817=CARTESIAN_POINT('',(68.800002,-57.194316,1.51));
#9818=CARTESIAN_POINT('Origin',(68.30001211496,-57.1943140791,1.51));
#9819=CARTESIAN_POINT('',(80.749485,-56.977438,1.51));
#9820=CARTESIAN_POINT('',(80.046712,-56.32886,1.51));
#9821=CARTESIAN_POINT('Origin',(80.29897029551,-56.76056033,1.51));
#9822=CARTESIAN_POINT('',(80.7,-57.194315,1.51));
#9823=CARTESIAN_POINT('Origin',(81.19998988497,-57.1943140791,1.51));
#9824=CARTESIAN_POINT('',(80.7,-58.6,1.51));
#9825=CARTESIAN_POINT('',(80.7,-58.6,1.51));
#9826=CARTESIAN_POINT('',(80.749485,-58.816878,1.51));
#9827=CARTESIAN_POINT('Origin',(81.19998988503,-58.6000019208,1.51));
#9828=CARTESIAN_POINT('',(80.046712,-59.465457,1.51));
#9829=CARTESIAN_POINT('Origin',(80.29897090428,-59.0337569951,1.51));
#9830=CARTESIAN_POINT('',(79.794453,-59.397158,1.51));
#9831=CARTESIAN_POINT('Origin',(79.79445134314,-59.8971667292,1.51));
#9832=CARTESIAN_POINT('',(78.205549,-59.397158,1.51));
#9833=CARTESIAN_POINT('',(78.205549,-59.397158,1.51));
#9834=CARTESIAN_POINT('',(77.953291,-59.465457,1.51));
#9835=CARTESIAN_POINT('Origin',(78.20555165687,-59.8971667292,1.51));
#9836=CARTESIAN_POINT('',(77.250517,-58.816878,1.51));
#9837=CARTESIAN_POINT('Origin',(77.7010335355,-59.0337547404,1.51));
#9838=CARTESIAN_POINT('',(77.300002,-58.600001,1.51));
#9839=CARTESIAN_POINT('Origin',(76.80001211502,-58.6000019208,1.51));
#9840=CARTESIAN_POINT('',(77.300002,-57.194316,1.51));
#9841=CARTESIAN_POINT('',(77.300002,-57.194316,1.51));
#9842=CARTESIAN_POINT('',(77.250517,-56.977438,1.51));
#9843=CARTESIAN_POINT('Origin',(76.80001211496,-57.1943140791,1.51));
#9844=CARTESIAN_POINT('',(77.95329,-56.328859,1.51));
#9845=CARTESIAN_POINT('Origin',(77.70103174567,-56.7605597091,1.51));
#9846=CARTESIAN_POINT('',(78.205548,-56.397158,1.51));
#9847=CARTESIAN_POINT('Origin',(78.20555065687,-55.8971492707,1.51));
#9848=CARTESIAN_POINT('',(79.794454,-56.397159,1.51));
#9849=CARTESIAN_POINT('',(79.794454,-56.397159,1.51));
#9850=CARTESIAN_POINT('Origin',(79.79445134312,-55.8971502707,1.51));
#9851=CARTESIAN_POINT('',(86.45329,-56.328859,1.51));
#9852=CARTESIAN_POINT('',(85.750517,-56.977438,1.51));
#9853=CARTESIAN_POINT('Origin',(86.20103174567,-56.7605597091,1.51));
#9854=CARTESIAN_POINT('',(86.705549,-56.397159,1.51));
#9855=CARTESIAN_POINT('Origin',(86.70555626378,-55.8971358829,1.51));
#9856=CARTESIAN_POINT('',(88.294454,-56.397159,1.51));
#9857=CARTESIAN_POINT('',(88.294454,-56.397159,1.51));
#9858=CARTESIAN_POINT('',(88.546712,-56.32886,1.51));
#9859=CARTESIAN_POINT('Origin',(88.29445134312,-55.8971502707,1.51));
#9860=CARTESIAN_POINT('',(89.249485,-56.977438,1.51));
#9861=CARTESIAN_POINT('Origin',(88.79897029551,-56.76056033,1.51));
#9862=CARTESIAN_POINT('',(89.2,-57.194316,1.51));
#9863=CARTESIAN_POINT('Origin',(89.69998988503,-57.1943140791,1.51));
#9864=CARTESIAN_POINT('',(89.2,-58.6,1.51));
#9865=CARTESIAN_POINT('',(89.2,-58.6,1.51));
#9866=CARTESIAN_POINT('',(89.249485,-58.816877,1.51));
#9867=CARTESIAN_POINT('Origin',(89.69998122972,-58.6000028957,1.51));
#9868=CARTESIAN_POINT('',(88.546712,-59.465457,1.51));
#9869=CARTESIAN_POINT('Origin',(88.79897086309,-59.0337566161,1.51));
#9870=CARTESIAN_POINT('',(88.294453,-59.397158,1.51));
#9871=CARTESIAN_POINT('Origin',(88.29445134314,-59.8971667292,1.51));
#9872=CARTESIAN_POINT('',(86.705549,-59.397158,1.51));
#9873=CARTESIAN_POINT('',(86.705549,-59.397158,1.51));
#9874=CARTESIAN_POINT('',(86.453291,-59.465457,1.51));
#9875=CARTESIAN_POINT('Origin',(86.70555165687,-59.8971667292,1.51));
#9876=CARTESIAN_POINT('',(85.750517,-58.816878,1.51));
#9877=CARTESIAN_POINT('Origin',(86.2010335355,-59.0337547404,1.51));
#9878=CARTESIAN_POINT('',(85.800002,-58.6,1.51));
#9879=CARTESIAN_POINT('Origin',(85.30001211496,-58.6000019208,1.51));
#9880=CARTESIAN_POINT('',(85.800002,-57.194316,1.51));
#9881=CARTESIAN_POINT('',(85.800002,-57.194316,1.51));
#9882=CARTESIAN_POINT('Origin',(85.30001211496,-57.1943140791,1.51));
#9883=CARTESIAN_POINT('',(48.89,-43.69,1.51));
#9884=CARTESIAN_POINT('Origin',(48.89,-44.54,1.51));
#9885=CARTESIAN_POINT('',(57.73,-43.69,1.51));
#9886=CARTESIAN_POINT('Origin',(57.73,-44.54,1.51));
#9887=CARTESIAN_POINT('',(62.81,-42.54,1.51));
#9888=CARTESIAN_POINT('Origin',(62.81,-44.54,1.51));
#9889=CARTESIAN_POINT('',(59.,-41.25,1.51));
#9890=CARTESIAN_POINT('Origin',(59.,-42.,1.51));
#9891=CARTESIAN_POINT('',(67.89,-43.69,1.51));
#9892=CARTESIAN_POINT('Origin',(67.89,-44.54,1.51));
#9893=CARTESIAN_POINT('',(65.35,-38.71,1.51));
#9894=CARTESIAN_POINT('Origin',(65.35,-39.46,1.51));
#9895=CARTESIAN_POINT('',(76.84,-43.65,1.51));
#9896=CARTESIAN_POINT('Origin',(76.84,-44.5,1.51));
#9897=CARTESIAN_POINT('',(78.11,-41.21,1.51));
#9898=CARTESIAN_POINT('Origin',(78.11,-41.96,1.51));
#9899=CARTESIAN_POINT('',(81.92,-42.5,1.51));
#9900=CARTESIAN_POINT('Origin',(81.92,-44.5,1.51));
#9901=CARTESIAN_POINT('',(87.,-43.65,1.51));
#9902=CARTESIAN_POINT('Origin',(87.,-44.5,1.51));
#9903=CARTESIAN_POINT('',(84.46,-38.67,1.51));
#9904=CARTESIAN_POINT('Origin',(84.46,-39.42,1.51));
#9905=CARTESIAN_POINT('',(5.375,-17.832015,1.51));
#9906=CARTESIAN_POINT('Origin',(5.375,-18.332015,1.51));
#9907=CARTESIAN_POINT('',(5.375,-15.292015,1.51));
#9908=CARTESIAN_POINT('Origin',(5.375,-15.792015,1.51));
#9909=CARTESIAN_POINT('',(20.625,-17.832015,1.51));
#9910=CARTESIAN_POINT('Origin',(20.625,-18.332015,1.51));
#9911=CARTESIAN_POINT('',(20.625,-15.292015,1.51));
#9912=CARTESIAN_POINT('Origin',(20.625,-15.792015,1.51));
#9913=CARTESIAN_POINT('',(38.73,-24.69,1.51));
#9914=CARTESIAN_POINT('Origin',(38.73,-25.54,1.51));
#9915=CARTESIAN_POINT('',(43.81,-23.54,1.51));
#9916=CARTESIAN_POINT('Origin',(43.81,-25.54,1.51));
#9917=CARTESIAN_POINT('',(40.,-22.25,1.51));
#9918=CARTESIAN_POINT('Origin',(40.,-23.,1.51));
#9919=CARTESIAN_POINT('',(46.35,-19.71,1.51));
#9920=CARTESIAN_POINT('Origin',(46.35,-20.46,1.51));
#9921=CARTESIAN_POINT('',(5.375,-12.752015,1.51));
#9922=CARTESIAN_POINT('Origin',(5.375,-13.252015,1.51));
#9923=CARTESIAN_POINT('',(5.375,-10.212015,1.51));
#9924=CARTESIAN_POINT('Origin',(5.375,-10.712015,1.51));
#9925=CARTESIAN_POINT('',(20.625,-12.752015,1.51));
#9926=CARTESIAN_POINT('Origin',(20.625,-13.252015,1.51));
#9927=CARTESIAN_POINT('',(20.625,-10.212015,1.51));
#9928=CARTESIAN_POINT('Origin',(20.625,-10.712015,1.51));
#9929=CARTESIAN_POINT('',(5.375,-7.672015,1.51));
#9930=CARTESIAN_POINT('Origin',(5.375,-8.172015,1.51));
#9931=CARTESIAN_POINT('',(5.375,-5.132015,1.51));
#9932=CARTESIAN_POINT('Origin',(5.375,-5.632015,1.51));
#9933=CARTESIAN_POINT('',(5.375,-2.592015,1.51));
#9934=CARTESIAN_POINT('Origin',(5.375,-3.092015,1.51));
#9935=CARTESIAN_POINT('',(20.625,-7.672015,1.51));
#9936=CARTESIAN_POINT('Origin',(20.625,-8.172015,1.51));
#9937=CARTESIAN_POINT('',(20.625,-5.132015,1.51));
#9938=CARTESIAN_POINT('Origin',(20.625,-5.632015,1.51));
#9939=CARTESIAN_POINT('',(20.625,-2.592015,1.51));
#9940=CARTESIAN_POINT('Origin',(20.625,-3.092015,1.51));
#9941=CARTESIAN_POINT('',(33.6,-10.325,1.51));
#9942=CARTESIAN_POINT('Origin',(33.6,-10.825,1.51));
#9943=CARTESIAN_POINT('',(33.6,-7.785,1.51));
#9944=CARTESIAN_POINT('Origin',(33.6,-8.285,1.51));
#9945=CARTESIAN_POINT('',(33.6,-5.245,1.51));
#9946=CARTESIAN_POINT('Origin',(33.6,-5.745,1.51));
#9947=CARTESIAN_POINT('',(33.6,-2.705,1.51));
#9948=CARTESIAN_POINT('Origin',(33.6,-3.205,1.51));
#9949=CARTESIAN_POINT('',(48.89,-24.69,1.51));
#9950=CARTESIAN_POINT('Origin',(48.89,-25.54,1.51));
#9951=CARTESIAN_POINT('',(57.73,-24.69,1.51));
#9952=CARTESIAN_POINT('Origin',(57.73,-25.54,1.51));
#9953=CARTESIAN_POINT('',(62.81,-23.54,1.51));
#9954=CARTESIAN_POINT('Origin',(62.81,-25.54,1.51));
#9955=CARTESIAN_POINT('',(67.89,-24.69,1.51));
#9956=CARTESIAN_POINT('Origin',(67.89,-25.54,1.51));
#9957=CARTESIAN_POINT('',(59.,-22.25,1.51));
#9958=CARTESIAN_POINT('Origin',(59.,-23.,1.51));
#9959=CARTESIAN_POINT('',(65.35,-19.71,1.51));
#9960=CARTESIAN_POINT('Origin',(65.35,-20.46,1.51));
#9961=CARTESIAN_POINT('',(76.84,-24.69,1.51));
#9962=CARTESIAN_POINT('Origin',(76.84,-25.54,1.51));
#9963=CARTESIAN_POINT('',(81.92,-23.54,1.51));
#9964=CARTESIAN_POINT('Origin',(81.92,-25.54,1.51));
#9965=CARTESIAN_POINT('',(87.,-24.69,1.51));
#9966=CARTESIAN_POINT('Origin',(87.,-25.54,1.51));
#9967=CARTESIAN_POINT('',(78.11,-22.25,1.51));
#9968=CARTESIAN_POINT('Origin',(78.11,-23.,1.51));
#9969=CARTESIAN_POINT('',(84.46,-19.71,1.51));
#9970=CARTESIAN_POINT('Origin',(84.46,-20.46,1.51));
#9971=CARTESIAN_POINT('',(75.75,-9.5,1.51));
#9972=CARTESIAN_POINT('Origin',(75.75,-10.,1.51));
#9973=CARTESIAN_POINT('',(83.9,-12.35,1.51));
#9974=CARTESIAN_POINT('',(83.9,-13.85,1.51));
#9975=CARTESIAN_POINT('Origin',(83.9,-13.1,1.51));
#9976=CARTESIAN_POINT('',(82.6,-13.85,1.51));
#9977=CARTESIAN_POINT('',(-26.45,-13.85,1.51));
#9978=CARTESIAN_POINT('',(82.6,-12.35,1.51));
#9979=CARTESIAN_POINT('Origin',(82.6,-13.1,1.51));
#9980=CARTESIAN_POINT('',(-25.8,-12.35,1.51));
#9981=CARTESIAN_POINT('',(90.25,-9.5,1.51));
#9982=CARTESIAN_POINT('Origin',(90.25,-10.,1.51));
#9983=CARTESIAN_POINT('',(75.75,-7.,1.51));
#9984=CARTESIAN_POINT('Origin',(75.75,-7.5,1.51));
#9985=CARTESIAN_POINT('',(75.75,-4.5,1.51));
#9986=CARTESIAN_POINT('Origin',(75.75,-5.,1.51));
#9987=CARTESIAN_POINT('',(90.25,-4.5,1.51));
#9988=CARTESIAN_POINT('Origin',(90.25,-5.,1.51));
#9989=CARTESIAN_POINT('',(83.9,-1.15,1.51));
#9990=CARTESIAN_POINT('',(83.9,-2.65,1.51));
#9991=CARTESIAN_POINT('Origin',(83.9,-1.9,1.51));
#9992=CARTESIAN_POINT('',(82.6,-2.65,1.51));
#9993=CARTESIAN_POINT('',(-26.45,-2.65,1.51));
#9994=CARTESIAN_POINT('',(82.6,-1.15,1.51));
#9995=CARTESIAN_POINT('Origin',(82.6,-1.9,1.51));
#9996=CARTESIAN_POINT('',(-25.8,-1.15,1.51));
#9997=CARTESIAN_POINT('Origin',(7.44999999999999,-54.31,-0.046));
#9998=CARTESIAN_POINT('',(7.44999999999999,-53.91,-0.046));
#9999=CARTESIAN_POINT('Origin',(11.,-54.31,-0.046));
#10000=CARTESIAN_POINT('',(11.,-53.91,-0.046));
#10001=CARTESIAN_POINT('Origin',(14.55,-54.31,-0.046));
#10002=CARTESIAN_POINT('',(14.55,-53.91,-0.046));
#10003=CARTESIAN_POINT('Origin',(17.45,-54.31,-0.046));
#10004=CARTESIAN_POINT('',(17.45,-53.91,-0.046));
#10005=CARTESIAN_POINT('Origin',(21.,-54.31,-0.046));
#10006=CARTESIAN_POINT('',(21.,-53.91,-0.046));
#10007=CARTESIAN_POINT('Origin',(24.55,-54.31,-0.046));
#10008=CARTESIAN_POINT('',(24.55,-53.91,-0.046));
#10009=CARTESIAN_POINT('Origin',(7.44999999999999,-46.69,-0.046));
#10010=CARTESIAN_POINT('',(7.44999999999999,-46.29,-0.046));
#10011=CARTESIAN_POINT('Origin',(11.,-46.69,-0.046));
#10012=CARTESIAN_POINT('',(11.,-46.29,-0.046));
#10013=CARTESIAN_POINT('Origin',(14.55,-46.69,-0.046));
#10014=CARTESIAN_POINT('',(14.55,-46.29,-0.046));
#10015=CARTESIAN_POINT('Origin',(17.45,-46.69,-0.046));
#10016=CARTESIAN_POINT('',(17.45,-46.29,-0.046));
#10017=CARTESIAN_POINT('Origin',(21.,-46.69,-0.046));
#10018=CARTESIAN_POINT('',(21.,-46.29,-0.046));
#10019=CARTESIAN_POINT('Origin',(24.55,-46.69,-0.046));
#10020=CARTESIAN_POINT('',(24.55,-46.29,-0.046));
#10021=CARTESIAN_POINT('Origin',(37.79897029551,-56.76056033,0.));
#10022=CARTESIAN_POINT('',(38.249485,-56.977438,0.));
#10023=CARTESIAN_POINT('',(37.546712,-56.32886,0.));
#10024=CARTESIAN_POINT('Origin',(38.69998988497,-57.1943140791,0.));
#10025=CARTESIAN_POINT('',(38.2,-57.194315,0.));
#10026=CARTESIAN_POINT('Origin',(37.29445134312,-55.8971502707,0.));
#10027=CARTESIAN_POINT('',(37.294454,-56.397159,0.));
#10028=CARTESIAN_POINT('Origin',(38.2,-58.6,0.));
#10029=CARTESIAN_POINT('',(38.2,-58.6,0.));
#10030=CARTESIAN_POINT('Origin',(37.294454,-56.397159,0.));
#10031=CARTESIAN_POINT('',(35.705548,-56.397158,0.));
#10032=CARTESIAN_POINT('Origin',(38.69998988503,-58.6000019208,0.));
#10033=CARTESIAN_POINT('',(38.249485,-58.816878,0.));
#10034=CARTESIAN_POINT('Origin',(35.70555065687,-55.8971492707,0.));
#10035=CARTESIAN_POINT('',(35.45329,-56.328859,0.));
#10036=CARTESIAN_POINT('Origin',(37.79897090428,-59.0337569951,0.));
#10037=CARTESIAN_POINT('',(37.546712,-59.465457,0.));
#10038=CARTESIAN_POINT('Origin',(35.20103174567,-56.7605597091,0.));
#10039=CARTESIAN_POINT('',(34.750517,-56.977438,0.));
#10040=CARTESIAN_POINT('Origin',(37.29445134314,-59.8971667292,0.));
#10041=CARTESIAN_POINT('',(37.294453,-59.397158,0.));
#10042=CARTESIAN_POINT('Origin',(34.30001211496,-57.1943140791,0.));
#10043=CARTESIAN_POINT('',(34.800002,-57.194316,0.));
#10044=CARTESIAN_POINT('Origin',(35.705549,-59.397158,0.));
#10045=CARTESIAN_POINT('',(35.705549,-59.397158,0.));
#10046=CARTESIAN_POINT('Origin',(34.800002,-57.194316,0.));
#10047=CARTESIAN_POINT('',(34.800002,-58.600001,0.));
#10048=CARTESIAN_POINT('Origin',(35.70555165687,-59.8971667292,0.));
#10049=CARTESIAN_POINT('',(35.453291,-59.465457,0.));
#10050=CARTESIAN_POINT('Origin',(34.30001211502,-58.6000019208,0.));
#10051=CARTESIAN_POINT('',(34.750517,-58.816878,0.));
#10052=CARTESIAN_POINT('Origin',(35.2010335355,-59.0337547404,0.));
#10053=CARTESIAN_POINT('Origin',(28.1,-54.31,-0.046));
#10054=CARTESIAN_POINT('',(28.1,-53.91,-0.046));
#10055=CARTESIAN_POINT('Origin',(46.29897029551,-56.76056033,0.));
#10056=CARTESIAN_POINT('',(46.749485,-56.977438,0.));
#10057=CARTESIAN_POINT('',(46.046712,-56.32886,0.));
#10058=CARTESIAN_POINT('Origin',(47.19998988503,-57.1943140791,0.));
#10059=CARTESIAN_POINT('',(46.7,-57.194316,0.));
#10060=CARTESIAN_POINT('Origin',(45.79445134312,-55.8971502707,0.));
#10061=CARTESIAN_POINT('',(45.794454,-56.397159,0.));
#10062=CARTESIAN_POINT('Origin',(46.7,-58.6,0.));
#10063=CARTESIAN_POINT('',(46.7,-58.6,0.));
#10064=CARTESIAN_POINT('Origin',(45.794454,-56.397159,0.));
#10065=CARTESIAN_POINT('',(44.205548,-56.397158,0.));
#10066=CARTESIAN_POINT('Origin',(47.19998988503,-58.6000019208,0.));
#10067=CARTESIAN_POINT('',(46.749485,-58.816878,0.));
#10068=CARTESIAN_POINT('Origin',(44.20555065687,-55.8971492707,0.));
#10069=CARTESIAN_POINT('',(43.95329,-56.328859,0.));
#10070=CARTESIAN_POINT('Origin',(46.29897090428,-59.0337569951,0.));
#10071=CARTESIAN_POINT('',(46.046712,-59.465457,0.));
#10072=CARTESIAN_POINT('Origin',(43.70103174567,-56.7605597091,0.));
#10073=CARTESIAN_POINT('',(43.250517,-56.977438,0.));
#10074=CARTESIAN_POINT('Origin',(45.79445134314,-59.8971667292,0.));
#10075=CARTESIAN_POINT('',(45.794453,-59.397158,0.));
#10076=CARTESIAN_POINT('Origin',(42.80001211496,-57.1943140791,0.));
#10077=CARTESIAN_POINT('',(43.300002,-57.194316,0.));
#10078=CARTESIAN_POINT('Origin',(44.205549,-59.397158,0.));
#10079=CARTESIAN_POINT('',(44.205549,-59.397158,0.));
#10080=CARTESIAN_POINT('Origin',(43.300002,-57.194316,0.));
#10081=CARTESIAN_POINT('',(43.300002,-58.600001,0.));
#10082=CARTESIAN_POINT('Origin',(44.20555165687,-59.8971667292,0.));
#10083=CARTESIAN_POINT('',(43.953291,-59.465457,0.));
#10084=CARTESIAN_POINT('Origin',(42.80001211502,-58.6000019208,0.));
#10085=CARTESIAN_POINT('',(43.250517,-58.816878,0.));
#10086=CARTESIAN_POINT('Origin',(43.7010335355,-59.0337547404,0.));
#10087=CARTESIAN_POINT('Origin',(28.1,-46.69,-0.046));
#10088=CARTESIAN_POINT('',(28.1,-46.29,-0.046));
#10089=CARTESIAN_POINT('Origin',(38.73,-44.54,-0.046));
#10090=CARTESIAN_POINT('',(38.73,-43.69,-0.046));
#10091=CARTESIAN_POINT('Origin',(40.,-42.,-0.046));
#10092=CARTESIAN_POINT('',(40.,-41.25,-0.046));
#10093=CARTESIAN_POINT('Origin',(43.81,-44.54,-0.046));
#10094=CARTESIAN_POINT('',(43.81,-42.54,-0.046));
#10095=CARTESIAN_POINT('Origin',(46.35,-39.46,-0.046));
#10096=CARTESIAN_POINT('',(46.35,-38.71,-0.046));
#10097=CARTESIAN_POINT('Origin',(52.20103174567,-56.7605597091,0.));
#10098=CARTESIAN_POINT('',(52.45329,-56.328859,0.));
#10099=CARTESIAN_POINT('',(51.750517,-56.977438,0.));
#10100=CARTESIAN_POINT('Origin',(52.70555626378,-55.8971358829,0.));
#10101=CARTESIAN_POINT('',(52.705549,-56.397159,0.));
#10102=CARTESIAN_POINT('Origin',(51.30001211496,-57.1943140791,0.));
#10103=CARTESIAN_POINT('',(51.800002,-57.194316,0.));
#10104=CARTESIAN_POINT('Origin',(54.294454,-56.397159,0.));
#10105=CARTESIAN_POINT('',(54.294454,-56.397159,0.));
#10106=CARTESIAN_POINT('Origin',(51.800002,-57.194316,0.));
#10107=CARTESIAN_POINT('',(51.800002,-58.6,0.));
#10108=CARTESIAN_POINT('Origin',(54.29445134312,-55.8971502707,0.));
#10109=CARTESIAN_POINT('',(54.546712,-56.32886,0.));
#10110=CARTESIAN_POINT('Origin',(51.30001211496,-58.6000019208,0.));
#10111=CARTESIAN_POINT('',(51.750517,-58.816878,0.));
#10112=CARTESIAN_POINT('Origin',(54.79897029551,-56.76056033,0.));
#10113=CARTESIAN_POINT('',(55.249485,-56.977438,0.));
#10114=CARTESIAN_POINT('Origin',(52.20103160898,-59.0337551077,0.));
#10115=CARTESIAN_POINT('',(52.45329,-59.465455,0.));
#10116=CARTESIAN_POINT('Origin',(55.69998988503,-57.1943140791,0.));
#10117=CARTESIAN_POINT('',(55.2,-57.194316,0.));
#10118=CARTESIAN_POINT('Origin',(52.70555592637,-59.8971988346,0.));
#10119=CARTESIAN_POINT('',(52.705549,-59.397158,0.));
#10120=CARTESIAN_POINT('Origin',(55.2,-58.6,0.));
#10121=CARTESIAN_POINT('',(55.2,-58.6,0.));
#10122=CARTESIAN_POINT('Origin',(52.705549,-59.397158,0.));
#10123=CARTESIAN_POINT('',(54.294453,-59.397158,0.));
#10124=CARTESIAN_POINT('Origin',(55.69998122972,-58.6000028957,0.));
#10125=CARTESIAN_POINT('',(55.249485,-58.816877,0.));
#10126=CARTESIAN_POINT('Origin',(54.29445134314,-59.8971667292,0.));
#10127=CARTESIAN_POINT('',(54.546712,-59.465457,0.));
#10128=CARTESIAN_POINT('Origin',(54.79897086309,-59.0337566161,0.));
#10129=CARTESIAN_POINT('Origin',(63.29897029551,-56.76056033,0.));
#10130=CARTESIAN_POINT('',(63.749485,-56.977438,0.));
#10131=CARTESIAN_POINT('',(63.046712,-56.32886,0.));
#10132=CARTESIAN_POINT('Origin',(64.19998988497,-57.1943140791,0.));
#10133=CARTESIAN_POINT('',(63.7,-57.194315,0.));
#10134=CARTESIAN_POINT('Origin',(62.79445134312,-55.8971502707,0.));
#10135=CARTESIAN_POINT('',(62.794454,-56.397159,0.));
#10136=CARTESIAN_POINT('Origin',(63.7,-58.6,0.));
#10137=CARTESIAN_POINT('',(63.7,-58.6,0.));
#10138=CARTESIAN_POINT('Origin',(62.794454,-56.397159,0.));
#10139=CARTESIAN_POINT('',(61.205548,-56.397158,0.));
#10140=CARTESIAN_POINT('Origin',(64.19998988503,-58.6000019208,0.));
#10141=CARTESIAN_POINT('',(63.749485,-58.816878,0.));
#10142=CARTESIAN_POINT('Origin',(61.20555065687,-55.8971492707,0.));
#10143=CARTESIAN_POINT('',(60.95329,-56.328859,0.));
#10144=CARTESIAN_POINT('Origin',(63.29897090428,-59.0337569951,0.));
#10145=CARTESIAN_POINT('',(63.046712,-59.465457,0.));
#10146=CARTESIAN_POINT('Origin',(60.70103174567,-56.7605597091,0.));
#10147=CARTESIAN_POINT('',(60.250517,-56.977438,0.));
#10148=CARTESIAN_POINT('Origin',(62.79445134314,-59.8971667292,0.));
#10149=CARTESIAN_POINT('',(62.794453,-59.397158,0.));
#10150=CARTESIAN_POINT('Origin',(59.80001211496,-57.1943140791,0.));
#10151=CARTESIAN_POINT('',(60.300002,-57.194316,0.));
#10152=CARTESIAN_POINT('Origin',(61.205549,-59.397158,0.));
#10153=CARTESIAN_POINT('',(61.205549,-59.397158,0.));
#10154=CARTESIAN_POINT('Origin',(60.300002,-57.194316,0.));
#10155=CARTESIAN_POINT('',(60.300002,-58.600001,0.));
#10156=CARTESIAN_POINT('Origin',(61.20555165687,-59.8971667292,0.));
#10157=CARTESIAN_POINT('',(60.953291,-59.465457,0.));
#10158=CARTESIAN_POINT('Origin',(59.80001211502,-58.6000019208,0.));
#10159=CARTESIAN_POINT('',(60.250517,-58.816878,0.));
#10160=CARTESIAN_POINT('Origin',(60.7010335355,-59.0337547404,0.));
#10161=CARTESIAN_POINT('Origin',(69.20103174567,-56.7605597091,0.));
#10162=CARTESIAN_POINT('',(69.45329,-56.328859,0.));
#10163=CARTESIAN_POINT('',(68.750517,-56.977438,0.));
#10164=CARTESIAN_POINT('Origin',(69.70555626378,-55.8971358829,0.));
#10165=CARTESIAN_POINT('',(69.705549,-56.397159,0.));
#10166=CARTESIAN_POINT('Origin',(68.30001211496,-57.1943140791,0.));
#10167=CARTESIAN_POINT('',(68.800002,-57.194316,0.));
#10168=CARTESIAN_POINT('Origin',(71.294454,-56.397159,0.));
#10169=CARTESIAN_POINT('',(71.294454,-56.397159,0.));
#10170=CARTESIAN_POINT('Origin',(68.800002,-57.194316,0.));
#10171=CARTESIAN_POINT('',(68.800002,-58.6,0.));
#10172=CARTESIAN_POINT('Origin',(71.29445134312,-55.8971502707,0.));
#10173=CARTESIAN_POINT('',(71.546712,-56.32886,0.));
#10174=CARTESIAN_POINT('Origin',(68.30001211496,-58.6000019208,0.));
#10175=CARTESIAN_POINT('',(68.750517,-58.816878,0.));
#10176=CARTESIAN_POINT('Origin',(71.79897029551,-56.76056033,0.));
#10177=CARTESIAN_POINT('',(72.249485,-56.977438,0.));
#10178=CARTESIAN_POINT('Origin',(69.20103160898,-59.0337551077,0.));
#10179=CARTESIAN_POINT('',(69.45329,-59.465455,0.));
#10180=CARTESIAN_POINT('Origin',(72.69998988503,-57.1943140791,0.));
#10181=CARTESIAN_POINT('',(72.2,-57.194316,0.));
#10182=CARTESIAN_POINT('Origin',(69.70555592637,-59.8971988346,0.));
#10183=CARTESIAN_POINT('',(69.705549,-59.397158,0.));
#10184=CARTESIAN_POINT('Origin',(72.2,-58.6,0.));
#10185=CARTESIAN_POINT('',(72.2,-58.6,0.));
#10186=CARTESIAN_POINT('Origin',(69.705549,-59.397158,0.));
#10187=CARTESIAN_POINT('',(71.294453,-59.397158,0.));
#10188=CARTESIAN_POINT('Origin',(72.69998122972,-58.6000028957,0.));
#10189=CARTESIAN_POINT('',(72.249485,-58.816877,0.));
#10190=CARTESIAN_POINT('Origin',(71.29445134314,-59.8971667292,0.));
#10191=CARTESIAN_POINT('',(71.546712,-59.465457,0.));
#10192=CARTESIAN_POINT('Origin',(71.79897086309,-59.0337566161,0.));
#10193=CARTESIAN_POINT('Origin',(80.29897029551,-56.76056033,0.));
#10194=CARTESIAN_POINT('',(80.749485,-56.977438,0.));
#10195=CARTESIAN_POINT('',(80.046712,-56.32886,0.));
#10196=CARTESIAN_POINT('Origin',(81.19998988497,-57.1943140791,0.));
#10197=CARTESIAN_POINT('',(80.7,-57.194315,0.));
#10198=CARTESIAN_POINT('Origin',(79.79445134312,-55.8971502707,0.));
#10199=CARTESIAN_POINT('',(79.794454,-56.397159,0.));
#10200=CARTESIAN_POINT('Origin',(80.7,-58.6,0.));
#10201=CARTESIAN_POINT('',(80.7,-58.6,0.));
#10202=CARTESIAN_POINT('Origin',(79.794454,-56.397159,0.));
#10203=CARTESIAN_POINT('',(78.205548,-56.397158,0.));
#10204=CARTESIAN_POINT('Origin',(81.19998988503,-58.6000019208,0.));
#10205=CARTESIAN_POINT('',(80.749485,-58.816878,0.));
#10206=CARTESIAN_POINT('Origin',(78.20555065687,-55.8971492707,0.));
#10207=CARTESIAN_POINT('',(77.95329,-56.328859,0.));
#10208=CARTESIAN_POINT('Origin',(80.29897090428,-59.0337569951,0.));
#10209=CARTESIAN_POINT('',(80.046712,-59.465457,0.));
#10210=CARTESIAN_POINT('Origin',(77.70103174567,-56.7605597091,0.));
#10211=CARTESIAN_POINT('',(77.250517,-56.977438,0.));
#10212=CARTESIAN_POINT('Origin',(79.79445134314,-59.8971667292,0.));
#10213=CARTESIAN_POINT('',(79.794453,-59.397158,0.));
#10214=CARTESIAN_POINT('Origin',(76.80001211496,-57.1943140791,0.));
#10215=CARTESIAN_POINT('',(77.300002,-57.194316,0.));
#10216=CARTESIAN_POINT('Origin',(78.205549,-59.397158,0.));
#10217=CARTESIAN_POINT('',(78.205549,-59.397158,0.));
#10218=CARTESIAN_POINT('Origin',(77.300002,-57.194316,0.));
#10219=CARTESIAN_POINT('',(77.300002,-58.600001,0.));
#10220=CARTESIAN_POINT('Origin',(78.20555165687,-59.8971667292,0.));
#10221=CARTESIAN_POINT('',(77.953291,-59.465457,0.));
#10222=CARTESIAN_POINT('Origin',(76.80001211502,-58.6000019208,0.));
#10223=CARTESIAN_POINT('',(77.250517,-58.816878,0.));
#10224=CARTESIAN_POINT('Origin',(77.7010335355,-59.0337547404,0.));
#10225=CARTESIAN_POINT('Origin',(86.20103174567,-56.7605597091,0.));
#10226=CARTESIAN_POINT('',(86.45329,-56.328859,0.));
#10227=CARTESIAN_POINT('',(85.750517,-56.977438,0.));
#10228=CARTESIAN_POINT('Origin',(86.70555626378,-55.8971358829,0.));
#10229=CARTESIAN_POINT('',(86.705549,-56.397159,0.));
#10230=CARTESIAN_POINT('Origin',(85.30001211496,-57.1943140791,0.));
#10231=CARTESIAN_POINT('',(85.800002,-57.194316,0.));
#10232=CARTESIAN_POINT('Origin',(88.294454,-56.397159,0.));
#10233=CARTESIAN_POINT('',(88.294454,-56.397159,0.));
#10234=CARTESIAN_POINT('Origin',(85.800002,-57.194316,0.));
#10235=CARTESIAN_POINT('',(85.800002,-58.6,0.));
#10236=CARTESIAN_POINT('Origin',(88.29445134312,-55.8971502707,0.));
#10237=CARTESIAN_POINT('',(88.546712,-56.32886,0.));
#10238=CARTESIAN_POINT('Origin',(85.30001211496,-58.6000019208,0.));
#10239=CARTESIAN_POINT('',(85.750517,-58.816878,0.));
#10240=CARTESIAN_POINT('Origin',(88.79897029551,-56.76056033,0.));
#10241=CARTESIAN_POINT('',(89.249485,-56.977438,0.));
#10242=CARTESIAN_POINT('Origin',(86.2010335355,-59.0337547404,0.));
#10243=CARTESIAN_POINT('',(86.453291,-59.465457,0.));
#10244=CARTESIAN_POINT('Origin',(89.69998988503,-57.1943140791,0.));
#10245=CARTESIAN_POINT('',(89.2,-57.194316,0.));
#10246=CARTESIAN_POINT('Origin',(86.70555165687,-59.8971667292,0.));
#10247=CARTESIAN_POINT('',(86.705549,-59.397158,0.));
#10248=CARTESIAN_POINT('Origin',(89.2,-58.6,0.));
#10249=CARTESIAN_POINT('',(89.2,-58.6,0.));
#10250=CARTESIAN_POINT('Origin',(86.705549,-59.397158,0.));
#10251=CARTESIAN_POINT('',(88.294453,-59.397158,0.));
#10252=CARTESIAN_POINT('Origin',(89.69998122972,-58.6000028957,0.));
#10253=CARTESIAN_POINT('',(89.249485,-58.816877,0.));
#10254=CARTESIAN_POINT('Origin',(88.29445134314,-59.8971667292,0.));
#10255=CARTESIAN_POINT('',(88.546712,-59.465457,0.));
#10256=CARTESIAN_POINT('Origin',(88.79897086309,-59.0337566161,0.));
#10257=CARTESIAN_POINT('Origin',(48.89,-44.54,-0.046));
#10258=CARTESIAN_POINT('',(48.89,-43.69,-0.046));
#10259=CARTESIAN_POINT('Origin',(57.73,-44.54,-0.046));
#10260=CARTESIAN_POINT('',(57.73,-43.69,-0.046));
#10261=CARTESIAN_POINT('Origin',(62.81,-44.54,-0.046));
#10262=CARTESIAN_POINT('',(62.81,-42.54,-0.046));
#10263=CARTESIAN_POINT('Origin',(59.,-42.,-0.046));
#10264=CARTESIAN_POINT('',(59.,-41.25,-0.046));
#10265=CARTESIAN_POINT('Origin',(67.89,-44.54,-0.046));
#10266=CARTESIAN_POINT('',(67.89,-43.69,-0.046));
#10267=CARTESIAN_POINT('Origin',(65.35,-39.46,-0.046));
#10268=CARTESIAN_POINT('',(65.35,-38.71,-0.046));
#10269=CARTESIAN_POINT('Origin',(76.84,-44.5,-0.046));
#10270=CARTESIAN_POINT('',(76.84,-43.65,-0.046));
#10271=CARTESIAN_POINT('Origin',(78.11,-41.96,-0.046));
#10272=CARTESIAN_POINT('',(78.11,-41.21,-0.046));
#10273=CARTESIAN_POINT('Origin',(81.92,-44.5,-0.046));
#10274=CARTESIAN_POINT('',(81.92,-42.5,-0.046));
#10275=CARTESIAN_POINT('Origin',(87.,-44.5,-0.046));
#10276=CARTESIAN_POINT('',(87.,-43.65,-0.046));
#10277=CARTESIAN_POINT('Origin',(84.46,-39.42,-0.046));
#10278=CARTESIAN_POINT('',(84.46,-38.67,-0.046));
#10279=CARTESIAN_POINT('Origin',(5.375,-18.332015,-0.046));
#10280=CARTESIAN_POINT('',(5.375,-17.832015,-0.046));
#10281=CARTESIAN_POINT('Origin',(5.375,-15.792015,-0.046));
#10282=CARTESIAN_POINT('',(5.375,-15.292015,-0.046));
#10283=CARTESIAN_POINT('Origin',(20.625,-18.332015,-0.046));
#10284=CARTESIAN_POINT('',(20.625,-17.832015,-0.046));
#10285=CARTESIAN_POINT('Origin',(20.625,-15.792015,-0.046));
#10286=CARTESIAN_POINT('',(20.625,-15.292015,-0.046));
#10287=CARTESIAN_POINT('Origin',(38.73,-25.54,-0.046));
#10288=CARTESIAN_POINT('',(38.73,-24.69,-0.046));
#10289=CARTESIAN_POINT('Origin',(43.81,-25.54,-0.046));
#10290=CARTESIAN_POINT('',(43.81,-23.54,-0.046));
#10291=CARTESIAN_POINT('Origin',(40.,-23.,-0.046));
#10292=CARTESIAN_POINT('',(40.,-22.25,-0.046));
#10293=CARTESIAN_POINT('Origin',(46.35,-20.46,-0.046));
#10294=CARTESIAN_POINT('',(46.35,-19.71,-0.046));
#10295=CARTESIAN_POINT('Origin',(5.375,-13.252015,-0.046));
#10296=CARTESIAN_POINT('',(5.375,-12.752015,-0.046));
#10297=CARTESIAN_POINT('Origin',(5.375,-10.712015,-0.046));
#10298=CARTESIAN_POINT('',(5.375,-10.212015,-0.046));
#10299=CARTESIAN_POINT('Origin',(20.625,-13.252015,-0.046));
#10300=CARTESIAN_POINT('',(20.625,-12.752015,-0.046));
#10301=CARTESIAN_POINT('Origin',(20.625,-10.712015,-0.046));
#10302=CARTESIAN_POINT('',(20.625,-10.212015,-0.046));
#10303=CARTESIAN_POINT('Origin',(5.375,-8.172015,-0.046));
#10304=CARTESIAN_POINT('',(5.375,-7.672015,-0.046));
#10305=CARTESIAN_POINT('Origin',(5.375,-5.632015,-0.046));
#10306=CARTESIAN_POINT('',(5.375,-5.132015,-0.046));
#10307=CARTESIAN_POINT('Origin',(5.375,-3.092015,-0.046));
#10308=CARTESIAN_POINT('',(5.375,-2.592015,-0.046));
#10309=CARTESIAN_POINT('Origin',(20.625,-8.172015,-0.046));
#10310=CARTESIAN_POINT('',(20.625,-7.672015,-0.046));
#10311=CARTESIAN_POINT('Origin',(20.625,-5.632015,-0.046));
#10312=CARTESIAN_POINT('',(20.625,-5.132015,-0.046));
#10313=CARTESIAN_POINT('Origin',(20.625,-3.092015,-0.046));
#10314=CARTESIAN_POINT('',(20.625,-2.592015,-0.046));
#10315=CARTESIAN_POINT('Origin',(33.6,-10.825,-0.046));
#10316=CARTESIAN_POINT('',(33.6,-10.325,-0.046));
#10317=CARTESIAN_POINT('Origin',(33.6,-8.285,-0.046));
#10318=CARTESIAN_POINT('',(33.6,-7.785,-0.046));
#10319=CARTESIAN_POINT('Origin',(33.6,-5.745,-0.046));
#10320=CARTESIAN_POINT('',(33.6,-5.245,-0.046));
#10321=CARTESIAN_POINT('Origin',(33.6,-3.205,-0.046));
#10322=CARTESIAN_POINT('',(33.6,-2.705,-0.046));
#10323=CARTESIAN_POINT('Origin',(48.89,-25.54,-0.046));
#10324=CARTESIAN_POINT('',(48.89,-24.69,-0.046));
#10325=CARTESIAN_POINT('Origin',(57.73,-25.54,-0.046));
#10326=CARTESIAN_POINT('',(57.73,-24.69,-0.046));
#10327=CARTESIAN_POINT('Origin',(62.81,-25.54,-0.046));
#10328=CARTESIAN_POINT('',(62.81,-23.54,-0.046));
#10329=CARTESIAN_POINT('Origin',(67.89,-25.54,-0.046));
#10330=CARTESIAN_POINT('',(67.89,-24.69,-0.046));
#10331=CARTESIAN_POINT('Origin',(59.,-23.,-0.046));
#10332=CARTESIAN_POINT('',(59.,-22.25,-0.046));
#10333=CARTESIAN_POINT('Origin',(65.35,-20.46,-0.046));
#10334=CARTESIAN_POINT('',(65.35,-19.71,-0.046));
#10335=CARTESIAN_POINT('Origin',(76.84,-25.54,-0.046));
#10336=CARTESIAN_POINT('',(76.84,-24.69,-0.046));
#10337=CARTESIAN_POINT('Origin',(81.92,-25.54,-0.046));
#10338=CARTESIAN_POINT('',(81.92,-23.54,-0.046));
#10339=CARTESIAN_POINT('Origin',(87.,-25.54,-0.046));
#10340=CARTESIAN_POINT('',(87.,-24.69,-0.046));
#10341=CARTESIAN_POINT('Origin',(78.11,-23.,-0.046));
#10342=CARTESIAN_POINT('',(78.11,-22.25,-0.046));
#10343=CARTESIAN_POINT('Origin',(84.46,-20.46,-0.046));
#10344=CARTESIAN_POINT('',(84.46,-19.71,-0.046));
#10345=CARTESIAN_POINT('Origin',(75.75,-10.,-0.046));
#10346=CARTESIAN_POINT('',(75.75,-9.5,-0.046));
#10347=CARTESIAN_POINT('Origin',(83.9,-13.1,-0.046));
#10348=CARTESIAN_POINT('',(83.9,-13.85,-0.046));
#10349=CARTESIAN_POINT('',(83.9,-12.35,-0.046));
#10350=CARTESIAN_POINT('Origin',(83.9,-12.35,-0.046));
#10351=CARTESIAN_POINT('',(82.6,-12.35,-0.046));
#10352=CARTESIAN_POINT('Origin',(82.6,-13.1,-0.046));
#10353=CARTESIAN_POINT('',(82.6,-13.85,-0.046));
#10354=CARTESIAN_POINT('Origin',(82.6,-13.85,-0.046));
#10355=CARTESIAN_POINT('Origin',(90.25,-10.,-0.046));
#10356=CARTESIAN_POINT('',(90.25,-9.5,-0.046));
#10357=CARTESIAN_POINT('Origin',(75.75,-7.5,-0.046));
#10358=CARTESIAN_POINT('',(75.75,-7.,-0.046));
#10359=CARTESIAN_POINT('Origin',(75.75,-5.,-0.046));
#10360=CARTESIAN_POINT('',(75.75,-4.5,-0.046));
#10361=CARTESIAN_POINT('Origin',(90.25,-5.,-0.046));
#10362=CARTESIAN_POINT('',(90.25,-4.5,-0.046));
#10363=CARTESIAN_POINT('Origin',(83.9,-1.9,-0.046));
#10364=CARTESIAN_POINT('',(83.9,-2.65,-0.046));
#10365=CARTESIAN_POINT('',(83.9,-1.15,-0.046));
#10366=CARTESIAN_POINT('Origin',(83.9,-1.15,-0.046));
#10367=CARTESIAN_POINT('',(82.6,-1.15,-0.046));
#10368=CARTESIAN_POINT('Origin',(82.6,-1.9,-0.046));
#10369=CARTESIAN_POINT('',(82.6,-2.65,-0.046));
#10370=CARTESIAN_POINT('Origin',(82.6,-2.65,-0.046));
#10371=CARTESIAN_POINT('Origin',(6.00128554024762,0.199999999999996,8.51));
#10372=CARTESIAN_POINT('',(6.00128554024762,0.199999999999996,8.51));
#10373=CARTESIAN_POINT('',(6.00128554024762,0.199999999999996,14.51));
#10374=CARTESIAN_POINT('',(6.00128554024762,0.199999999999996,6.51));
#10375=CARTESIAN_POINT('',(6.00128554024762,10.2,8.51));
#10376=CARTESIAN_POINT('',(6.00128554024762,0.199999999999996,8.51));
#10377=CARTESIAN_POINT('',(6.00128554024762,10.2,14.51));
#10378=CARTESIAN_POINT('',(6.00128554024762,10.2,5.01));
#10379=CARTESIAN_POINT('',(6.00128554024762,-15.275,14.51));
#10380=CARTESIAN_POINT('Origin',(20.0012855402476,0.199999999999996,8.51));
#10381=CARTESIAN_POINT('',(20.0012855402476,0.199999999999996,8.51));
#10382=CARTESIAN_POINT('',(9.90064277012381,0.199999999999996,8.51));
#10383=CARTESIAN_POINT('',(20.0012855402476,10.2,8.51));
#10384=CARTESIAN_POINT('',(20.0012855402476,0.199999999999996,8.51));
#10385=CARTESIAN_POINT('',(61.3506427701238,10.2,8.51));
#10386=CARTESIAN_POINT('Origin',(20.0012855402476,0.199999999999996,14.51));
#10387=CARTESIAN_POINT('',(20.0012855402476,0.199999999999996,14.51));
#10388=CARTESIAN_POINT('',(20.0012855402476,0.199999999999996,9.51));
#10389=CARTESIAN_POINT('',(20.0012855402476,10.2,14.51));
#10390=CARTESIAN_POINT('',(20.0012855402476,-15.275,14.51));
#10391=CARTESIAN_POINT('',(20.0012855402476,10.2,8.01));
#10392=CARTESIAN_POINT('Origin',(102.7,10.2,1.51));
#10393=CARTESIAN_POINT('',(98.7,10.2,14.51));
#10394=CARTESIAN_POINT('',(74.475,10.2,14.51));
#10395=CARTESIAN_POINT('',(98.7,10.2,1.51));
#10396=CARTESIAN_POINT('',(98.7,10.2,1.51));
#10397=CARTESIAN_POINT('',(-6.19999999999999,10.2,1.51));
#10398=CARTESIAN_POINT('',(102.7,10.2,1.51));
#10399=CARTESIAN_POINT('',(-6.19999999999999,10.2,14.51));
#10400=CARTESIAN_POINT('',(-6.19999999999999,10.2,1.51));
#10401=CARTESIAN_POINT('',(74.475,10.2,14.51));
#10402=CARTESIAN_POINT('Origin',(-0.199999999999996,0.199999999999996,4.51));
#10403=CARTESIAN_POINT('',(-0.199999999999996,0.199999999999996,14.51));
#10404=CARTESIAN_POINT('',(23.025,0.199999999999996,14.51));
#10405=CARTESIAN_POINT('',(-0.199999999999996,0.199999999999996,4.51));
#10406=CARTESIAN_POINT('',(-0.199999999999996,0.199999999999996,4.51));
#10407=CARTESIAN_POINT('',(92.7,0.199999999999996,4.51));
#10408=CARTESIAN_POINT('',(23.025,0.199999999999996,4.51));
#10409=CARTESIAN_POINT('',(92.7,0.199999999999996,14.51));
#10410=CARTESIAN_POINT('',(92.7,0.199999999999996,4.51));
#10411=CARTESIAN_POINT('',(23.025,0.199999999999996,14.51));
#10412=CARTESIAN_POINT('Origin',(-6.2,-67.7,1.51));
#10413=CARTESIAN_POINT('',(-6.2,-71.7,14.51));
#10414=CARTESIAN_POINT('',(-10.2,-67.7,14.51));
#10415=CARTESIAN_POINT('Origin',(-6.2,-67.7,14.51));
#10416=CARTESIAN_POINT('',(-10.2,-67.7,1.51));
#10417=CARTESIAN_POINT('',(-10.2,-67.7,1.51));
#10418=CARTESIAN_POINT('',(-6.2,-71.7,1.51));
#10419=CARTESIAN_POINT('Origin',(-6.2,-67.7,1.51));
#10420=CARTESIAN_POINT('',(-6.2,-71.7,1.51));
#10421=CARTESIAN_POINT('Origin',(-10.2,10.2,1.51));
#10422=CARTESIAN_POINT('',(-10.2,6.2,14.51));
#10423=CARTESIAN_POINT('',(-10.2,-10.275,14.51));
#10424=CARTESIAN_POINT('',(-10.2,6.2,1.51));
#10425=CARTESIAN_POINT('',(-10.2,6.2,1.51));
#10426=CARTESIAN_POINT('',(-10.2,10.2,1.51));
#10427=CARTESIAN_POINT('Origin',(46.25,-30.75,14.51));
#10428=CARTESIAN_POINT('Origin',(-6.19999999999999,6.2,14.51));
#10429=CARTESIAN_POINT('',(98.7,-71.7,14.51));
#10430=CARTESIAN_POINT('',(18.025,-71.7,14.51));
#10431=CARTESIAN_POINT('',(102.7,-67.7,14.51));
#10432=CARTESIAN_POINT('Origin',(98.7,-67.7,14.51));
#10433=CARTESIAN_POINT('',(102.7,6.19999999999999,14.51));
#10434=CARTESIAN_POINT('',(102.7,-51.225,14.51));
#10435=CARTESIAN_POINT('Origin',(98.7,6.2,14.51));
#10436=CARTESIAN_POINT('',(92.7,-61.7,14.51));
#10437=CARTESIAN_POINT('',(92.7,-15.275,14.51));
#10438=CARTESIAN_POINT('',(-0.199999999999996,-61.7,14.51));
#10439=CARTESIAN_POINT('',(69.475,-61.7,14.51));
#10440=CARTESIAN_POINT('',(-0.199999999999996,-46.225,14.51));
#10441=CARTESIAN_POINT('',(99.15,5.2,14.51));
#10442=CARTESIAN_POINT('Origin',(97.7,5.2,14.51));
#10443=CARTESIAN_POINT('',(99.15,-66.7,14.51));
#10444=CARTESIAN_POINT('Origin',(97.7,-66.7,14.51));
#10445=CARTESIAN_POINT('',(-3.75,-66.7,14.51));
#10446=CARTESIAN_POINT('Origin',(-5.2,-66.7,14.51));
#10447=CARTESIAN_POINT('',(-3.75,5.2,14.51));
#10448=CARTESIAN_POINT('Origin',(-5.2,5.2,14.51));
#10449=CARTESIAN_POINT('Origin',(-6.19999999999999,6.2,1.51));
#10450=CARTESIAN_POINT('Origin',(-6.19999999999999,6.2,1.51));
#10451=CARTESIAN_POINT('Origin',(98.7,6.2,1.51));
#10452=CARTESIAN_POINT('',(102.7,6.19999999999999,1.51));
#10453=CARTESIAN_POINT('',(102.7,6.2,1.51));
#10454=CARTESIAN_POINT('Origin',(98.7,6.2,1.51));
#10455=CARTESIAN_POINT('Origin',(102.7,-71.7,1.51));
#10456=CARTESIAN_POINT('',(102.7,-67.7,1.51));
#10457=CARTESIAN_POINT('',(102.7,-67.7,1.51));
#10458=CARTESIAN_POINT('',(102.7,-71.7,1.51));
#10459=CARTESIAN_POINT('Origin',(98.7,-67.7,1.51));
#10460=CARTESIAN_POINT('',(98.7,-71.7,1.51));
#10461=CARTESIAN_POINT('',(98.7,-71.7,1.51));
#10462=CARTESIAN_POINT('Origin',(98.7,-67.7,1.51));
#10463=CARTESIAN_POINT('Origin',(-10.2,-71.7,1.51));
#10464=CARTESIAN_POINT('',(-10.2,-71.7,1.51));
#10465=CARTESIAN_POINT('Origin',(92.7,0.199999999999996,4.51));
#10466=CARTESIAN_POINT('',(92.7,-61.7,4.51));
#10467=CARTESIAN_POINT('',(92.7,-15.275,4.51));
#10468=CARTESIAN_POINT('',(92.7,-61.7,4.51));
#10469=CARTESIAN_POINT('Origin',(-0.199999999999996,-61.7,4.51));
#10470=CARTESIAN_POINT('',(-0.199999999999996,-61.7,4.51));
#10471=CARTESIAN_POINT('',(-0.199999999999996,-46.225,4.51));
#10472=CARTESIAN_POINT('',(-0.199999999999996,-61.7,4.51));
#10473=CARTESIAN_POINT('Origin',(92.7,-61.7,4.51));
#10474=CARTESIAN_POINT('',(69.475,-61.7,4.51));
#10475=CARTESIAN_POINT('Origin',(97.7,-66.7,1.51));
#10476=CARTESIAN_POINT('',(99.15,-66.7,1.51));
#10477=CARTESIAN_POINT('',(99.15,-66.7,1.51));
#10478=CARTESIAN_POINT('Origin',(97.7,-66.7,1.51));
#10479=CARTESIAN_POINT('Origin',(-5.2,-66.7,1.51));
#10480=CARTESIAN_POINT('',(-3.75,-66.7,1.51));
#10481=CARTESIAN_POINT('',(-3.75,-66.7,1.51));
#10482=CARTESIAN_POINT('Origin',(-5.2,-66.7,1.51));
#10483=CARTESIAN_POINT('Origin',(-5.2,5.2,1.51));
#10484=CARTESIAN_POINT('',(-3.75,5.2,1.51));
#10485=CARTESIAN_POINT('',(-3.75,5.2,1.51));
#10486=CARTESIAN_POINT('Origin',(-5.2,5.2,1.51));
#10487=CARTESIAN_POINT('Origin',(97.7,5.2,1.51));
#10488=CARTESIAN_POINT('',(99.15,5.2,1.51));
#10489=CARTESIAN_POINT('',(99.15,5.2,1.51));
#10490=CARTESIAN_POINT('Origin',(97.7,5.2,1.51));
#10491=CARTESIAN_POINT('Origin',(46.25,-30.75,4.51));
#10492=CARTESIAN_POINT('Origin',(46.25,-30.75,1.51));
#10493=CARTESIAN_POINT('Origin',(92.0503824344501,-53.528277954936,14.51));
#10494=CARTESIAN_POINT('',(92.0503824344501,-53.528277954936,14.51));
#10495=CARTESIAN_POINT('',(31.9504133196712,-53.528277954936,14.51));
#10496=CARTESIAN_POINT('',(69.150191217225,-53.528277954936,14.51));
#10497=CARTESIAN_POINT('',(92.0503824344501,-53.528277954936,15.66));
#10498=CARTESIAN_POINT('',(92.0503824344501,-53.528277954936,14.51));
#10499=CARTESIAN_POINT('',(31.9504133196712,-53.528277954936,15.66));
#10500=CARTESIAN_POINT('',(92.0503824344501,-53.528277954936,15.66));
#10501=CARTESIAN_POINT('',(31.9504133196712,-53.528277954936,14.51));
#10502=CARTESIAN_POINT('Origin',(92.0503824344501,-62.2282954134359,14.51));
#10503=CARTESIAN_POINT('',(92.0503824344501,-62.2282954134359,14.51));
#10504=CARTESIAN_POINT('',(92.0503824344501,-46.489147706718,14.51));
#10505=CARTESIAN_POINT('',(92.0503824344501,-62.2282954134359,15.66));
#10506=CARTESIAN_POINT('',(92.0503824344501,-62.2282954134359,14.51));
#10507=CARTESIAN_POINT('',(92.0503824344501,-62.2282954134359,15.66));
#10508=CARTESIAN_POINT('Origin',(31.9504133196712,-62.2282954134359,14.51));
#10509=CARTESIAN_POINT('',(31.9504133196712,-62.2282954134359,14.51));
#10510=CARTESIAN_POINT('',(39.1002066598356,-62.2282954134359,14.51));
#10511=CARTESIAN_POINT('',(31.9504133196712,-62.2282954134359,15.66));
#10512=CARTESIAN_POINT('',(31.9504133196712,-62.2282954134359,14.51));
#10513=CARTESIAN_POINT('',(31.9504133196712,-62.2282954134359,15.66));
#10514=CARTESIAN_POINT('Origin',(31.9504133196712,-53.528277954936,14.51));
#10515=CARTESIAN_POINT('',(31.9504133196712,-42.139138977468,14.51));
#10516=CARTESIAN_POINT('',(31.9504133196712,-53.528277954936,15.66));
#10517=CARTESIAN_POINT('Origin',(62.0003978770606,-57.8782866841859,15.66));
#10518=CARTESIAN_POINT('',(34.3004133196712,-59.8782954134359,15.66));
#10519=CARTESIAN_POINT('',(34.3004133196712,-55.878277954936,15.66));
#10520=CARTESIAN_POINT('',(34.3004133196712,-58.8782910488109,15.66));
#10521=CARTESIAN_POINT('',(89.7003824344501,-59.8782954134359,15.66));
#10522=CARTESIAN_POINT('',(75.8503901557553,-59.8782954134359,15.66));
#10523=CARTESIAN_POINT('',(89.7003824344501,-55.878277954936,15.66));
#10524=CARTESIAN_POINT('',(89.7003824344501,-56.878282319561,15.66));
#10525=CARTESIAN_POINT('',(48.1504055983659,-55.878277954936,15.66));
#10526=CARTESIAN_POINT('Origin',(89.7003824344501,-55.878277954936,14.51));
#10527=CARTESIAN_POINT('',(89.7003824344501,-59.8782954134359,17.51));
#10528=CARTESIAN_POINT('',(89.7003824344501,-59.8782954134359,14.51));
#10529=CARTESIAN_POINT('',(89.7003824344501,-55.878277954936,17.51));
#10530=CARTESIAN_POINT('',(89.7003824344501,-55.878277954936,17.51));
#10531=CARTESIAN_POINT('',(89.7003824344501,-55.878277954936,14.51));
#10532=CARTESIAN_POINT('Origin',(89.7003824344501,-59.8782954134359,14.51));
#10533=CARTESIAN_POINT('',(34.3004133196712,-59.8782954134359,17.51));
#10534=CARTESIAN_POINT('',(34.3004133196712,-59.8782954134359,14.51));
#10535=CARTESIAN_POINT('',(89.7003824344501,-59.8782954134359,17.51));
#10536=CARTESIAN_POINT('Origin',(55.2951648311676,-11.7443268986848,16.76));
#10537=CARTESIAN_POINT('',(36.6403296623351,-12.4943268986848,17.51));
#10538=CARTESIAN_POINT('',(65.8403296623351,-12.4943268986848,17.51));
#10539=CARTESIAN_POINT('',(55.2951648311676,-12.4943268986848,17.51));
#10540=CARTESIAN_POINT('',(64.3403296623351,-10.9943268986848,16.01));
#10541=CARTESIAN_POINT('',(65.8403296623351,-12.4943268986848,17.51));
#10542=CARTESIAN_POINT('',(38.1403296623351,-10.9943268986848,16.01));
#10543=CARTESIAN_POINT('',(55.2951648311676,-10.9943268986848,16.01));
#10544=CARTESIAN_POINT('',(36.6403296623351,-12.4943268986848,17.51));
#10545=CARTESIAN_POINT('Origin',(65.0903296623351,-16.1221634493424,16.76));
#10546=CARTESIAN_POINT('',(65.8403296623351,0.00567310131517118,17.51));
#10547=CARTESIAN_POINT('',(65.8403296623351,-16.1221634493424,17.51));
#10548=CARTESIAN_POINT('',(64.3403296623351,-1.49432689868483,16.01));
#10549=CARTESIAN_POINT('',(65.8403296623351,0.00567310131517118,17.51));
#10550=CARTESIAN_POINT('',(64.3403296623351,-16.1221634493424,16.01));
#10551=CARTESIAN_POINT('Origin',(42.1951648311676,-0.744326898684829,16.76));
#10552=CARTESIAN_POINT('',(36.6403296623351,0.00567310131517118,17.51));
#10553=CARTESIAN_POINT('',(42.1951648311676,0.00567310131517118,17.51));
#10554=CARTESIAN_POINT('',(38.1403296623351,-1.49432689868483,16.01));
#10555=CARTESIAN_POINT('',(36.6403296623351,0.00567310131517118,17.51));
#10556=CARTESIAN_POINT('',(42.1951648311676,-1.49432689868483,16.01));
#10557=CARTESIAN_POINT('Origin',(37.3903296623351,-20.8721634493424,16.76));
#10558=CARTESIAN_POINT('',(38.1403296623351,-20.8721634493424,16.01));
#10559=CARTESIAN_POINT('',(36.6403296623351,-20.8721634493424,17.51));
#10560=CARTESIAN_POINT('Origin',(38.1403296623351,-10.9943268986848,14.51));
#10561=CARTESIAN_POINT('',(38.1403296623351,-10.9943268986848,14.51));
#10562=CARTESIAN_POINT('',(38.1403296623351,-10.9943268986848,14.51));
#10563=CARTESIAN_POINT('',(38.1403296623351,-1.49432689868483,14.51));
#10564=CARTESIAN_POINT('',(38.1403296623351,-1.49432689868483,14.51));
#10565=CARTESIAN_POINT('',(38.1403296623351,-1.49432689868483,14.51));
#10566=CARTESIAN_POINT('Origin',(64.3403296623351,-10.9943268986848,14.51));
#10567=CARTESIAN_POINT('',(64.3403296623351,-10.9943268986848,14.51));
#10568=CARTESIAN_POINT('',(64.3403296623351,-10.9943268986848,14.51));
#10569=CARTESIAN_POINT('',(38.1403296623351,-10.9943268986848,14.51));
#10570=CARTESIAN_POINT('Origin',(46.25,-30.75,17.51));
#10571=CARTESIAN_POINT('',(101.45,-67.7,17.51));
#10572=CARTESIAN_POINT('',(98.7,-70.45,17.51));
#10573=CARTESIAN_POINT('Origin',(98.7,-67.7,17.51));
#10574=CARTESIAN_POINT('',(101.45,6.19999999999999,17.51));
#10575=CARTESIAN_POINT('',(101.45,-51.225,17.51));
#10576=CARTESIAN_POINT('',(98.7,8.95,17.51));
#10577=CARTESIAN_POINT('Origin',(98.7,6.19999999999999,17.51));
#10578=CARTESIAN_POINT('',(-6.19999999999999,8.95,17.51));
#10579=CARTESIAN_POINT('',(74.475,8.95,17.51));
#10580=CARTESIAN_POINT('',(-8.95,6.2,17.51));
#10581=CARTESIAN_POINT('Origin',(-6.19999999999999,6.2,17.51));
#10582=CARTESIAN_POINT('',(-8.95,-67.7,17.51));
#10583=CARTESIAN_POINT('',(-8.95,-10.275,17.51));
#10584=CARTESIAN_POINT('',(-6.2,-70.45,17.51));
#10585=CARTESIAN_POINT('Origin',(-6.2,-67.7,17.51));
#10586=CARTESIAN_POINT('',(18.025,-70.45,17.51));
#10587=CARTESIAN_POINT('',(-6.64999999999999,5.2,17.51));
#10588=CARTESIAN_POINT('Origin',(-5.2,5.2,17.51));
#10589=CARTESIAN_POINT('',(89.095,-51.175,17.51));
#10590=CARTESIAN_POINT('',(88.595,-51.675,17.51));
#10591=CARTESIAN_POINT('Origin',(88.595,-51.175,17.51));
#10592=CARTESIAN_POINT('',(75.595,-51.675,17.51));
#10593=CARTESIAN_POINT('',(88.595,-51.675,17.51));
#10594=CARTESIAN_POINT('',(75.095,-51.175,17.51));
#10595=CARTESIAN_POINT('Origin',(75.595,-51.175,17.51));
#10596=CARTESIAN_POINT('',(75.095,-38.175,17.51));
#10597=CARTESIAN_POINT('',(75.095,-51.175,17.51));
#10598=CARTESIAN_POINT('',(75.595,-37.675,17.51));
#10599=CARTESIAN_POINT('Origin',(75.595,-38.175,17.51));
#10600=CARTESIAN_POINT('',(88.595,-37.675,17.51));
#10601=CARTESIAN_POINT('',(88.595,-37.675,17.51));
#10602=CARTESIAN_POINT('',(89.095,-38.175,17.51));
#10603=CARTESIAN_POINT('Origin',(88.595,-38.175,17.51));
#10604=CARTESIAN_POINT('',(89.095,-51.175,17.51));
#10605=CARTESIAN_POINT('',(56.545,-32.625,17.51));
#10606=CARTESIAN_POINT('',(56.045,-32.125,17.51));
#10607=CARTESIAN_POINT('Origin',(56.545,-32.125,17.51));
#10608=CARTESIAN_POINT('',(56.045,-19.125,17.51));
#10609=CARTESIAN_POINT('',(56.045,-32.125,17.51));
#10610=CARTESIAN_POINT('',(56.545,-18.625,17.51));
#10611=CARTESIAN_POINT('Origin',(56.545,-19.125,17.51));
#10612=CARTESIAN_POINT('',(69.545,-18.625,17.51));
#10613=CARTESIAN_POINT('',(69.545,-18.625,17.51));
#10614=CARTESIAN_POINT('',(70.045,-19.125,17.51));
#10615=CARTESIAN_POINT('Origin',(69.545,-19.125,17.51));
#10616=CARTESIAN_POINT('',(70.045,-32.125,17.51));
#10617=CARTESIAN_POINT('',(70.045,-32.125,17.51));
#10618=CARTESIAN_POINT('',(69.545,-32.625,17.51));
#10619=CARTESIAN_POINT('Origin',(69.545,-32.125,17.51));
#10620=CARTESIAN_POINT('',(69.545,-32.625,17.51));
#10621=CARTESIAN_POINT('',(77.0746461704525,-1.91612783918156,17.51));
#10622=CARTESIAN_POINT('',(77.2746461704525,-1.51612783918155,17.51));
#10623=CARTESIAN_POINT('Origin',(77.5746461704525,-1.91612783918155,17.51));
#10624=CARTESIAN_POINT('',(88.9746461704525,-1.51612783918155,17.51));
#10625=CARTESIAN_POINT('',(88.9746461704525,-1.51612783918155,17.51));
#10626=CARTESIAN_POINT('',(89.1746461704525,-1.91612783918155,17.51));
#10627=CARTESIAN_POINT('Origin',(88.6746461704525,-1.91612783918155,17.51));
#10628=CARTESIAN_POINT('',(89.1746461704525,-13.0161278391816,17.51));
#10629=CARTESIAN_POINT('',(89.1746461704525,-13.0161278391816,17.51));
#10630=CARTESIAN_POINT('',(88.9746461704525,-13.4161278391816,17.51));
#10631=CARTESIAN_POINT('Origin',(88.6746461704525,-13.0161278391816,17.51));
#10632=CARTESIAN_POINT('',(77.2746461704525,-13.4161278391816,17.51));
#10633=CARTESIAN_POINT('',(77.2746461704525,-13.4161278391816,17.51));
#10634=CARTESIAN_POINT('',(77.0746461704525,-13.0161278391816,17.51));
#10635=CARTESIAN_POINT('Origin',(77.5746461704525,-13.0161278391816,17.51));
#10636=CARTESIAN_POINT('',(77.0746461704525,-1.91612783918156,17.51));
#10637=CARTESIAN_POINT('',(50.995,-51.175,17.51));
#10638=CARTESIAN_POINT('',(50.495,-51.675,17.51));
#10639=CARTESIAN_POINT('Origin',(50.495,-51.175,17.51));
#10640=CARTESIAN_POINT('',(37.495,-51.675,17.51));
#10641=CARTESIAN_POINT('',(50.495,-51.675,17.51));
#10642=CARTESIAN_POINT('',(36.995,-51.175,17.51));
#10643=CARTESIAN_POINT('Origin',(37.495,-51.175,17.51));
#10644=CARTESIAN_POINT('',(36.995,-38.175,17.51));
#10645=CARTESIAN_POINT('',(36.995,-51.175,17.51));
#10646=CARTESIAN_POINT('',(37.495,-37.675,17.51));
#10647=CARTESIAN_POINT('Origin',(37.495,-38.175,17.51));
#10648=CARTESIAN_POINT('',(50.495,-37.675,17.51));
#10649=CARTESIAN_POINT('',(50.495,-37.675,17.51));
#10650=CARTESIAN_POINT('',(50.995,-38.175,17.51));
#10651=CARTESIAN_POINT('Origin',(50.495,-38.175,17.51));
#10652=CARTESIAN_POINT('',(50.995,-51.175,17.51));
#10653=CARTESIAN_POINT('',(56.545,-51.675,17.51));
#10654=CARTESIAN_POINT('',(56.045,-51.175,17.51));
#10655=CARTESIAN_POINT('Origin',(56.545,-51.175,17.51));
#10656=CARTESIAN_POINT('',(56.045,-38.175,17.51));
#10657=CARTESIAN_POINT('',(56.045,-51.175,17.51));
#10658=CARTESIAN_POINT('',(56.545,-37.675,17.51));
#10659=CARTESIAN_POINT('Origin',(56.545,-38.175,17.51));
#10660=CARTESIAN_POINT('',(69.545,-37.675,17.51));
#10661=CARTESIAN_POINT('',(69.545,-37.675,17.51));
#10662=CARTESIAN_POINT('',(70.045,-38.175,17.51));
#10663=CARTESIAN_POINT('Origin',(69.545,-38.175,17.51));
#10664=CARTESIAN_POINT('',(70.045,-51.175,17.51));
#10665=CARTESIAN_POINT('',(70.045,-51.175,17.51));
#10666=CARTESIAN_POINT('',(69.545,-51.675,17.51));
#10667=CARTESIAN_POINT('Origin',(69.545,-51.175,17.51));
#10668=CARTESIAN_POINT('',(69.545,-51.675,17.51));
#10669=CARTESIAN_POINT('',(96.25,5.2,17.51));
#10670=CARTESIAN_POINT('Origin',(97.7,5.2,17.51));
#10671=CARTESIAN_POINT('',(-6.64999999999999,-66.7,17.51));
#10672=CARTESIAN_POINT('Origin',(-5.2,-66.7,17.51));
#10673=CARTESIAN_POINT('',(34.3004133196712,-55.878277954936,17.51));
#10674=CARTESIAN_POINT('',(34.3004133196712,-55.878277954936,17.51));
#10675=CARTESIAN_POINT('',(34.3004133196712,-59.8782954134359,17.51));
#10676=CARTESIAN_POINT('',(96.25,-66.7,17.51));
#10677=CARTESIAN_POINT('Origin',(97.7,-66.7,17.51));
#10678=CARTESIAN_POINT('',(89.095,-32.125,17.51));
#10679=CARTESIAN_POINT('',(88.595,-32.625,17.51));
#10680=CARTESIAN_POINT('Origin',(88.595,-32.125,17.51));
#10681=CARTESIAN_POINT('',(75.595,-32.625,17.51));
#10682=CARTESIAN_POINT('',(88.595,-32.625,17.51));
#10683=CARTESIAN_POINT('',(75.095,-32.125,17.51));
#10684=CARTESIAN_POINT('Origin',(75.595,-32.125,17.51));
#10685=CARTESIAN_POINT('',(75.095,-19.125,17.51));
#10686=CARTESIAN_POINT('',(75.095,-32.125,17.51));
#10687=CARTESIAN_POINT('',(75.595,-18.625,17.51));
#10688=CARTESIAN_POINT('Origin',(75.595,-19.125,17.51));
#10689=CARTESIAN_POINT('',(88.595,-18.625,17.51));
#10690=CARTESIAN_POINT('',(88.595,-18.625,17.51));
#10691=CARTESIAN_POINT('',(89.095,-19.125,17.51));
#10692=CARTESIAN_POINT('Origin',(88.595,-19.125,17.51));
#10693=CARTESIAN_POINT('',(89.095,-32.125,17.51));
#10694=CARTESIAN_POINT('',(50.995,-32.125,17.51));
#10695=CARTESIAN_POINT('',(50.495,-32.625,17.51));
#10696=CARTESIAN_POINT('Origin',(50.495,-32.125,17.51));
#10697=CARTESIAN_POINT('',(37.495,-32.625,17.51));
#10698=CARTESIAN_POINT('',(50.495,-32.625,17.51));
#10699=CARTESIAN_POINT('',(36.995,-32.125,17.51));
#10700=CARTESIAN_POINT('Origin',(37.495,-32.125,17.51));
#10701=CARTESIAN_POINT('',(36.995,-19.125,17.51));
#10702=CARTESIAN_POINT('',(36.995,-32.125,17.51));
#10703=CARTESIAN_POINT('',(37.495,-18.625,17.51));
#10704=CARTESIAN_POINT('Origin',(37.495,-19.125,17.51));
#10705=CARTESIAN_POINT('',(50.495,-18.625,17.51));
#10706=CARTESIAN_POINT('',(50.495,-18.625,17.51));
#10707=CARTESIAN_POINT('',(50.995,-19.125,17.51));
#10708=CARTESIAN_POINT('Origin',(50.495,-19.125,17.51));
#10709=CARTESIAN_POINT('',(50.995,-32.125,17.51));
#10710=CARTESIAN_POINT('Origin',(-6.19999999999999,6.2,16.26));
#10711=CARTESIAN_POINT('',(-6.19999999999999,10.2,16.26));
#10712=CARTESIAN_POINT('Origin',(-6.19999999999999,8.95,16.26));
#10713=CARTESIAN_POINT('',(-10.2,6.2,16.26));
#10714=CARTESIAN_POINT('Origin',(-6.19999999999999,6.2,16.26));
#10715=CARTESIAN_POINT('Origin',(-8.95,6.2,16.26));
#10716=CARTESIAN_POINT('Origin',(-6.19999999999999,6.2,14.51));
#10717=CARTESIAN_POINT('',(-6.19999999999999,10.2,14.51));
#10718=CARTESIAN_POINT('',(-10.2,6.2,14.51));
#10719=CARTESIAN_POINT('Origin',(-6.19999999999999,6.2,14.51));
#10720=CARTESIAN_POINT('',(-10.2,6.2,14.51));
#10721=CARTESIAN_POINT('',(-6.19999999999999,10.2,14.51));
#10722=CARTESIAN_POINT('Origin',(98.7,6.19999999999999,16.26));
#10723=CARTESIAN_POINT('',(102.7,6.2,16.26));
#10724=CARTESIAN_POINT('Origin',(101.45,6.19999999999999,16.26));
#10725=CARTESIAN_POINT('',(98.7,10.2,16.26));
#10726=CARTESIAN_POINT('Origin',(98.7,6.2,16.26));
#10727=CARTESIAN_POINT('Origin',(98.7,8.95,16.26));
#10728=CARTESIAN_POINT('Origin',(98.7,6.2,14.51));
#10729=CARTESIAN_POINT('',(102.7,6.19999999999999,14.51));
#10730=CARTESIAN_POINT('',(98.7,10.2,14.51));
#10731=CARTESIAN_POINT('Origin',(98.7,6.2,14.51));
#10732=CARTESIAN_POINT('',(98.7,10.2,14.51));
#10733=CARTESIAN_POINT('',(102.7,6.2,14.51));
#10734=CARTESIAN_POINT('Origin',(74.475,8.95,16.26));
#10735=CARTESIAN_POINT('',(74.475,10.2,16.26));
#10736=CARTESIAN_POINT('Origin',(-6.2,-67.7,16.26));
#10737=CARTESIAN_POINT('',(-10.2,-67.7,16.26));
#10738=CARTESIAN_POINT('Origin',(-8.95,-67.7,16.26));
#10739=CARTESIAN_POINT('',(-6.2,-71.7,16.26));
#10740=CARTESIAN_POINT('Origin',(-6.2,-67.7,16.26));
#10741=CARTESIAN_POINT('Origin',(-6.2,-70.45,16.26));
#10742=CARTESIAN_POINT('Origin',(-6.2,-67.7,14.51));
#10743=CARTESIAN_POINT('',(-10.2,-67.7,14.51));
#10744=CARTESIAN_POINT('',(-6.2,-71.7,14.51));
#10745=CARTESIAN_POINT('Origin',(-6.2,-67.7,14.51));
#10746=CARTESIAN_POINT('',(-6.2,-71.7,14.51));
#10747=CARTESIAN_POINT('',(-10.2,-67.7,14.51));
#10748=CARTESIAN_POINT('Origin',(98.7,-67.7,16.26));
#10749=CARTESIAN_POINT('',(98.7,-71.7,16.26));
#10750=CARTESIAN_POINT('Origin',(98.7,-70.45,16.26));
#10751=CARTESIAN_POINT('',(102.7,-67.7,16.26));
#10752=CARTESIAN_POINT('Origin',(98.7,-67.7,16.26));
#10753=CARTESIAN_POINT('Origin',(101.45,-67.7,16.26));
#10754=CARTESIAN_POINT('Origin',(98.7,-67.7,14.51));
#10755=CARTESIAN_POINT('',(98.7,-71.7,14.51));
#10756=CARTESIAN_POINT('',(102.7,-67.7,14.51));
#10757=CARTESIAN_POINT('Origin',(98.7,-67.7,14.51));
#10758=CARTESIAN_POINT('',(102.7,-67.7,14.51));
#10759=CARTESIAN_POINT('',(98.7,-71.7,14.51));
#10760=CARTESIAN_POINT('Origin',(101.45,-51.225,16.26));
#10761=CARTESIAN_POINT('',(102.7,-51.225,16.26));
#10762=CARTESIAN_POINT('Origin',(18.025,-70.45,16.26));
#10763=CARTESIAN_POINT('',(18.025,-71.7,16.26));
#10764=CARTESIAN_POINT('Origin',(-8.95,-10.275,16.26));
#10765=CARTESIAN_POINT('',(-10.2,-10.275,16.26));
#10766=CARTESIAN_POINT('Origin',(102.7,10.2,14.51));
#10767=CARTESIAN_POINT('',(102.7,10.2,14.51));
#10768=CARTESIAN_POINT('Origin',(102.7,-71.7,14.51));
#10769=CARTESIAN_POINT('',(102.7,-71.7,14.51));
#10770=CARTESIAN_POINT('Origin',(46.25,-30.75,14.51));
#10771=CARTESIAN_POINT('',(-10.2,-71.7,14.51));
#10772=CARTESIAN_POINT('',(-10.2,10.2,14.51));
#10773=CARTESIAN_POINT('',(-6.64999999999999,5.2,14.51));
#10774=CARTESIAN_POINT('Origin',(-5.2,5.2,14.51));
#10775=CARTESIAN_POINT('',(89.095,-51.175,14.51));
#10776=CARTESIAN_POINT('',(88.595,-51.675,14.51));
#10777=CARTESIAN_POINT('Origin',(88.595,-51.175,14.51));
#10778=CARTESIAN_POINT('',(89.095,-38.175,14.51));
#10779=CARTESIAN_POINT('',(89.095,-51.175,14.51));
#10780=CARTESIAN_POINT('',(88.595,-37.675,14.51));
#10781=CARTESIAN_POINT('Origin',(88.595,-38.175,14.51));
#10782=CARTESIAN_POINT('',(75.595,-37.675,14.51));
#10783=CARTESIAN_POINT('',(88.595,-37.675,14.51));
#10784=CARTESIAN_POINT('',(75.095,-38.175,14.51));
#10785=CARTESIAN_POINT('Origin',(75.595,-38.175,14.51));
#10786=CARTESIAN_POINT('',(75.095,-51.175,14.51));
#10787=CARTESIAN_POINT('',(75.095,-51.175,14.51));
#10788=CARTESIAN_POINT('',(75.595,-51.675,14.51));
#10789=CARTESIAN_POINT('Origin',(75.595,-51.175,14.51));
#10790=CARTESIAN_POINT('',(88.595,-51.675,14.51));
#10791=CARTESIAN_POINT('',(56.545,-32.625,14.51));
#10792=CARTESIAN_POINT('',(56.045,-32.125,14.51));
#10793=CARTESIAN_POINT('Origin',(56.545,-32.125,14.51));
#10794=CARTESIAN_POINT('',(69.545,-32.625,14.51));
#10795=CARTESIAN_POINT('',(69.545,-32.625,14.51));
#10796=CARTESIAN_POINT('',(70.045,-32.125,14.51));
#10797=CARTESIAN_POINT('Origin',(69.545,-32.125,14.51));
#10798=CARTESIAN_POINT('',(70.045,-19.125,14.51));
#10799=CARTESIAN_POINT('',(70.045,-32.125,14.51));
#10800=CARTESIAN_POINT('',(69.545,-18.625,14.51));
#10801=CARTESIAN_POINT('Origin',(69.545,-19.125,14.51));
#10802=CARTESIAN_POINT('',(56.545,-18.625,14.51));
#10803=CARTESIAN_POINT('',(69.545,-18.625,14.51));
#10804=CARTESIAN_POINT('',(56.045,-19.125,14.51));
#10805=CARTESIAN_POINT('Origin',(56.545,-19.125,14.51));
#10806=CARTESIAN_POINT('',(56.045,-32.125,14.51));
#10807=CARTESIAN_POINT('',(64.3403296623351,-1.49432689868483,14.51));
#10808=CARTESIAN_POINT('',(64.3403296623351,-10.9943268986848,14.51));
#10809=CARTESIAN_POINT('',(64.3403296623351,-1.49432689868483,14.51));
#10810=CARTESIAN_POINT('',(77.0746461704525,-1.91612783918156,14.51));
#10811=CARTESIAN_POINT('',(77.2746461704525,-1.51612783918155,14.51));
#10812=CARTESIAN_POINT('Origin',(77.5746461704525,-1.91612783918155,14.51));
#10813=CARTESIAN_POINT('',(77.0746461704525,-13.0161278391816,14.51));
#10814=CARTESIAN_POINT('',(77.0746461704525,-1.91612783918156,14.51));
#10815=CARTESIAN_POINT('',(77.2746461704525,-13.4161278391816,14.51));
#10816=CARTESIAN_POINT('Origin',(77.5746461704525,-13.0161278391816,14.51));
#10817=CARTESIAN_POINT('',(88.9746461704525,-13.4161278391816,14.51));
#10818=CARTESIAN_POINT('',(77.2746461704525,-13.4161278391816,14.51));
#10819=CARTESIAN_POINT('',(89.1746461704525,-13.0161278391816,14.51));
#10820=CARTESIAN_POINT('Origin',(88.6746461704525,-13.0161278391816,14.51));
#10821=CARTESIAN_POINT('',(89.1746461704525,-1.91612783918155,14.51));
#10822=CARTESIAN_POINT('',(89.1746461704525,-13.0161278391816,14.51));
#10823=CARTESIAN_POINT('',(88.9746461704525,-1.51612783918155,14.51));
#10824=CARTESIAN_POINT('Origin',(88.6746461704525,-1.91612783918155,14.51));
#10825=CARTESIAN_POINT('',(88.9746461704525,-1.51612783918155,14.51));
#10826=CARTESIAN_POINT('',(50.995,-51.175,14.51));
#10827=CARTESIAN_POINT('',(50.495,-51.675,14.51));
#10828=CARTESIAN_POINT('Origin',(50.495,-51.175,14.51));
#10829=CARTESIAN_POINT('',(50.995,-38.175,14.51));
#10830=CARTESIAN_POINT('',(50.995,-51.175,14.51));
#10831=CARTESIAN_POINT('',(50.495,-37.675,14.51));
#10832=CARTESIAN_POINT('Origin',(50.495,-38.175,14.51));
#10833=CARTESIAN_POINT('',(37.495,-37.675,14.51));
#10834=CARTESIAN_POINT('',(50.495,-37.675,14.51));
#10835=CARTESIAN_POINT('',(36.995,-38.175,14.51));
#10836=CARTESIAN_POINT('Origin',(37.495,-38.175,14.51));
#10837=CARTESIAN_POINT('',(36.995,-51.175,14.51));
#10838=CARTESIAN_POINT('',(36.995,-51.175,14.51));
#10839=CARTESIAN_POINT('',(37.495,-51.675,14.51));
#10840=CARTESIAN_POINT('Origin',(37.495,-51.175,14.51));
#10841=CARTESIAN_POINT('',(50.495,-51.675,14.51));
#10842=CARTESIAN_POINT('',(56.545,-51.675,14.51));
#10843=CARTESIAN_POINT('',(56.045,-51.175,14.51));
#10844=CARTESIAN_POINT('Origin',(56.545,-51.175,14.51));
#10845=CARTESIAN_POINT('',(69.545,-51.675,14.51));
#10846=CARTESIAN_POINT('',(69.545,-51.675,14.51));
#10847=CARTESIAN_POINT('',(70.045,-51.175,14.51));
#10848=CARTESIAN_POINT('Origin',(69.545,-51.175,14.51));
#10849=CARTESIAN_POINT('',(70.045,-38.175,14.51));
#10850=CARTESIAN_POINT('',(70.045,-51.175,14.51));
#10851=CARTESIAN_POINT('',(69.545,-37.675,14.51));
#10852=CARTESIAN_POINT('Origin',(69.545,-38.175,14.51));
#10853=CARTESIAN_POINT('',(56.545,-37.675,14.51));
#10854=CARTESIAN_POINT('',(69.545,-37.675,14.51));
#10855=CARTESIAN_POINT('',(56.045,-38.175,14.51));
#10856=CARTESIAN_POINT('Origin',(56.545,-38.175,14.51));
#10857=CARTESIAN_POINT('',(56.045,-51.175,14.51));
#10858=CARTESIAN_POINT('',(96.25,5.2,14.51));
#10859=CARTESIAN_POINT('Origin',(97.7,5.2,14.51));
#10860=CARTESIAN_POINT('',(-6.64999999999999,-66.7,14.51));
#10861=CARTESIAN_POINT('Origin',(-5.2,-66.7,14.51));
#10862=CARTESIAN_POINT('',(96.25,-66.7,14.51));
#10863=CARTESIAN_POINT('Origin',(97.7,-66.7,14.51));
#10864=CARTESIAN_POINT('',(89.095,-32.125,14.51));
#10865=CARTESIAN_POINT('',(88.595,-32.625,14.51));
#10866=CARTESIAN_POINT('Origin',(88.595,-32.125,14.51));
#10867=CARTESIAN_POINT('',(89.095,-19.125,14.51));
#10868=CARTESIAN_POINT('',(89.095,-32.125,14.51));
#10869=CARTESIAN_POINT('',(88.595,-18.625,14.51));
#10870=CARTESIAN_POINT('Origin',(88.595,-19.125,14.51));
#10871=CARTESIAN_POINT('',(75.595,-18.625,14.51));
#10872=CARTESIAN_POINT('',(88.595,-18.625,14.51));
#10873=CARTESIAN_POINT('',(75.095,-19.125,14.51));
#10874=CARTESIAN_POINT('Origin',(75.595,-19.125,14.51));
#10875=CARTESIAN_POINT('',(75.095,-32.125,14.51));
#10876=CARTESIAN_POINT('',(75.095,-32.125,14.51));
#10877=CARTESIAN_POINT('',(75.595,-32.625,14.51));
#10878=CARTESIAN_POINT('Origin',(75.595,-32.125,14.51));
#10879=CARTESIAN_POINT('',(88.595,-32.625,14.51));
#10880=CARTESIAN_POINT('',(50.995,-32.125,14.51));
#10881=CARTESIAN_POINT('',(50.495,-32.625,14.51));
#10882=CARTESIAN_POINT('Origin',(50.495,-32.125,14.51));
#10883=CARTESIAN_POINT('',(50.995,-19.125,14.51));
#10884=CARTESIAN_POINT('',(50.995,-32.125,14.51));
#10885=CARTESIAN_POINT('',(50.495,-18.625,14.51));
#10886=CARTESIAN_POINT('Origin',(50.495,-19.125,14.51));
#10887=CARTESIAN_POINT('',(37.495,-18.625,14.51));
#10888=CARTESIAN_POINT('',(50.495,-18.625,14.51));
#10889=CARTESIAN_POINT('',(36.995,-19.125,14.51));
#10890=CARTESIAN_POINT('Origin',(37.495,-19.125,14.51));
#10891=CARTESIAN_POINT('',(36.995,-32.125,14.51));
#10892=CARTESIAN_POINT('',(36.995,-32.125,14.51));
#10893=CARTESIAN_POINT('',(37.495,-32.625,14.51));
#10894=CARTESIAN_POINT('Origin',(37.495,-32.125,14.51));
#10895=CARTESIAN_POINT('',(50.495,-32.625,14.51));
#10896=CARTESIAN_POINT('Origin',(50.995,-19.125,14.51));
#10897=CARTESIAN_POINT('',(50.995,-32.125,14.51));
#10898=CARTESIAN_POINT('',(50.995,-19.125,14.51));
#10899=CARTESIAN_POINT('Origin',(50.495,-19.125,14.51));
#10900=CARTESIAN_POINT('',(50.495,-18.625,14.51));
#10901=CARTESIAN_POINT('Origin',(37.495,-18.625,14.51));
#10902=CARTESIAN_POINT('',(37.495,-18.625,14.51));
#10903=CARTESIAN_POINT('Origin',(37.495,-19.125,14.51));
#10904=CARTESIAN_POINT('',(36.995,-19.125,14.51));
#10905=CARTESIAN_POINT('Origin',(36.995,-32.125,14.51));
#10906=CARTESIAN_POINT('',(36.995,-32.125,14.51));
#10907=CARTESIAN_POINT('Origin',(37.495,-32.125,14.51));
#10908=CARTESIAN_POINT('',(37.495,-32.625,14.51));
#10909=CARTESIAN_POINT('Origin',(50.495,-32.625,14.51));
#10910=CARTESIAN_POINT('',(50.495,-32.625,14.51));
#10911=CARTESIAN_POINT('Origin',(50.495,-32.125,14.51));
#10912=CARTESIAN_POINT('Origin',(89.095,-19.125,14.51));
#10913=CARTESIAN_POINT('',(89.095,-32.125,14.51));
#10914=CARTESIAN_POINT('',(89.095,-19.125,14.51));
#10915=CARTESIAN_POINT('Origin',(88.595,-19.125,14.51));
#10916=CARTESIAN_POINT('',(88.595,-18.625,14.51));
#10917=CARTESIAN_POINT('Origin',(75.595,-18.625,14.51));
#10918=CARTESIAN_POINT('',(75.595,-18.625,14.51));
#10919=CARTESIAN_POINT('Origin',(75.595,-19.125,14.51));
#10920=CARTESIAN_POINT('',(75.095,-19.125,14.51));
#10921=CARTESIAN_POINT('Origin',(75.095,-32.125,14.51));
#10922=CARTESIAN_POINT('',(75.095,-32.125,14.51));
#10923=CARTESIAN_POINT('Origin',(75.595,-32.125,14.51));
#10924=CARTESIAN_POINT('',(75.595,-32.625,14.51));
#10925=CARTESIAN_POINT('Origin',(88.595,-32.625,14.51));
#10926=CARTESIAN_POINT('',(88.595,-32.625,14.51));
#10927=CARTESIAN_POINT('Origin',(88.595,-32.125,14.51));
#10928=CARTESIAN_POINT('Origin',(97.7,-66.7,14.51));
#10929=CARTESIAN_POINT('',(96.25,-66.7,14.51));
#10930=CARTESIAN_POINT('Origin',(34.3004133196712,-59.8782954134359,14.51));
#10931=CARTESIAN_POINT('',(34.3004133196712,-55.878277954936,14.51));
#10932=CARTESIAN_POINT('Origin',(34.3004133196712,-55.878277954936,14.51));
#10933=CARTESIAN_POINT('Origin',(-5.2,-66.7,14.51));
#10934=CARTESIAN_POINT('',(-6.64999999999999,-66.7,14.51));
#10935=CARTESIAN_POINT('Origin',(97.7,5.2,14.51));
#10936=CARTESIAN_POINT('',(96.25,5.2,14.51));
#10937=CARTESIAN_POINT('Origin',(69.545,-51.675,14.51));
#10938=CARTESIAN_POINT('',(56.545,-51.675,14.51));
#10939=CARTESIAN_POINT('',(69.545,-51.675,14.51));
#10940=CARTESIAN_POINT('Origin',(69.545,-51.175,14.51));
#10941=CARTESIAN_POINT('',(70.045,-51.175,14.51));
#10942=CARTESIAN_POINT('Origin',(70.045,-38.175,14.51));
#10943=CARTESIAN_POINT('',(70.045,-38.175,14.51));
#10944=CARTESIAN_POINT('Origin',(69.545,-38.175,14.51));
#10945=CARTESIAN_POINT('',(69.545,-37.675,14.51));
#10946=CARTESIAN_POINT('Origin',(56.545,-37.675,14.51));
#10947=CARTESIAN_POINT('',(56.545,-37.675,14.51));
#10948=CARTESIAN_POINT('Origin',(56.545,-38.175,14.51));
#10949=CARTESIAN_POINT('',(56.045,-38.175,14.51));
#10950=CARTESIAN_POINT('Origin',(56.045,-51.175,14.51));
#10951=CARTESIAN_POINT('',(56.045,-51.175,14.51));
#10952=CARTESIAN_POINT('Origin',(56.545,-51.175,14.51));
#10953=CARTESIAN_POINT('Origin',(50.995,-38.175,14.51));
#10954=CARTESIAN_POINT('',(50.995,-51.175,14.51));
#10955=CARTESIAN_POINT('',(50.995,-38.175,14.51));
#10956=CARTESIAN_POINT('Origin',(50.495,-38.175,14.51));
#10957=CARTESIAN_POINT('',(50.495,-37.675,14.51));
#10958=CARTESIAN_POINT('Origin',(37.495,-37.675,14.51));
#10959=CARTESIAN_POINT('',(37.495,-37.675,14.51));
#10960=CARTESIAN_POINT('Origin',(37.495,-38.175,14.51));
#10961=CARTESIAN_POINT('',(36.995,-38.175,14.51));
#10962=CARTESIAN_POINT('Origin',(36.995,-51.175,14.51));
#10963=CARTESIAN_POINT('',(36.995,-51.175,14.51));
#10964=CARTESIAN_POINT('Origin',(37.495,-51.175,14.51));
#10965=CARTESIAN_POINT('',(37.495,-51.675,14.51));
#10966=CARTESIAN_POINT('Origin',(50.495,-51.675,14.51));
#10967=CARTESIAN_POINT('',(50.495,-51.675,14.51));
#10968=CARTESIAN_POINT('Origin',(50.495,-51.175,14.51));
#10969=CARTESIAN_POINT('Origin',(77.0746461704525,-13.0161278391816,14.51));
#10970=CARTESIAN_POINT('',(77.0746461704525,-1.91612783918156,14.51));
#10971=CARTESIAN_POINT('',(77.0746461704525,-13.0161278391816,14.51));
#10972=CARTESIAN_POINT('Origin',(77.5746461704525,-13.0161278391816,14.51));
#10973=CARTESIAN_POINT('',(77.2746461704525,-13.4161278391816,14.51));
#10974=CARTESIAN_POINT('Origin',(88.9746461704525,-13.4161278391816,14.51));
#10975=CARTESIAN_POINT('',(88.9746461704525,-13.4161278391816,14.51));
#10976=CARTESIAN_POINT('Origin',(88.6746461704525,-13.0161278391816,14.51));
#10977=CARTESIAN_POINT('',(89.1746461704525,-13.0161278391816,14.51));
#10978=CARTESIAN_POINT('Origin',(89.1746461704525,-1.91612783918155,14.51));
#10979=CARTESIAN_POINT('',(89.1746461704525,-1.91612783918155,14.51));
#10980=CARTESIAN_POINT('Origin',(88.6746461704525,-1.91612783918155,14.51));
#10981=CARTESIAN_POINT('',(88.9746461704525,-1.51612783918155,14.51));
#10982=CARTESIAN_POINT('Origin',(77.2746461704525,-1.51612783918155,14.51));
#10983=CARTESIAN_POINT('',(77.2746461704525,-1.51612783918155,14.51));
#10984=CARTESIAN_POINT('Origin',(77.5746461704525,-1.91612783918155,14.51));
#10985=CARTESIAN_POINT('Origin',(64.3403296623351,-1.49432689868483,14.51));
#10986=CARTESIAN_POINT('',(64.3403296623351,-1.49432689868483,14.51));
#10987=CARTESIAN_POINT('Origin',(38.1403296623351,-1.49432689868483,14.51));
#10988=CARTESIAN_POINT('Origin',(69.545,-32.625,14.51));
#10989=CARTESIAN_POINT('',(56.545,-32.625,14.51));
#10990=CARTESIAN_POINT('',(69.545,-32.625,14.51));
#10991=CARTESIAN_POINT('Origin',(69.545,-32.125,14.51));
#10992=CARTESIAN_POINT('',(70.045,-32.125,14.51));
#10993=CARTESIAN_POINT('Origin',(70.045,-19.125,14.51));
#10994=CARTESIAN_POINT('',(70.045,-19.125,14.51));
#10995=CARTESIAN_POINT('Origin',(69.545,-19.125,14.51));
#10996=CARTESIAN_POINT('',(69.545,-18.625,14.51));
#10997=CARTESIAN_POINT('Origin',(56.545,-18.625,14.51));
#10998=CARTESIAN_POINT('',(56.545,-18.625,14.51));
#10999=CARTESIAN_POINT('Origin',(56.545,-19.125,14.51));
#11000=CARTESIAN_POINT('',(56.045,-19.125,14.51));
#11001=CARTESIAN_POINT('Origin',(56.045,-32.125,14.51));
#11002=CARTESIAN_POINT('',(56.045,-32.125,14.51));
#11003=CARTESIAN_POINT('Origin',(56.545,-32.125,14.51));
#11004=CARTESIAN_POINT('Origin',(89.095,-38.175,14.51));
#11005=CARTESIAN_POINT('',(89.095,-51.175,14.51));
#11006=CARTESIAN_POINT('',(89.095,-38.175,14.51));
#11007=CARTESIAN_POINT('Origin',(88.595,-38.175,14.51));
#11008=CARTESIAN_POINT('',(88.595,-37.675,14.51));
#11009=CARTESIAN_POINT('Origin',(75.595,-37.675,14.51));
#11010=CARTESIAN_POINT('',(75.595,-37.675,14.51));
#11011=CARTESIAN_POINT('Origin',(75.595,-38.175,14.51));
#11012=CARTESIAN_POINT('',(75.095,-38.175,14.51));
#11013=CARTESIAN_POINT('Origin',(75.095,-51.175,14.51));
#11014=CARTESIAN_POINT('',(75.095,-51.175,14.51));
#11015=CARTESIAN_POINT('Origin',(75.595,-51.175,14.51));
#11016=CARTESIAN_POINT('',(75.595,-51.675,14.51));
#11017=CARTESIAN_POINT('Origin',(88.595,-51.675,14.51));
#11018=CARTESIAN_POINT('',(88.595,-51.675,14.51));
#11019=CARTESIAN_POINT('Origin',(88.595,-51.175,14.51));
#11020=CARTESIAN_POINT('Origin',(-5.2,5.2,14.51));
#11021=CARTESIAN_POINT('',(-6.64999999999999,5.2,14.51));
#11022=CARTESIAN_POINT('Origin',(-10.2,-71.7,14.51));
#11023=CARTESIAN_POINT('Origin',(-10.2,10.2,14.51));
#11024=CARTESIAN_POINT('Origin',(62.0003978770606,-57.8782866841859,15.51));
#11025=CARTESIAN_POINT('',(32.4504133196712,-61.7282954134359,15.51));
#11026=CARTESIAN_POINT('',(91.5503824344501,-61.7282954134359,15.51));
#11027=CARTESIAN_POINT('',(32.4504133196712,-61.7282954134359,15.51));
#11028=CARTESIAN_POINT('',(91.5503824344501,-54.028277954936,15.51));
#11029=CARTESIAN_POINT('',(91.5503824344501,-61.7282954134359,15.51));
#11030=CARTESIAN_POINT('',(32.4504133196712,-54.028277954936,15.51));
#11031=CARTESIAN_POINT('',(91.5503824344501,-54.028277954936,15.51));
#11032=CARTESIAN_POINT('',(32.4504133196712,-54.028277954936,15.51));
#11033=CARTESIAN_POINT('',(89.5503824344501,-59.7282954134359,15.51));
#11034=CARTESIAN_POINT('',(89.5503824344501,-56.028277954936,15.51));
#11035=CARTESIAN_POINT('',(89.5503824344501,-56.953282319561,15.51));
#11036=CARTESIAN_POINT('',(34.4504133196712,-59.7282954134359,15.51));
#11037=CARTESIAN_POINT('',(75.7753901557554,-59.7282954134359,15.51));
#11038=CARTESIAN_POINT('',(34.4504133196712,-56.028277954936,15.51));
#11039=CARTESIAN_POINT('',(34.4504133196712,-58.803291048811,15.51));
#11040=CARTESIAN_POINT('',(48.2254055983659,-56.028277954936,15.51));
#11041=CARTESIAN_POINT('Origin',(32.4504133196712,-54.028277954936,14.51));
#11042=CARTESIAN_POINT('',(32.4504133196712,-54.028277954936,14.51));
#11043=CARTESIAN_POINT('',(32.4504133196712,-61.7282954134359,14.51));
#11044=CARTESIAN_POINT('',(32.4504133196712,-54.028277954936,14.51));
#11045=CARTESIAN_POINT('',(32.4504133196712,-61.7282954134359,14.51));
#11046=CARTESIAN_POINT('',(32.4504133196712,-54.028277954936,14.51));
#11047=CARTESIAN_POINT('Origin',(91.5503824344501,-54.028277954936,14.51));
#11048=CARTESIAN_POINT('',(91.5503824344501,-54.028277954936,14.51));
#11049=CARTESIAN_POINT('',(91.5503824344501,-54.028277954936,14.51));
#11050=CARTESIAN_POINT('',(91.5503824344501,-54.028277954936,14.51));
#11051=CARTESIAN_POINT('Origin',(91.5503824344501,-61.7282954134359,14.51));
#11052=CARTESIAN_POINT('',(91.5503824344501,-61.7282954134359,14.51));
#11053=CARTESIAN_POINT('',(91.5503824344501,-61.7282954134359,14.51));
#11054=CARTESIAN_POINT('',(91.5503824344501,-61.7282954134359,14.51));
#11055=CARTESIAN_POINT('Origin',(32.4504133196712,-61.7282954134359,14.51));
#11056=CARTESIAN_POINT('',(32.4504133196712,-61.7282954134359,14.51));
#11057=CARTESIAN_POINT('Origin',(34.4504133196712,-59.7282954134359,17.51));
#11058=CARTESIAN_POINT('',(34.4504133196712,-59.7282954134359,17.51));
#11059=CARTESIAN_POINT('',(34.4504133196712,-59.7282954134359,17.51));
#11060=CARTESIAN_POINT('',(34.4504133196712,-56.028277954936,17.51));
#11061=CARTESIAN_POINT('',(34.4504133196712,-59.7282954134359,17.51));
#11062=CARTESIAN_POINT('',(34.4504133196712,-56.028277954936,17.51));
#11063=CARTESIAN_POINT('Origin',(89.5503824344501,-59.7282954134359,17.51));
#11064=CARTESIAN_POINT('',(89.5503824344501,-59.7282954134359,17.51));
#11065=CARTESIAN_POINT('',(89.5503824344501,-59.7282954134359,17.51));
#11066=CARTESIAN_POINT('',(89.5503824344501,-59.7282954134359,17.51));
#11067=CARTESIAN_POINT('Origin',(89.5503824344501,-56.028277954936,17.51));
#11068=CARTESIAN_POINT('',(89.5503824344501,-56.028277954936,17.51));
#11069=CARTESIAN_POINT('',(89.5503824344501,-56.028277954936,17.51));
#11070=CARTESIAN_POINT('',(89.5503824344501,-56.028277954936,17.51));
#11071=CARTESIAN_POINT('Origin',(34.4504133196712,-56.028277954936,17.51));
#11072=CARTESIAN_POINT('',(34.4504133196712,-56.028277954936,17.51));
#11073=CARTESIAN_POINT('Origin',(62.0003978770606,-57.8782866841859,17.51));
#11074=CARTESIAN_POINT('Origin',(62.0003978770606,-57.8782866841859,14.51));
#11075=CARTESIAN_POINT('',(0.,0.,4.51));
#11076=UNCERTAINTY_MEASURE_WITH_UNIT(LENGTH_MEASURE(0.01),#11082,
'DISTANCE_ACCURACY_VALUE',
'Maximum model space distance between geometric entities at asserted c
onnectivities');
#11077=UNCERTAINTY_MEASURE_WITH_UNIT(LENGTH_MEASURE(0.01),#11082,
'DISTANCE_ACCURACY_VALUE',
'Maximum model space distance between geometric entities at asserted c
onnectivities');
#11078=UNCERTAINTY_MEASURE_WITH_UNIT(LENGTH_MEASURE(0.01),#11082,
'DISTANCE_ACCURACY_VALUE',
'Maximum model space distance between geometric entities at asserted c
onnectivities');
#11079=(
GEOMETRIC_REPRESENTATION_CONTEXT(3)
GLOBAL_UNCERTAINTY_ASSIGNED_CONTEXT((#11076))
GLOBAL_UNIT_ASSIGNED_CONTEXT((#11082,#11084,#11085))
REPRESENTATION_CONTEXT('','3D')
);
#11080=(
GEOMETRIC_REPRESENTATION_CONTEXT(3)
GLOBAL_UNCERTAINTY_ASSIGNED_CONTEXT((#11077))
GLOBAL_UNIT_ASSIGNED_CONTEXT((#11082,#11084,#11085))
REPRESENTATION_CONTEXT('','3D')
);
#11081=(
GEOMETRIC_REPRESENTATION_CONTEXT(3)
GLOBAL_UNCERTAINTY_ASSIGNED_CONTEXT((#11078))
GLOBAL_UNIT_ASSIGNED_CONTEXT((#11082,#11084,#11085))
REPRESENTATION_CONTEXT('','3D')
);
#11082=(
LENGTH_UNIT()
NAMED_UNIT(*)
SI_UNIT(.MILLI.,.METRE.)
);
#11083=(
LENGTH_UNIT()
NAMED_UNIT(*)
SI_UNIT($,.METRE.)
);
#11084=(
NAMED_UNIT(*)
PLANE_ANGLE_UNIT()
SI_UNIT($,.RADIAN.)
);
#11085=(
NAMED_UNIT(*)
SI_UNIT($,.STERADIAN.)
SOLID_ANGLE_UNIT()
);
#11086=SHAPE_DEFINITION_REPRESENTATION(#11088,#11091);
#11087=SHAPE_DEFINITION_REPRESENTATION(#11089,#11092);
#11088=PRODUCT_DEFINITION_SHAPE('',$,#11094);
#11089=PRODUCT_DEFINITION_SHAPE('',$,#11095);
#11090=PRODUCT_DEFINITION_SHAPE($,$,#14);
#11091=SHAPE_REPRESENTATION('',(#6508,#7241),#11079);
#11092=SHAPE_REPRESENTATION('',(#6509),#11080);
#11093=PRODUCT_DEFINITION_CONTEXT('part definition',#11101,'design');
#11094=PRODUCT_DEFINITION('My-Hackpad 1','My-Hackpad',#11096,#11093);
#11095=PRODUCT_DEFINITION('My-D336_PCB','My-D336_PCB',#11097,#11093);
#11096=PRODUCT_DEFINITION_FORMATION('',$,#11103);
#11097=PRODUCT_DEFINITION_FORMATION('',$,#11104);
#11098=PRODUCT_RELATED_PRODUCT_CATEGORY('My-Hackpad','My-Hackpad',(#11103));
#11099=PRODUCT_RELATED_PRODUCT_CATEGORY('My-D336_PCB','My-D336_PCB',(#11104));
#11100=APPLICATION_PROTOCOL_DEFINITION('international standard',
'automotive_design',2009,#11101);
#11101=APPLICATION_CONTEXT(
'Core Data for Automotive Mechanical Design Process');
#11102=PRODUCT_CONTEXT('part definition',#11101,'mechanical');
#11103=PRODUCT('My-Hackpad 1','My-Hackpad','KiCad electronic assembly',
(#11102));
#11104=PRODUCT('My-D336_PCB','My-D336_PCB',$,(#11102));
#11105=PRESENTATION_STYLE_ASSIGNMENT((#11109));
#11106=PRESENTATION_STYLE_ASSIGNMENT((#11110));
#11107=PRESENTATION_STYLE_ASSIGNMENT((#11111));
#11108=PRESENTATION_STYLE_ASSIGNMENT((#11112));
#11109=SURFACE_STYLE_USAGE(.BOTH.,#11113);
#11110=SURFACE_STYLE_USAGE(.BOTH.,#11114);
#11111=SURFACE_STYLE_USAGE(.BOTH.,#11115);
#11112=SURFACE_STYLE_USAGE(.BOTH.,#11116);
#11113=SURFACE_SIDE_STYLE('',(#11117));
#11114=SURFACE_SIDE_STYLE('',(#11118));
#11115=SURFACE_SIDE_STYLE('',(#11119));
#11116=SURFACE_SIDE_STYLE('',(#11120));
#11117=SURFACE_STYLE_FILL_AREA(#11121);
#11118=SURFACE_STYLE_FILL_AREA(#11122);
#11119=SURFACE_STYLE_FILL_AREA(#11123);
#11120=SURFACE_STYLE_FILL_AREA(#11124);
#11121=FILL_AREA_STYLE('Steel - Satin',(#11125));
#11122=FILL_AREA_STYLE('ABS (White)',(#11126));
#11123=FILL_AREA_STYLE('Acrylic (Clear)',(#11127));
#11124=FILL_AREA_STYLE('Opaque(80,124,105)',(#11128));
#11125=FILL_AREA_STYLE_COLOUR('Steel - Satin',#11129);
#11126=FILL_AREA_STYLE_COLOUR('ABS (White)',#11130);
#11127=FILL_AREA_STYLE_COLOUR('Acrylic (Clear)',#11131);
#11128=FILL_AREA_STYLE_COLOUR('Opaque(80,124,105)',#11132);
#11129=COLOUR_RGB('Steel - Satin',0.627450980392157,0.627450980392157,0.627450980392157);
#11130=COLOUR_RGB('ABS (White)',0.,0.12156862745098,0.556862745098039);
#11131=COLOUR_RGB('Acrylic (Clear)',1.,1.,0.937254901960784);
#11132=COLOUR_RGB('Opaque(80,124,105)',0.313725490196078,0.486274509803922,
0.411764705882353);
ENDSEC;
END-ISO-10303-21;
